/* AUTO-GENERATED - embedded original payloads from github.com/Polaris-Void
 * All bytes preserved exactly (binary-safe, incl. UTF-16 .reg and .ico). */
#ifndef POLARIS_RESOURCES_H
#define POLARIS_RESOURCES_H

static const unsigned char PAYLOAD_NCSI_RESTART[] = {
    0x40,0x65,0x63,0x68,0x6F,0x20,0x6F,0x66,0x66,0x0D,0x0A,0x69,
    0x66,0x20,0x22,0x25,0x7E,0x31,0x22,0x3D,0x3D,0x22,0x61,0x64,
    0x6D,0x69,0x6E,0x22,0x20,0x67,0x6F,0x74,0x6F,0x20,0x3A,0x72,
    0x75,0x6E,0x0D,0x0A,0x70,0x6F,0x77,0x65,0x72,0x73,0x68,0x65,
    0x6C,0x6C,0x20,0x2D,0x43,0x6F,0x6D,0x6D,0x61,0x6E,0x64,0x20,
    0x22,0x53,0x74,0x61,0x72,0x74,0x2D,0x50,0x72,0x6F,0x63,0x65,
    0x73,0x73,0x20,0x27,0x25,0x7E,0x66,0x30,0x27,0x20,0x27,0x61,
    0x64,0x6D,0x69,0x6E,0x27,0x20,0x2D,0x56,0x65,0x72,0x62,0x20,
    0x52,0x75,0x6E,0x41,0x73,0x22,0x20,0x26,0x20,0x65,0x78,0x69,
    0x74,0x20,0x2F,0x62,0x0D,0x0A,0x0D,0x0A,0x3A,0x72,0x75,0x6E,
    0x0D,0x0A,0x6E,0x65,0x74,0x20,0x73,0x74,0x6F,0x70,0x20,0x4E,
    0x6C,0x61,0x53,0x76,0x63,0x20,0x2F,0x79,0x0D,0x0A,0x6E,0x65,
    0x74,0x20,0x73,0x74,0x61,0x72,0x74,0x20,0x4E,0x6C,0x61,0x53,
    0x76,0x63,0x0D,0x0A,0x74,0x69,0x6D,0x65,0x6F,0x75,0x74,0x20,
    0x2F,0x74,0x20,0x35,0x20,0x3E,0x6E,0x75,0x6C,0x0D,0x0A,0x65,
    0x78,0x69,0x74
};
static const unsigned int PAYLOAD_NCSI_RESTART_LEN = 183u;

static const unsigned char PAYLOAD_NCSI_DISABLE[] = {
    0x57,0x69,0x6E,0x64,0x6F,0x77,0x73,0x20,0x52,0x65,0x67,0x69,
    0x73,0x74,0x72,0x79,0x20,0x45,0x64,0x69,0x74,0x6F,0x72,0x20,
    0x56,0x65,0x72,0x73,0x69,0x6F,0x6E,0x20,0x35,0x2E,0x30,0x30,
    0x0D,0x0A,0x0D,0x0A,0x5B,0x48,0x4B,0x45,0x59,0x5F,0x4C,0x4F,
    0x43,0x41,0x4C,0x5F,0x4D,0x41,0x43,0x48,0x49,0x4E,0x45,0x5C,
    0x53,0x59,0x53,0x54,0x45,0x4D,0x5C,0x43,0x75,0x72,0x72,0x65,
    0x6E,0x74,0x43,0x6F,0x6E,0x74,0x72,0x6F,0x6C,0x53,0x65,0x74,
    0x5C,0x53,0x65,0x72,0x76,0x69,0x63,0x65,0x73,0x5C,0x4E,0x6C,
    0x61,0x53,0x76,0x63,0x5C,0x50,0x61,0x72,0x61,0x6D,0x65,0x74,
    0x65,0x72,0x73,0x5C,0x49,0x6E,0x74,0x65,0x72,0x6E,0x65,0x74,
    0x5D,0x0D,0x0A,0x22,0x45,0x6E,0x61,0x62,0x6C,0x65,0x41,0x63,
    0x74,0x69,0x76,0x65,0x50,0x72,0x6F,0x62,0x69,0x6E,0x67,0x22,
    0x3D,0x64,0x77,0x6F,0x72,0x64,0x3A,0x30,0x30,0x30,0x30,0x30,
    0x30,0x30,0x30
};
static const unsigned int PAYLOAD_NCSI_DISABLE_LEN = 159u;

static const unsigned char PAYLOAD_NCSI_ENABLE[] = {
    0x57,0x69,0x6E,0x64,0x6F,0x77,0x73,0x20,0x52,0x65,0x67,0x69,
    0x73,0x74,0x72,0x79,0x20,0x45,0x64,0x69,0x74,0x6F,0x72,0x20,
    0x56,0x65,0x72,0x73,0x69,0x6F,0x6E,0x20,0x35,0x2E,0x30,0x30,
    0x0D,0x0A,0x0D,0x0A,0x5B,0x48,0x4B,0x45,0x59,0x5F,0x4C,0x4F,
    0x43,0x41,0x4C,0x5F,0x4D,0x41,0x43,0x48,0x49,0x4E,0x45,0x5C,
    0x53,0x59,0x53,0x54,0x45,0x4D,0x5C,0x43,0x75,0x72,0x72,0x65,
    0x6E,0x74,0x43,0x6F,0x6E,0x74,0x72,0x6F,0x6C,0x53,0x65,0x74,
    0x5C,0x53,0x65,0x72,0x76,0x69,0x63,0x65,0x73,0x5C,0x4E,0x6C,
    0x61,0x53,0x76,0x63,0x5C,0x50,0x61,0x72,0x61,0x6D,0x65,0x74,
    0x65,0x72,0x73,0x5C,0x49,0x6E,0x74,0x65,0x72,0x6E,0x65,0x74,
    0x5D,0x0D,0x0A,0x22,0x45,0x6E,0x61,0x62,0x6C,0x65,0x41,0x63,
    0x74,0x69,0x76,0x65,0x50,0x72,0x6F,0x62,0x69,0x6E,0x67,0x22,
    0x3D,0x64,0x77,0x6F,0x72,0x64,0x3A,0x30,0x30,0x30,0x30,0x30,
    0x30,0x30,0x31
};
static const unsigned int PAYLOAD_NCSI_ENABLE_LEN = 159u;

static const unsigned char PAYLOAD_USERBACKUP[] = {
    0x40,0x65,0x63,0x68,0x6F,0x20,0x6F,0x66,0x66,0x0D,0x0A,0x73,
    0x65,0x74,0x6C,0x6F,0x63,0x61,0x6C,0x20,0x45,0x6E,0x61,0x62,
    0x6C,0x65,0x45,0x78,0x74,0x65,0x6E,0x73,0x69,0x6F,0x6E,0x73,
    0x20,0x44,0x69,0x73,0x61,0x62,0x6C,0x65,0x44,0x65,0x6C,0x61,
    0x79,0x65,0x64,0x45,0x78,0x70,0x61,0x6E,0x73,0x69,0x6F,0x6E,
    0x0D,0x0A,0x63,0x64,0x20,0x2F,0x64,0x20,0x22,0x25,0x7E,0x64,
    0x70,0x30,0x22,0x0D,0x0A,0x0D,0x0A,0x3A,0x3A,0x20,0x3D,0x3D,
    0x3D,0x3D,0x3D,0x3D,0x3D,0x3D,0x3D,0x3D,0x3D,0x3D,0x3D,0x3D,
    0x3D,0x3D,0x3D,0x3D,0x3D,0x3D,0x3D,0x3D,0x3D,0x3D,0x3D,0x3D,
    0x3D,0x3D,0x3D,0x3D,0x3D,0x3D,0x3D,0x3D,0x3D,0x3D,0x3D,0x3D,
    0x3D,0x3D,0x3D,0x3D,0x3D,0x3D,0x3D,0x3D,0x3D,0x3D,0x3D,0x3D,
    0x3D,0x3D,0x3D,0x3D,0x3D,0x3D,0x3D,0x3D,0x3D,0x3D,0x3D,0x3D,
    0x3D,0x3D,0x3D,0x3D,0x3D,0x3D,0x3D,0x3D,0x3D,0x3D,0x3D,0x3D,
    0x3D,0x3D,0x0D,0x0A,0x3A,0x3A,0x20,0x42,0x61,0x63,0x6B,0x75,
    0x70,0x2E,0x62,0x61,0x74,0x0D,0x0A,0x3A,0x3A,0x20,0x43,0x6F,
    0x70,0x69,0x65,0x73,0x20,0x74,0x68,0x65,0x20,0x63,0x75,0x72,
    0x72,0x65,0x6E,0x74,0x20,0x75,0x73,0x65,0x72,0x27,0x73,0x20,
    0x73,0x74,0x61,0x6E,0x64,0x61,0x72,0x64,0x20,0x66,0x6F,0x6C,
    0x64,0x65,0x72,0x73,0x20,0x74,0x6F,0x20,0x22,0x43,0x3A,0x5C,
    0x55,0x73,0x65,0x72,0x20,0x42,0x61,0x63,0x6B,0x75,0x70,0x22,
    0x2E,0x0D,0x0A,0x3A,0x3A,0x20,0x3D,0x3D,0x3D,0x3D,0x3D,0x3D,
    0x3D,0x3D,0x3D,0x3D,0x3D,0x3D,0x3D,0x3D,0x3D,0x3D,0x3D,0x3D,
    0x3D,0x3D,0x3D,0x3D,0x3D,0x3D,0x3D,0x3D,0x3D,0x3D,0x3D,0x3D,
    0x3D,0x3D,0x3D,0x3D,0x3D,0x3D,0x3D,0x3D,0x3D,0x3D,0x3D,0x3D,
    0x3D,0x3D,0x3D,0x3D,0x3D,0x3D,0x3D,0x3D,0x3D,0x3D,0x3D,0x3D,
    0x3D,0x3D,0x3D,0x3D,0x3D,0x3D,0x3D,0x3D,0x3D,0x3D,0x3D,0x3D,
    0x3D,0x3D,0x3D,0x3D,0x3D,0x3D,0x3D,0x3D,0x3D,0x3D,0x0D,0x0A,
    0x0D,0x0A,0x3A,0x3A,0x20,0x2D,0x2D,0x2D,0x2D,0x20,0x41,0x75,
    0x74,0x6F,0x2D,0x65,0x6C,0x65,0x76,0x61,0x74,0x65,0x20,0x76,
    0x69,0x61,0x20,0x50,0x6F,0x77,0x65,0x72,0x53,0x68,0x65,0x6C,
    0x6C,0x20,0x52,0x75,0x6E,0x41,0x73,0x20,0x2D,0x2D,0x2D,0x2D,
    0x2D,0x2D,0x2D,0x2D,0x2D,0x2D,0x2D,0x2D,0x2D,0x2D,0x2D,0x2D,
    0x2D,0x2D,0x2D,0x2D,0x2D,0x2D,0x2D,0x2D,0x2D,0x2D,0x2D,0x2D,
    0x2D,0x2D,0x2D,0x2D,0x2D,0x2D,0x2D,0x2D,0x0D,0x0A,0x3A,0x3A,
    0x20,0x54,0x68,0x65,0x20,0x2F,0x65,0x6C,0x65,0x76,0x61,0x74,
    0x65,0x64,0x20,0x66,0x6C,0x61,0x67,0x20,0x73,0x74,0x6F,0x70,
    0x73,0x20,0x61,0x6E,0x20,0x65,0x6E,0x64,0x6C,0x65,0x73,0x73,
    0x20,0x72,0x65,0x6C,0x61,0x75,0x6E,0x63,0x68,0x20,0x6C,0x6F,
    0x6F,0x70,0x20,0x69,0x66,0x20,0x65,0x6C,0x65,0x76,0x61,0x74,
    0x69,0x6F,0x6E,0x20,0x66,0x61,0x69,0x6C,0x73,0x2E,0x0D,0x0A,
    0x66,0x6C,0x74,0x6D,0x63,0x20,0x3E,0x6E,0x75,0x6C,0x20,0x32,
    0x3E,0x26,0x31,0x0D,0x0A,0x69,0x66,0x20,0x65,0x72,0x72,0x6F,
    0x72,0x6C,0x65,0x76,0x65,0x6C,0x20,0x31,0x20,0x28,0x0D,0x0A,
    0x20,0x20,0x20,0x20,0x69,0x66,0x20,0x2F,0x69,0x20,0x22,0x25,
    0x7E,0x31,0x22,0x3D,0x3D,0x22,0x2F,0x65,0x6C,0x65,0x76,0x61,
    0x74,0x65,0x64,0x22,0x20,0x28,0x0D,0x0A,0x20,0x20,0x20,0x20,
    0x20,0x20,0x20,0x20,0x65,0x63,0x68,0x6F,0x20,0x41,0x64,0x6D,
    0x69,0x6E,0x69,0x73,0x74,0x72,0x61,0x74,0x6F,0x72,0x20,0x70,
    0x72,0x69,0x76,0x69,0x6C,0x65,0x67,0x65,0x73,0x20,0x61,0x72,
    0x65,0x20,0x72,0x65,0x71,0x75,0x69,0x72,0x65,0x64,0x20,0x62,
    0x75,0x74,0x20,0x63,0x6F,0x75,0x6C,0x64,0x20,0x6E,0x6F,0x74,
    0x20,0x62,0x65,0x20,0x6F,0x62,0x74,0x61,0x69,0x6E,0x65,0x64,
    0x2E,0x0D,0x0A,0x20,0x20,0x20,0x20,0x20,0x20,0x20,0x20,0x70,
    0x61,0x75,0x73,0x65,0x0D,0x0A,0x20,0x20,0x20,0x20,0x20,0x20,
    0x20,0x20,0x65,0x78,0x69,0x74,0x20,0x2F,0x62,0x20,0x31,0x0D,
    0x0A,0x20,0x20,0x20,0x20,0x29,0x0D,0x0A,0x20,0x20,0x20,0x20,
    0x73,0x65,0x74,0x20,0x22,0x53,0x65,0x6C,0x66,0x50,0x61,0x74,
    0x68,0x3D,0x25,0x7E,0x66,0x30,0x22,0x0D,0x0A,0x20,0x20,0x20,
    0x20,0x70,0x6F,0x77,0x65,0x72,0x73,0x68,0x65,0x6C,0x6C,0x20,
    0x2D,0x4E,0x6F,0x50,0x72,0x6F,0x66,0x69,0x6C,0x65,0x20,0x2D,
    0x43,0x6F,0x6D,0x6D,0x61,0x6E,0x64,0x20,0x22,0x74,0x72,0x79,
    0x20,0x7B,0x20,0x53,0x74,0x61,0x72,0x74,0x2D,0x50,0x72,0x6F,
    0x63,0x65,0x73,0x73,0x20,0x2D,0x46,0x69,0x6C,0x65,0x50,0x61,
    0x74,0x68,0x20,0x24,0x65,0x6E,0x76,0x3A,0x53,0x65,0x6C,0x66,
    0x50,0x61,0x74,0x68,0x20,0x2D,0x41,0x72,0x67,0x75,0x6D,0x65,
    0x6E,0x74,0x4C,0x69,0x73,0x74,0x20,0x27,0x2F,0x65,0x6C,0x65,
    0x76,0x61,0x74,0x65,0x64,0x27,0x20,0x2D,0x56,0x65,0x72,0x62,
    0x20,0x52,0x75,0x6E,0x41,0x73,0x20,0x2D,0x45,0x72,0x72,0x6F,
    0x72,0x41,0x63,0x74,0x69,0x6F,0x6E,0x20,0x53,0x74,0x6F,0x70,
    0x20,0x7D,0x20,0x63,0x61,0x74,0x63,0x68,0x20,0x7B,0x20,0x7D,
    0x22,0x0D,0x0A,0x20,0x20,0x20,0x20,0x65,0x78,0x69,0x74,0x20,
    0x2F,0x62,0x0D,0x0A,0x29,0x0D,0x0A,0x0D,0x0A,0x73,0x65,0x74,
    0x6C,0x6F,0x63,0x61,0x6C,0x20,0x45,0x6E,0x61,0x62,0x6C,0x65,
    0x44,0x65,0x6C,0x61,0x79,0x65,0x64,0x45,0x78,0x70,0x61,0x6E,
    0x73,0x69,0x6F,0x6E,0x0D,0x0A,0x63,0x6F,0x6C,0x6F,0x72,0x20,
    0x30,0x42,0x0D,0x0A,0x74,0x69,0x74,0x6C,0x65,0x20,0x55,0x73,
    0x65,0x72,0x20,0x50,0x72,0x6F,0x66,0x69,0x6C,0x65,0x20,0x42,
    0x61,0x63,0x6B,0x75,0x70,0x0D,0x0A,0x0D,0x0A,0x73,0x65,0x74,
    0x20,0x22,0x42,0x61,0x63,0x6B,0x75,0x70,0x52,0x6F,0x6F,0x74,
    0x3D,0x43,0x3A,0x5C,0x55,0x73,0x65,0x72,0x20,0x42,0x61,0x63,
    0x6B,0x75,0x70,0x22,0x0D,0x0A,0x73,0x65,0x74,0x20,0x22,0x45,
    0x72,0x72,0x6F,0x72,0x73,0x3D,0x30,0x22,0x0D,0x0A,0x0D,0x0A,
    0x63,0x6C,0x73,0x0D,0x0A,0x65,0x63,0x68,0x6F,0x20,0x2B,0x3D,
    0x3D,0x3D,0x3D,0x3D,0x3D,0x3D,0x3D,0x3D,0x3D,0x3D,0x3D,0x3D,
    0x3D,0x3D,0x3D,0x3D,0x3D,0x3D,0x3D,0x3D,0x3D,0x3D,0x3D,0x3D,
    0x3D,0x3D,0x3D,0x3D,0x3D,0x3D,0x3D,0x3D,0x3D,0x3D,0x3D,0x3D,
    0x3D,0x3D,0x3D,0x3D,0x3D,0x3D,0x3D,0x3D,0x3D,0x3D,0x3D,0x3D,
    0x3D,0x3D,0x3D,0x3D,0x3D,0x3D,0x3D,0x3D,0x3D,0x3D,0x3D,0x2B,
    0x0D,0x0A,0x65,0x63,0x68,0x6F,0x20,0x5E,0x7C,0x20,0x20,0x20,
    0x20,0x20,0x20,0x20,0x20,0x20,0x20,0x20,0x20,0x20,0x20,0x20,
    0x20,0x20,0x20,0x20,0x20,0x55,0x53,0x45,0x52,0x20,0x50,0x52,
    0x4F,0x46,0x49,0x4C,0x45,0x20,0x42,0x41,0x43,0x4B,0x55,0x50,
    0x20,0x20,0x20,0x20,0x20,0x20,0x20,0x20,0x20,0x20,0x20,0x20,
    0x20,0x20,0x20,0x20,0x20,0x20,0x20,0x20,0x20,0x5E,0x7C,0x0D,
    0x0A,0x65,0x63,0x68,0x6F,0x20,0x2B,0x3D,0x3D,0x3D,0x3D,0x3D,
    0x3D,0x3D,0x3D,0x3D,0x3D,0x3D,0x3D,0x3D,0x3D,0x3D,0x3D,0x3D,
    0x3D,0x3D,0x3D,0x3D,0x3D,0x3D,0x3D,0x3D,0x3D,0x3D,0x3D,0x3D,
    0x3D,0x3D,0x3D,0x3D,0x3D,0x3D,0x3D,0x3D,0x3D,0x3D,0x3D,0x3D,
    0x3D,0x3D,0x3D,0x3D,0x3D,0x3D,0x3D,0x3D,0x3D,0x3D,0x3D,0x3D,
    0x3D,0x3D,0x3D,0x3D,0x3D,0x3D,0x3D,0x2B,0x0D,0x0A,0x65,0x63,
    0x68,0x6F,0x2E,0x0D,0x0A,0x65,0x63,0x68,0x6F,0x20,0x54,0x61,
    0x72,0x67,0x65,0x74,0x20,0x50,0x61,0x74,0x68,0x20,0x20,0x3A,
    0x20,0x21,0x42,0x61,0x63,0x6B,0x75,0x70,0x52,0x6F,0x6F,0x74,
    0x21,0x0D,0x0A,0x65,0x63,0x68,0x6F,0x20,0x55,0x73,0x65,0x72,
    0x20,0x50,0x72,0x6F,0x66,0x69,0x6C,0x65,0x20,0x3A,0x20,0x21,
    0x55,0x53,0x45,0x52,0x50,0x52,0x4F,0x46,0x49,0x4C,0x45,0x21,
    0x0D,0x0A,0x65,0x63,0x68,0x6F,0x2E,0x0D,0x0A,0x0D,0x0A,0x3A,
    0x3A,0x20,0x2D,0x2D,0x2D,0x2D,0x20,0x5A,0x65,0x72,0x6F,0x20,
    0x6C,0x6F,0x67,0x20,0x66,0x69,0x6C,0x65,0x73,0x3A,0x20,0x70,
    0x75,0x72,0x67,0x65,0x20,0x73,0x74,0x72,0x61,0x79,0x20,0x6C,
    0x6F,0x67,0x73,0x2C,0x20,0x6D,0x61,0x6B,0x65,0x20,0x73,0x75,
    0x72,0x65,0x20,0x74,0x68,0x65,0x20,0x74,0x61,0x72,0x67,0x65,
    0x74,0x20,0x65,0x78,0x69,0x73,0x74,0x73,0x20,0x2D,0x2D,0x2D,
    0x2D,0x2D,0x2D,0x2D,0x2D,0x0D,0x0A,0x69,0x66,0x20,0x65,0x78,
    0x69,0x73,0x74,0x20,0x22,0x21,0x42,0x61,0x63,0x6B,0x75,0x70,
    0x52,0x6F,0x6F,0x74,0x21,0x5C,0x2A,0x2E,0x6C,0x6F,0x67,0x22,
    0x20,0x64,0x65,0x6C,0x20,0x2F,0x66,0x20,0x2F,0x71,0x20,0x22,
    0x21,0x42,0x61,0x63,0x6B,0x75,0x70,0x52,0x6F,0x6F,0x74,0x21,
    0x5C,0x2A,0x2E,0x6C,0x6F,0x67,0x22,0x20,0x3E,0x6E,0x75,0x6C,
    0x20,0x32,0x3E,0x26,0x31,0x0D,0x0A,0x69,0x66,0x20,0x6E,0x6F,
    0x74,0x20,0x65,0x78,0x69,0x73,0x74,0x20,0x22,0x21,0x42,0x61,
    0x63,0x6B,0x75,0x70,0x52,0x6F,0x6F,0x74,0x21,0x5C,0x22,0x20,
    0x6D,0x6B,0x64,0x69,0x72,0x20,0x22,0x21,0x42,0x61,0x63,0x6B,
    0x75,0x70,0x52,0x6F,0x6F,0x74,0x21,0x22,0x20,0x3E,0x6E,0x75,
    0x6C,0x20,0x32,0x3E,0x26,0x31,0x0D,0x0A,0x69,0x66,0x20,0x6E,
    0x6F,0x74,0x20,0x65,0x78,0x69,0x73,0x74,0x20,0x22,0x21,0x42,
    0x61,0x63,0x6B,0x75,0x70,0x52,0x6F,0x6F,0x74,0x21,0x5C,0x22,
    0x20,0x28,0x0D,0x0A,0x20,0x20,0x20,0x20,0x65,0x63,0x68,0x6F,
    0x20,0x45,0x52,0x52,0x4F,0x52,0x3A,0x20,0x43,0x61,0x6E,0x6E,
    0x6F,0x74,0x20,0x63,0x72,0x65,0x61,0x74,0x65,0x20,0x74,0x68,
    0x65,0x20,0x74,0x61,0x72,0x67,0x65,0x74,0x20,0x66,0x6F,0x6C,
    0x64,0x65,0x72,0x2E,0x0D,0x0A,0x20,0x20,0x20,0x20,0x65,0x63,
    0x68,0x6F,0x2E,0x0D,0x0A,0x20,0x20,0x20,0x20,0x63,0x61,0x6C,
    0x6C,0x20,0x3A,0x43,0x6F,0x75,0x6E,0x74,0x64,0x6F,0x77,0x6E,
    0x0D,0x0A,0x20,0x20,0x20,0x20,0x65,0x78,0x69,0x74,0x20,0x2F,
    0x62,0x20,0x31,0x0D,0x0A,0x29,0x0D,0x0A,0x0D,0x0A,0x3A,0x3A,
    0x20,0x2D,0x2D,0x2D,0x2D,0x20,0x46,0x6F,0x6C,0x64,0x65,0x72,
    0x73,0x3A,0x20,0x64,0x69,0x73,0x70,0x6C,0x61,0x79,0x20,0x6E,
    0x61,0x6D,0x65,0x2C,0x20,0x22,0x55,0x73,0x65,0x72,0x20,0x53,
    0x68,0x65,0x6C,0x6C,0x20,0x46,0x6F,0x6C,0x64,0x65,0x72,0x73,
    0x22,0x20,0x72,0x65,0x67,0x69,0x73,0x74,0x72,0x79,0x20,0x76,
    0x61,0x6C,0x75,0x65,0x20,0x6E,0x61,0x6D,0x65,0x20,0x2D,0x2D,
    0x2D,0x2D,0x2D,0x2D,0x0D,0x0A,0x63,0x61,0x6C,0x6C,0x20,0x3A,
    0x42,0x61,0x63,0x6B,0x75,0x70,0x46,0x6F,0x6C,0x64,0x65,0x72,
    0x20,0x22,0x44,0x65,0x73,0x6B,0x74,0x6F,0x70,0x22,0x20,0x20,
    0x20,0x22,0x44,0x65,0x73,0x6B,0x74,0x6F,0x70,0x22,0x0D,0x0A,
    0x63,0x61,0x6C,0x6C,0x20,0x3A,0x42,0x61,0x63,0x6B,0x75,0x70,
    0x46,0x6F,0x6C,0x64,0x65,0x72,0x20,0x22,0x44,0x6F,0x77,0x6E,
    0x6C,0x6F,0x61,0x64,0x73,0x22,0x20,0x22,0x7B,0x33,0x37,0x34,
    0x44,0x45,0x32,0x39,0x30,0x2D,0x31,0x32,0x33,0x46,0x2D,0x34,
    0x35,0x36,0x35,0x2D,0x39,0x31,0x36,0x34,0x2D,0x33,0x39,0x43,
    0x34,0x39,0x32,0x35,0x45,0x34,0x36,0x37,0x42,0x7D,0x22,0x0D,
    0x0A,0x63,0x61,0x6C,0x6C,0x20,0x3A,0x42,0x61,0x63,0x6B,0x75,
    0x70,0x46,0x6F,0x6C,0x64,0x65,0x72,0x20,0x22,0x44,0x6F,0x63,
    0x75,0x6D,0x65,0x6E,0x74,0x73,0x22,0x20,0x22,0x50,0x65,0x72,
    0x73,0x6F,0x6E,0x61,0x6C,0x22,0x0D,0x0A,0x63,0x61,0x6C,0x6C,
    0x20,0x3A,0x42,0x61,0x63,0x6B,0x75,0x70,0x46,0x6F,0x6C,0x64,
    0x65,0x72,0x20,0x22,0x4D,0x75,0x73,0x69,0x63,0x22,0x20,0x20,
    0x20,0x20,0x20,0x22,0x4D,0x79,0x20,0x4D,0x75,0x73,0x69,0x63,
    0x22,0x0D,0x0A,0x63,0x61,0x6C,0x6C,0x20,0x3A,0x42,0x61,0x63,
    0x6B,0x75,0x70,0x46,0x6F,0x6C,0x64,0x65,0x72,0x20,0x22,0x50,
    0x69,0x63,0x74,0x75,0x72,0x65,0x73,0x22,0x20,0x20,0x22,0x4D,
    0x79,0x20,0x50,0x69,0x63,0x74,0x75,0x72,0x65,0x73,0x22,0x0D,
    0x0A,0x63,0x61,0x6C,0x6C,0x20,0x3A,0x42,0x61,0x63,0x6B,0x75,
    0x70,0x46,0x6F,0x6C,0x64,0x65,0x72,0x20,0x22,0x56,0x69,0x64,
    0x65,0x6F,0x73,0x22,0x20,0x20,0x20,0x20,0x22,0x4D,0x79,0x20,
    0x56,0x69,0x64,0x65,0x6F,0x22,0x0D,0x0A,0x0D,0x0A,0x65,0x63,
    0x68,0x6F,0x2E,0x0D,0x0A,0x69,0x66,0x20,0x22,0x21,0x45,0x72,
    0x72,0x6F,0x72,0x73,0x21,0x22,0x3D,0x3D,0x22,0x30,0x22,0x20,
    0x28,0x0D,0x0A,0x20,0x20,0x20,0x20,0x65,0x63,0x68,0x6F,0x20,
    0x42,0x61,0x63,0x6B,0x75,0x70,0x20,0x63,0x6F,0x6D,0x70,0x6C,
    0x65,0x74,0x65,0x64,0x20,0x73,0x75,0x63,0x63,0x65,0x73,0x73,
    0x66,0x75,0x6C,0x6C,0x79,0x2E,0x0D,0x0A,0x29,0x20,0x65,0x6C,
    0x73,0x65,0x20,0x28,0x0D,0x0A,0x20,0x20,0x20,0x20,0x65,0x63,
    0x68,0x6F,0x20,0x42,0x61,0x63,0x6B,0x75,0x70,0x20,0x63,0x6F,
    0x6D,0x70,0x6C,0x65,0x74,0x65,0x64,0x20,0x77,0x69,0x74,0x68,
    0x20,0x65,0x72,0x72,0x6F,0x72,0x73,0x2E,0x0D,0x0A,0x29,0x0D,
    0x0A,0x65,0x63,0x68,0x6F,0x2E,0x0D,0x0A,0x63,0x61,0x6C,0x6C,
    0x20,0x3A,0x43,0x6F,0x75,0x6E,0x74,0x64,0x6F,0x77,0x6E,0x0D,
    0x0A,0x65,0x78,0x69,0x74,0x20,0x2F,0x62,0x20,0x25,0x45,0x72,
    0x72,0x6F,0x72,0x73,0x25,0x0D,0x0A,0x0D,0x0A,0x0D,0x0A,0x3A,
    0x3A,0x20,0x3D,0x3D,0x3D,0x3D,0x3D,0x3D,0x3D,0x3D,0x3D,0x3D,
    0x3D,0x3D,0x3D,0x3D,0x3D,0x3D,0x3D,0x3D,0x3D,0x3D,0x3D,0x3D,
    0x3D,0x3D,0x3D,0x3D,0x3D,0x3D,0x3D,0x3D,0x3D,0x3D,0x3D,0x3D,
    0x3D,0x3D,0x3D,0x3D,0x3D,0x3D,0x3D,0x3D,0x3D,0x3D,0x3D,0x3D,
    0x3D,0x3D,0x3D,0x3D,0x3D,0x3D,0x3D,0x3D,0x3D,0x3D,0x3D,0x3D,
    0x3D,0x3D,0x3D,0x3D,0x3D,0x3D,0x3D,0x3D,0x3D,0x3D,0x3D,0x3D,
    0x3D,0x3D,0x3D,0x3D,0x3D,0x3D,0x0D,0x0A,0x3A,0x3A,0x20,0x3A,
    0x42,0x61,0x63,0x6B,0x75,0x70,0x46,0x6F,0x6C,0x64,0x65,0x72,
    0x20,0x20,0x5B,0x64,0x69,0x73,0x70,0x6C,0x61,0x79,0x20,0x6E,
    0x61,0x6D,0x65,0x5D,0x20,0x5B,0x72,0x65,0x67,0x69,0x73,0x74,
    0x72,0x79,0x20,0x76,0x61,0x6C,0x75,0x65,0x20,0x6E,0x61,0x6D,
    0x65,0x5D,0x0D,0x0A,0x3A,0x3A,0x20,0x3D,0x3D,0x3D,0x3D,0x3D,
    0x3D,0x3D,0x3D,0x3D,0x3D,0x3D,0x3D,0x3D,0x3D,0x3D,0x3D,0x3D,
    0x3D,0x3D,0x3D,0x3D,0x3D,0x3D,0x3D,0x3D,0x3D,0x3D,0x3D,0x3D,
    0x3D,0x3D,0x3D,0x3D,0x3D,0x3D,0x3D,0x3D,0x3D,0x3D,0x3D,0x3D,
    0x3D,0x3D,0x3D,0x3D,0x3D,0x3D,0x3D,0x3D,0x3D,0x3D,0x3D,0x3D,
    0x3D,0x3D,0x3D,0x3D,0x3D,0x3D,0x3D,0x3D,0x3D,0x3D,0x3D,0x3D,
    0x3D,0x3D,0x3D,0x3D,0x3D,0x3D,0x3D,0x3D,0x3D,0x3D,0x3D,0x0D,
    0x0A,0x3A,0x42,0x61,0x63,0x6B,0x75,0x70,0x46,0x6F,0x6C,0x64,
    0x65,0x72,0x0D,0x0A,0x73,0x65,0x74,0x20,0x22,0x4E,0x61,0x6D,
    0x65,0x3D,0x25,0x7E,0x31,0x22,0x0D,0x0A,0x63,0x61,0x6C,0x6C,
    0x20,0x3A,0x50,0x72,0x69,0x6E,0x74,0x50,0x72,0x65,0x66,0x69,
    0x78,0x0D,0x0A,0x63,0x61,0x6C,0x6C,0x20,0x3A,0x52,0x65,0x73,
    0x6F,0x6C,0x76,0x65,0x46,0x6F,0x6C,0x64,0x65,0x72,0x20,0x22,
    0x25,0x7E,0x32,0x22,0x0D,0x0A,0x69,0x66,0x20,0x6E,0x6F,0x74,
    0x20,0x64,0x65,0x66,0x69,0x6E,0x65,0x64,0x20,0x52,0x65,0x73,
    0x6F,0x6C,0x76,0x65,0x64,0x20,0x28,0x0D,0x0A,0x20,0x20,0x20,
    0x20,0x63,0x61,0x6C,0x6C,0x20,0x3A,0x50,0x72,0x69,0x6E,0x74,
    0x53,0x74,0x61,0x74,0x75,0x73,0x20,0x22,0x20,0x20,0x53,0x4B,
    0x49,0x50,0x20,0x20,0x22,0x0D,0x0A,0x20,0x20,0x20,0x20,0x67,
    0x6F,0x74,0x6F,0x20,0x3A,0x65,0x6F,0x66,0x0D,0x0A,0x29,0x0D,
    0x0A,0x72,0x6F,0x62,0x6F,0x63,0x6F,0x70,0x79,0x20,0x22,0x21,
    0x52,0x65,0x73,0x6F,0x6C,0x76,0x65,0x64,0x21,0x22,0x20,0x22,
    0x21,0x42,0x61,0x63,0x6B,0x75,0x70,0x52,0x6F,0x6F,0x74,0x21,
    0x5C,0x21,0x4E,0x61,0x6D,0x65,0x21,0x22,0x20,0x2F,0x45,0x20,
    0x2F,0x43,0x4F,0x50,0x59,0x3A,0x44,0x41,0x54,0x20,0x2F,0x44,
    0x43,0x4F,0x50,0x59,0x3A,0x44,0x41,0x54,0x20,0x2F,0x58,0x4A,
    0x20,0x2F,0x58,0x44,0x20,0x22,0x21,0x42,0x61,0x63,0x6B,0x75,
    0x70,0x52,0x6F,0x6F,0x74,0x21,0x22,0x20,0x2F,0x52,0x3A,0x31,
    0x20,0x2F,0x57,0x3A,0x31,0x20,0x2F,0x4E,0x50,0x20,0x2F,0x4E,
    0x44,0x4C,0x20,0x2F,0x4E,0x46,0x4C,0x20,0x2F,0x4E,0x4A,0x48,
    0x20,0x2F,0x4E,0x4A,0x53,0x20,0x3E,0x6E,0x75,0x6C,0x20,0x32,
    0x3E,0x26,0x31,0x0D,0x0A,0x69,0x66,0x20,0x65,0x72,0x72,0x6F,
    0x72,0x6C,0x65,0x76,0x65,0x6C,0x20,0x38,0x20,0x28,0x0D,0x0A,
    0x20,0x20,0x20,0x20,0x73,0x65,0x74,0x20,0x22,0x45,0x72,0x72,
    0x6F,0x72,0x73,0x3D,0x31,0x22,0x0D,0x0A,0x20,0x20,0x20,0x20,
    0x63,0x61,0x6C,0x6C,0x20,0x3A,0x50,0x72,0x69,0x6E,0x74,0x53,
    0x74,0x61,0x74,0x75,0x73,0x20,0x22,0x20,0x46,0x41,0x49,0x4C,
    0x45,0x44,0x20,0x22,0x0D,0x0A,0x29,0x20,0x65,0x6C,0x73,0x65,
    0x20,0x28,0x0D,0x0A,0x20,0x20,0x20,0x20,0x63,0x61,0x6C,0x6C,
    0x20,0x3A,0x50,0x72,0x69,0x6E,0x74,0x53,0x74,0x61,0x74,0x75,
    0x73,0x20,0x22,0x20,0x20,0x44,0x4F,0x4E,0x45,0x20,0x20,0x22,
    0x0D,0x0A,0x29,0x0D,0x0A,0x67,0x6F,0x74,0x6F,0x20,0x3A,0x65,
    0x6F,0x66,0x0D,0x0A,0x0D,0x0A,0x0D,0x0A,0x3A,0x3A,0x20,0x3D,
    0x3D,0x3D,0x3D,0x3D,0x3D,0x3D,0x3D,0x3D,0x3D,0x3D,0x3D,0x3D,
    0x3D,0x3D,0x3D,0x3D,0x3D,0x3D,0x3D,0x3D,0x3D,0x3D,0x3D,0x3D,
    0x3D,0x3D,0x3D,0x3D,0x3D,0x3D,0x3D,0x3D,0x3D,0x3D,0x3D,0x3D,
    0x3D,0x3D,0x3D,0x3D,0x3D,0x3D,0x3D,0x3D,0x3D,0x3D,0x3D,0x3D,
    0x3D,0x3D,0x3D,0x3D,0x3D,0x3D,0x3D,0x3D,0x3D,0x3D,0x3D,0x3D,
    0x3D,0x3D,0x3D,0x3D,0x3D,0x3D,0x3D,0x3D,0x3D,0x3D,0x3D,0x3D,
    0x3D,0x3D,0x3D,0x0D,0x0A,0x3A,0x3A,0x20,0x3A,0x52,0x65,0x73,
    0x6F,0x6C,0x76,0x65,0x46,0x6F,0x6C,0x64,0x65,0x72,0x20,0x20,
    0x5B,0x72,0x65,0x67,0x69,0x73,0x74,0x72,0x79,0x20,0x76,0x61,
    0x6C,0x75,0x65,0x20,0x6E,0x61,0x6D,0x65,0x5D,0x0D,0x0A,0x3A,
    0x3A,0x20,0x53,0x65,0x74,0x73,0x20,0x22,0x52,0x65,0x73,0x6F,
    0x6C,0x76,0x65,0x64,0x22,0x20,0x74,0x6F,0x20,0x74,0x68,0x65,
    0x20,0x73,0x6F,0x75,0x72,0x63,0x65,0x20,0x66,0x6F,0x6C,0x64,
    0x65,0x72,0x2C,0x20,0x6F,0x72,0x20,0x6C,0x65,0x61,0x76,0x65,
    0x73,0x20,0x69,0x74,0x20,0x75,0x6E,0x64,0x65,0x66,0x69,0x6E,
    0x65,0x64,0x20,0x69,0x66,0x20,0x6E,0x6F,0x6E,0x65,0x20,0x65,
    0x78,0x69,0x73,0x74,0x73,0x2E,0x0D,0x0A,0x3A,0x3A,0x20,0x4F,
    0x72,0x64,0x65,0x72,0x3A,0x20,0x72,0x65,0x67,0x69,0x73,0x74,
    0x72,0x79,0x20,0x28,0x55,0x73,0x65,0x72,0x20,0x53,0x68,0x65,
    0x6C,0x6C,0x20,0x46,0x6F,0x6C,0x64,0x65,0x72,0x73,0x29,0x2C,
    0x20,0x74,0x68,0x65,0x6E,0x20,0x73,0x74,0x61,0x6E,0x64,0x61,
    0x72,0x64,0x20,0x70,0x72,0x6F,0x66,0x69,0x6C,0x65,0x2C,0x20,
    0x74,0x68,0x65,0x6E,0x20,0x4F,0x6E,0x65,0x44,0x72,0x69,0x76,
    0x65,0x20,0x66,0x6F,0x6C,0x64,0x65,0x72,0x73,0x2E,0x0D,0x0A,
    0x3A,0x3A,0x20,0x3D,0x3D,0x3D,0x3D,0x3D,0x3D,0x3D,0x3D,0x3D,
    0x3D,0x3D,0x3D,0x3D,0x3D,0x3D,0x3D,0x3D,0x3D,0x3D,0x3D,0x3D,
    0x3D,0x3D,0x3D,0x3D,0x3D,0x3D,0x3D,0x3D,0x3D,0x3D,0x3D,0x3D,
    0x3D,0x3D,0x3D,0x3D,0x3D,0x3D,0x3D,0x3D,0x3D,0x3D,0x3D,0x3D,
    0x3D,0x3D,0x3D,0x3D,0x3D,0x3D,0x3D,0x3D,0x3D,0x3D,0x3D,0x3D,
    0x3D,0x3D,0x3D,0x3D,0x3D,0x3D,0x3D,0x3D,0x3D,0x3D,0x3D,0x3D,
    0x3D,0x3D,0x3D,0x3D,0x3D,0x3D,0x3D,0x0D,0x0A,0x3A,0x52,0x65,
    0x73,0x6F,0x6C,0x76,0x65,0x46,0x6F,0x6C,0x64,0x65,0x72,0x0D,
    0x0A,0x73,0x65,0x74,0x20,0x22,0x52,0x65,0x73,0x6F,0x6C,0x76,
    0x65,0x64,0x3D,0x22,0x0D,0x0A,0x73,0x65,0x74,0x20,0x22,0x52,
    0x65,0x67,0x4C,0x69,0x6E,0x65,0x3D,0x22,0x0D,0x0A,0x73,0x65,
    0x74,0x20,0x22,0x52,0x65,0x67,0x44,0x61,0x74,0x61,0x3D,0x22,
    0x0D,0x0A,0x0D,0x0A,0x3A,0x3A,0x20,0x31,0x29,0x20,0x52,0x65,
    0x67,0x69,0x73,0x74,0x72,0x79,0x2E,0x20,0x53,0x70,0x6C,0x69,
    0x74,0x20,0x6F,0x6E,0x20,0x74,0x68,0x65,0x20,0x76,0x61,0x6C,
    0x75,0x65,0x20,0x54,0x59,0x50,0x45,0x20,0x73,0x6F,0x20,0x6E,
    0x61,0x6D,0x65,0x73,0x20,0x77,0x69,0x74,0x68,0x20,0x73,0x70,
    0x61,0x63,0x65,0x73,0x20,0x73,0x74,0x61,0x79,0x20,0x69,0x6E,
    0x74,0x61,0x63,0x74,0x2E,0x0D,0x0A,0x66,0x6F,0x72,0x20,0x2F,
    0x66,0x20,0x22,0x64,0x65,0x6C,0x69,0x6D,0x73,0x3D,0x22,0x20,
    0x25,0x25,0x4C,0x20,0x69,0x6E,0x20,0x28,0x27,0x72,0x65,0x67,
    0x20,0x71,0x75,0x65,0x72,0x79,0x20,0x22,0x48,0x4B,0x43,0x55,
    0x5C,0x53,0x6F,0x66,0x74,0x77,0x61,0x72,0x65,0x5C,0x4D,0x69,
    0x63,0x72,0x6F,0x73,0x6F,0x66,0x74,0x5C,0x57,0x69,0x6E,0x64,
    0x6F,0x77,0x73,0x5C,0x43,0x75,0x72,0x72,0x65,0x6E,0x74,0x56,
    0x65,0x72,0x73,0x69,0x6F,0x6E,0x5C,0x45,0x78,0x70,0x6C,0x6F,
    0x72,0x65,0x72,0x5C,0x55,0x73,0x65,0x72,0x20,0x53,0x68,0x65,
    0x6C,0x6C,0x20,0x46,0x6F,0x6C,0x64,0x65,0x72,0x73,0x22,0x20,
    0x2F,0x76,0x20,0x22,0x25,0x7E,0x31,0x22,0x20,0x32,0x5E,0x3E,
    0x6E,0x75,0x6C,0x20,0x5E,0x7C,0x20,0x66,0x69,0x6E,0x64,0x73,
    0x74,0x72,0x20,0x2F,0x69,0x20,0x2F,0x63,0x3A,0x22,0x52,0x45,
    0x47,0x5F,0x22,0x27,0x29,0x20,0x64,0x6F,0x20,0x73,0x65,0x74,
    0x20,0x22,0x52,0x65,0x67,0x4C,0x69,0x6E,0x65,0x3D,0x25,0x25,
    0x4C,0x22,0x0D,0x0A,0x69,0x66,0x20,0x6E,0x6F,0x74,0x20,0x64,
    0x65,0x66,0x69,0x6E,0x65,0x64,0x20,0x52,0x65,0x67,0x4C,0x69,
    0x6E,0x65,0x20,0x67,0x6F,0x74,0x6F,0x20,0x3A,0x52,0x65,0x73,
    0x6F,0x6C,0x76,0x65,0x53,0x74,0x61,0x6E,0x64,0x61,0x72,0x64,
    0x0D,0x0A,0x73,0x65,0x74,0x20,0x22,0x52,0x65,0x67,0x44,0x61,
    0x74,0x61,0x3D,0x21,0x52,0x65,0x67,0x4C,0x69,0x6E,0x65,0x3A,
    0x2A,0x52,0x45,0x47,0x5F,0x45,0x58,0x50,0x41,0x4E,0x44,0x5F,
    0x53,0x5A,0x3D,0x21,0x22,0x0D,0x0A,0x69,0x66,0x20,0x22,0x21,
    0x52,0x65,0x67,0x44,0x61,0x74,0x61,0x21,0x22,0x3D,0x3D,0x22,
    0x21,0x52,0x65,0x67,0x4C,0x69,0x6E,0x65,0x21,0x22,0x20,0x73,
    0x65,0x74,0x20,0x22,0x52,0x65,0x67,0x44,0x61,0x74,0x61,0x3D,
    0x21,0x52,0x65,0x67,0x4C,0x69,0x6E,0x65,0x3A,0x2A,0x52,0x45,
    0x47,0x5F,0x53,0x5A,0x3D,0x21,0x22,0x0D,0x0A,0x66,0x6F,0x72,
    0x20,0x2F,0x66,0x20,0x22,0x74,0x6F,0x6B,0x65,0x6E,0x73,0x3D,
    0x2A,0x20,0x64,0x65,0x6C,0x69,0x6D,0x73,0x3D,0x20,0x22,0x20,
    0x25,0x25,0x44,0x20,0x69,0x6E,0x20,0x28,0x22,0x21,0x52,0x65,
    0x67,0x44,0x61,0x74,0x61,0x21,0x22,0x29,0x20,0x64,0x6F,0x20,
    0x73,0x65,0x74,0x20,0x22,0x52,0x65,0x67,0x44,0x61,0x74,0x61,
    0x3D,0x25,0x25,0x44,0x22,0x0D,0x0A,0x69,0x66,0x20,0x22,0x21,
    0x52,0x65,0x67,0x44,0x61,0x74,0x61,0x3A,0x20,0x3D,0x21,0x22,
    0x3D,0x3D,0x22,0x22,0x20,0x73,0x65,0x74,0x20,0x22,0x52,0x65,
    0x67,0x44,0x61,0x74,0x61,0x3D,0x22,0x0D,0x0A,0x73,0x65,0x74,
    0x20,0x22,0x52,0x65,0x67,0x44,0x61,0x74,0x61,0x3D,0x21,0x52,
    0x65,0x67,0x44,0x61,0x74,0x61,0x3A,0x22,0x3D,0x21,0x22,0x0D,
    0x0A,0x63,0x61,0x6C,0x6C,0x20,0x73,0x65,0x74,0x20,0x22,0x52,
    0x65,0x67,0x44,0x61,0x74,0x61,0x3D,0x25,0x52,0x65,0x67,0x44,
    0x61,0x74,0x61,0x25,0x22,0x0D,0x0A,0x69,0x66,0x20,0x64,0x65,
    0x66,0x69,0x6E,0x65,0x64,0x20,0x52,0x65,0x67,0x44,0x61,0x74,
    0x61,0x20,0x69,0x66,0x20,0x65,0x78,0x69,0x73,0x74,0x20,0x22,
    0x21,0x52,0x65,0x67,0x44,0x61,0x74,0x61,0x21,0x5C,0x22,0x20,
    0x73,0x65,0x74,0x20,0x22,0x52,0x65,0x73,0x6F,0x6C,0x76,0x65,
    0x64,0x3D,0x21,0x52,0x65,0x67,0x44,0x61,0x74,0x61,0x21,0x22,
    0x0D,0x0A,0x69,0x66,0x20,0x64,0x65,0x66,0x69,0x6E,0x65,0x64,
    0x20,0x52,0x65,0x73,0x6F,0x6C,0x76,0x65,0x64,0x20,0x67,0x6F,
    0x74,0x6F,0x20,0x3A,0x52,0x65,0x73,0x6F,0x6C,0x76,0x65,0x44,
    0x6F,0x6E,0x65,0x0D,0x0A,0x0D,0x0A,0x3A,0x52,0x65,0x73,0x6F,
    0x6C,0x76,0x65,0x53,0x74,0x61,0x6E,0x64,0x61,0x72,0x64,0x0D,
    0x0A,0x3A,0x3A,0x20,0x32,0x29,0x20,0x53,0x74,0x61,0x6E,0x64,
    0x61,0x72,0x64,0x20,0x70,0x72,0x6F,0x66,0x69,0x6C,0x65,0x20,
    0x66,0x6F,0x6C,0x64,0x65,0x72,0x2E,0x0D,0x0A,0x69,0x66,0x20,
    0x65,0x78,0x69,0x73,0x74,0x20,0x22,0x21,0x55,0x53,0x45,0x52,
    0x50,0x52,0x4F,0x46,0x49,0x4C,0x45,0x21,0x5C,0x21,0x4E,0x61,
    0x6D,0x65,0x21,0x5C,0x22,0x20,0x73,0x65,0x74,0x20,0x22,0x52,
    0x65,0x73,0x6F,0x6C,0x76,0x65,0x64,0x3D,0x21,0x55,0x53,0x45,
    0x52,0x50,0x52,0x4F,0x46,0x49,0x4C,0x45,0x21,0x5C,0x21,0x4E,
    0x61,0x6D,0x65,0x21,0x22,0x0D,0x0A,0x69,0x66,0x20,0x64,0x65,
    0x66,0x69,0x6E,0x65,0x64,0x20,0x52,0x65,0x73,0x6F,0x6C,0x76,
    0x65,0x64,0x20,0x67,0x6F,0x74,0x6F,0x20,0x3A,0x52,0x65,0x73,
    0x6F,0x6C,0x76,0x65,0x44,0x6F,0x6E,0x65,0x0D,0x0A,0x0D,0x0A,
    0x3A,0x3A,0x20,0x33,0x29,0x20,0x4F,0x6E,0x65,0x44,0x72,0x69,
    0x76,0x65,0x20,0x73,0x79,0x6E,0x63,0x20,0x66,0x6F,0x6C,0x64,
    0x65,0x72,0x73,0x2E,0x0D,0x0A,0x66,0x6F,0x72,0x20,0x25,0x25,
    0x52,0x20,0x69,0x6E,0x20,0x28,0x22,0x25,0x4F,0x6E,0x65,0x44,
    0x72,0x69,0x76,0x65,0x25,0x22,0x20,0x22,0x25,0x4F,0x6E,0x65,
    0x44,0x72,0x69,0x76,0x65,0x43,0x6F,0x6E,0x73,0x75,0x6D,0x65,
    0x72,0x25,0x22,0x20,0x22,0x25,0x4F,0x6E,0x65,0x44,0x72,0x69,
    0x76,0x65,0x43,0x6F,0x6D,0x6D,0x65,0x72,0x63,0x69,0x61,0x6C,
    0x25,0x22,0x20,0x22,0x25,0x55,0x53,0x45,0x52,0x50,0x52,0x4F,
    0x46,0x49,0x4C,0x45,0x25,0x5C,0x4F,0x6E,0x65,0x44,0x72,0x69,
    0x76,0x65,0x22,0x29,0x20,0x64,0x6F,0x20,0x28,0x0D,0x0A,0x20,
    0x20,0x20,0x20,0x69,0x66,0x20,0x6E,0x6F,0x74,0x20,0x64,0x65,
    0x66,0x69,0x6E,0x65,0x64,0x20,0x52,0x65,0x73,0x6F,0x6C,0x76,
    0x65,0x64,0x20,0x69,0x66,0x20,0x6E,0x6F,0x74,0x20,0x22,0x25,
    0x25,0x7E,0x52,0x22,0x3D,0x3D,0x22,0x22,0x20,0x69,0x66,0x20,
    0x65,0x78,0x69,0x73,0x74,0x20,0x22,0x25,0x25,0x7E,0x52,0x5C,
    0x21,0x4E,0x61,0x6D,0x65,0x21,0x5C,0x22,0x20,0x73,0x65,0x74,
    0x20,0x22,0x52,0x65,0x73,0x6F,0x6C,0x76,0x65,0x64,0x3D,0x25,
    0x25,0x7E,0x52,0x5C,0x21,0x4E,0x61,0x6D,0x65,0x21,0x22,0x0D,
    0x0A,0x29,0x0D,0x0A,0x0D,0x0A,0x3A,0x52,0x65,0x73,0x6F,0x6C,
    0x76,0x65,0x44,0x6F,0x6E,0x65,0x0D,0x0A,0x69,0x66,0x20,0x64,
    0x65,0x66,0x69,0x6E,0x65,0x64,0x20,0x52,0x65,0x73,0x6F,0x6C,
    0x76,0x65,0x64,0x20,0x69,0x66,0x20,0x22,0x21,0x52,0x65,0x73,
    0x6F,0x6C,0x76,0x65,0x64,0x3A,0x7E,0x2D,0x31,0x21,0x22,0x3D,
    0x3D,0x22,0x5C,0x22,0x20,0x73,0x65,0x74,0x20,0x22,0x52,0x65,
    0x73,0x6F,0x6C,0x76,0x65,0x64,0x3D,0x21,0x52,0x65,0x73,0x6F,
    0x6C,0x76,0x65,0x64,0x3A,0x7E,0x30,0x2C,0x2D,0x31,0x21,0x22,
    0x0D,0x0A,0x67,0x6F,0x74,0x6F,0x20,0x3A,0x65,0x6F,0x66,0x0D,
    0x0A,0x0D,0x0A,0x0D,0x0A,0x3A,0x3A,0x20,0x3D,0x3D,0x3D,0x3D,
    0x3D,0x3D,0x3D,0x3D,0x3D,0x3D,0x3D,0x3D,0x3D,0x3D,0x3D,0x3D,
    0x3D,0x3D,0x3D,0x3D,0x3D,0x3D,0x3D,0x3D,0x3D,0x3D,0x3D,0x3D,
    0x3D,0x3D,0x3D,0x3D,0x3D,0x3D,0x3D,0x3D,0x3D,0x3D,0x3D,0x3D,
    0x3D,0x3D,0x3D,0x3D,0x3D,0x3D,0x3D,0x3D,0x3D,0x3D,0x3D,0x3D,
    0x3D,0x3D,0x3D,0x3D,0x3D,0x3D,0x3D,0x3D,0x3D,0x3D,0x3D,0x3D,
    0x3D,0x3D,0x3D,0x3D,0x3D,0x3D,0x3D,0x3D,0x3D,0x3D,0x3D,0x3D,
    0x0D,0x0A,0x3A,0x3A,0x20,0x55,0x49,0x20,0x68,0x65,0x6C,0x70,
    0x65,0x72,0x73,0x0D,0x0A,0x3A,0x3A,0x20,0x3D,0x3D,0x3D,0x3D,
    0x3D,0x3D,0x3D,0x3D,0x3D,0x3D,0x3D,0x3D,0x3D,0x3D,0x3D,0x3D,
    0x3D,0x3D,0x3D,0x3D,0x3D,0x3D,0x3D,0x3D,0x3D,0x3D,0x3D,0x3D,
    0x3D,0x3D,0x3D,0x3D,0x3D,0x3D,0x3D,0x3D,0x3D,0x3D,0x3D,0x3D,
    0x3D,0x3D,0x3D,0x3D,0x3D,0x3D,0x3D,0x3D,0x3D,0x3D,0x3D,0x3D,
    0x3D,0x3D,0x3D,0x3D,0x3D,0x3D,0x3D,0x3D,0x3D,0x3D,0x3D,0x3D,
    0x3D,0x3D,0x3D,0x3D,0x3D,0x3D,0x3D,0x3D,0x3D,0x3D,0x3D,0x3D,
    0x0D,0x0A,0x3A,0x50,0x72,0x69,0x6E,0x74,0x50,0x72,0x65,0x66,
    0x69,0x78,0x0D,0x0A,0x3A,0x3A,0x20,0x50,0x72,0x69,0x6E,0x74,
    0x73,0x20,0x22,0x5B,0x2B,0x5D,0x20,0x4E,0x61,0x6D,0x65,0x20,
    0x2E,0x2E,0x2E,0x2E,0x2E,0x2E,0x2E,0x2E,0x22,0x20,0x70,0x61,
    0x64,0x64,0x65,0x64,0x20,0x74,0x6F,0x20,0x61,0x20,0x66,0x69,
    0x78,0x65,0x64,0x20,0x77,0x69,0x64,0x74,0x68,0x2C,0x20,0x77,
    0x69,0x74,0x68,0x6F,0x75,0x74,0x20,0x61,0x20,0x6C,0x69,0x6E,
    0x65,0x20,0x62,0x72,0x65,0x61,0x6B,0x2E,0x0D,0x0A,0x73,0x65,
    0x74,0x20,0x22,0x4C,0x69,0x6E,0x65,0x3D,0x5B,0x2B,0x5D,0x20,
    0x21,0x4E,0x61,0x6D,0x65,0x21,0x20,0x2E,0x2E,0x2E,0x2E,0x2E,
    0x2E,0x2E,0x2E,0x2E,0x2E,0x2E,0x2E,0x2E,0x2E,0x2E,0x2E,0x2E,
    0x2E,0x2E,0x2E,0x2E,0x2E,0x2E,0x2E,0x2E,0x2E,0x2E,0x2E,0x2E,
    0x2E,0x2E,0x2E,0x2E,0x2E,0x2E,0x2E,0x2E,0x2E,0x2E,0x2E,0x2E,
    0x2E,0x2E,0x2E,0x2E,0x2E,0x2E,0x2E,0x2E,0x2E,0x2E,0x2E,0x2E,
    0x2E,0x2E,0x2E,0x2E,0x2E,0x2E,0x2E,0x22,0x0D,0x0A,0x73,0x65,
    0x74,0x20,0x22,0x4C,0x69,0x6E,0x65,0x3D,0x21,0x4C,0x69,0x6E,
    0x65,0x3A,0x7E,0x30,0x2C,0x35,0x31,0x21,0x22,0x0D,0x0A,0x3C,
    0x6E,0x75,0x6C,0x20,0x73,0x65,0x74,0x20,0x2F,0x70,0x20,0x22,
    0x3D,0x21,0x4C,0x69,0x6E,0x65,0x21,0x20,0x22,0x0D,0x0A,0x67,
    0x6F,0x74,0x6F,0x20,0x3A,0x65,0x6F,0x66,0x0D,0x0A,0x0D,0x0A,
    0x3A,0x50,0x72,0x69,0x6E,0x74,0x53,0x74,0x61,0x74,0x75,0x73,
    0x0D,0x0A,0x65,0x63,0x68,0x6F,0x20,0x5B,0x25,0x7E,0x31,0x5D,
    0x0D,0x0A,0x67,0x6F,0x74,0x6F,0x20,0x3A,0x65,0x6F,0x66,0x0D,
    0x0A,0x0D,0x0A,0x0D,0x0A,0x3A,0x3A,0x20,0x3D,0x3D,0x3D,0x3D,
    0x3D,0x3D,0x3D,0x3D,0x3D,0x3D,0x3D,0x3D,0x3D,0x3D,0x3D,0x3D,
    0x3D,0x3D,0x3D,0x3D,0x3D,0x3D,0x3D,0x3D,0x3D,0x3D,0x3D,0x3D,
    0x3D,0x3D,0x3D,0x3D,0x3D,0x3D,0x3D,0x3D,0x3D,0x3D,0x3D,0x3D,
    0x3D,0x3D,0x3D,0x3D,0x3D,0x3D,0x3D,0x3D,0x3D,0x3D,0x3D,0x3D,
    0x3D,0x3D,0x3D,0x3D,0x3D,0x3D,0x3D,0x3D,0x3D,0x3D,0x3D,0x3D,
    0x3D,0x3D,0x3D,0x3D,0x3D,0x3D,0x3D,0x3D,0x3D,0x3D,0x3D,0x3D,
    0x0D,0x0A,0x3A,0x3A,0x20,0x3A,0x43,0x6F,0x75,0x6E,0x74,0x64,
    0x6F,0x77,0x6E,0x20,0x20,0x2D,0x20,0x69,0x6E,0x6C,0x69,0x6E,
    0x65,0x20,0x31,0x30,0x2E,0x2E,0x31,0x20,0x74,0x69,0x6D,0x65,
    0x72,0x2C,0x20,0x61,0x6E,0x79,0x20,0x6B,0x65,0x79,0x20,0x65,
    0x78,0x69,0x74,0x73,0x20,0x69,0x6D,0x6D,0x65,0x64,0x69,0x61,
    0x74,0x65,0x6C,0x79,0x2E,0x0D,0x0A,0x3A,0x3A,0x20,0x49,0x66,
    0x20,0x63,0x6F,0x6E,0x73,0x6F,0x6C,0x65,0x20,0x69,0x6E,0x70,
    0x75,0x74,0x20,0x69,0x73,0x20,0x72,0x65,0x64,0x69,0x72,0x65,
    0x63,0x74,0x65,0x64,0x2C,0x20,0x5B,0x43,0x6F,0x6E,0x73,0x6F,
    0x6C,0x65,0x5D,0x3A,0x3A,0x4B,0x65,0x79,0x41,0x76,0x61,0x69,
    0x6C,0x61,0x62,0x6C,0x65,0x20,0x74,0x68,0x72,0x6F,0x77,0x73,
    0x3B,0x20,0x6B,0x65,0x79,0x20,0x64,0x65,0x74,0x65,0x63,0x74,
    0x69,0x6F,0x6E,0x0D,0x0A,0x3A,0x3A,0x20,0x69,0x73,0x20,0x74,
    0x68,0x65,0x6E,0x20,0x73,0x77,0x69,0x74,0x63,0x68,0x65,0x64,
    0x20,0x6F,0x66,0x66,0x20,0x61,0x6E,0x64,0x20,0x74,0x68,0x65,
    0x20,0x74,0x69,0x6D,0x65,0x72,0x20,0x73,0x69,0x6D,0x70,0x6C,
    0x79,0x20,0x72,0x75,0x6E,0x73,0x20,0x6F,0x75,0x74,0x2C,0x20,
    0x73,0x6F,0x20,0x69,0x74,0x20,0x6E,0x65,0x76,0x65,0x72,0x20,
    0x66,0x72,0x65,0x65,0x7A,0x65,0x73,0x2E,0x0D,0x0A,0x3A,0x3A,
    0x20,0x3D,0x3D,0x3D,0x3D,0x3D,0x3D,0x3D,0x3D,0x3D,0x3D,0x3D,
    0x3D,0x3D,0x3D,0x3D,0x3D,0x3D,0x3D,0x3D,0x3D,0x3D,0x3D,0x3D,
    0x3D,0x3D,0x3D,0x3D,0x3D,0x3D,0x3D,0x3D,0x3D,0x3D,0x3D,0x3D,
    0x3D,0x3D,0x3D,0x3D,0x3D,0x3D,0x3D,0x3D,0x3D,0x3D,0x3D,0x3D,
    0x3D,0x3D,0x3D,0x3D,0x3D,0x3D,0x3D,0x3D,0x3D,0x3D,0x3D,0x3D,
    0x3D,0x3D,0x3D,0x3D,0x3D,0x3D,0x3D,0x3D,0x3D,0x3D,0x3D,0x3D,
    0x3D,0x3D,0x3D,0x3D,0x3D,0x0D,0x0A,0x3A,0x43,0x6F,0x75,0x6E,
    0x74,0x64,0x6F,0x77,0x6E,0x0D,0x0A,0x73,0x65,0x74,0x20,0x22,
    0x43,0x64,0x43,0x6D,0x64,0x3D,0x24,0x63,0x72,0x20,0x3D,0x20,
    0x5B,0x73,0x74,0x72,0x69,0x6E,0x67,0x5D,0x5B,0x63,0x68,0x61,
    0x72,0x5D,0x31,0x33,0x3B,0x20,0x24,0x63,0x61,0x6E,0x4B,0x65,
    0x79,0x20,0x3D,0x20,0x24,0x74,0x72,0x75,0x65,0x3B,0x22,0x0D,
    0x0A,0x73,0x65,0x74,0x20,0x22,0x43,0x64,0x43,0x6D,0x64,0x3D,
    0x21,0x43,0x64,0x43,0x6D,0x64,0x21,0x20,0x74,0x72,0x79,0x20,
    0x7B,0x20,0x77,0x68,0x69,0x6C,0x65,0x20,0x28,0x5B,0x43,0x6F,
    0x6E,0x73,0x6F,0x6C,0x65,0x5D,0x3A,0x3A,0x4B,0x65,0x79,0x41,
    0x76,0x61,0x69,0x6C,0x61,0x62,0x6C,0x65,0x29,0x20,0x7B,0x20,
    0x5B,0x76,0x6F,0x69,0x64,0x5D,0x5B,0x43,0x6F,0x6E,0x73,0x6F,
    0x6C,0x65,0x5D,0x3A,0x3A,0x52,0x65,0x61,0x64,0x4B,0x65,0x79,
    0x28,0x24,0x74,0x72,0x75,0x65,0x29,0x20,0x7D,0x20,0x7D,0x20,
    0x63,0x61,0x74,0x63,0x68,0x20,0x7B,0x20,0x24,0x63,0x61,0x6E,
    0x4B,0x65,0x79,0x20,0x3D,0x20,0x24,0x66,0x61,0x6C,0x73,0x65,
    0x20,0x7D,0x3B,0x22,0x0D,0x0A,0x73,0x65,0x74,0x20,0x22,0x43,
    0x64,0x43,0x6D,0x64,0x3D,0x21,0x43,0x64,0x43,0x6D,0x64,0x21,
    0x20,0x66,0x6F,0x72,0x20,0x28,0x24,0x69,0x20,0x3D,0x20,0x31,
    0x30,0x3B,0x20,0x24,0x69,0x20,0x2D,0x67,0x65,0x20,0x31,0x3B,
    0x20,0x24,0x69,0x2D,0x2D,0x29,0x20,0x7B,0x22,0x0D,0x0A,0x73,
    0x65,0x74,0x20,0x22,0x43,0x64,0x43,0x6D,0x64,0x3D,0x21,0x43,
    0x64,0x43,0x6D,0x64,0x21,0x20,0x5B,0x43,0x6F,0x6E,0x73,0x6F,
    0x6C,0x65,0x5D,0x3A,0x3A,0x57,0x72,0x69,0x74,0x65,0x28,0x24,
    0x63,0x72,0x20,0x2B,0x20,0x27,0x43,0x6C,0x6F,0x73,0x69,0x6E,
    0x67,0x20,0x69,0x6E,0x20,0x27,0x20,0x2B,0x20,0x24,0x69,0x2E,
    0x54,0x6F,0x53,0x74,0x72,0x69,0x6E,0x67,0x28,0x29,0x2E,0x50,
    0x61,0x64,0x4C,0x65,0x66,0x74,0x28,0x32,0x29,0x20,0x2B,0x20,
    0x27,0x20,0x73,0x20,0x2E,0x2E,0x2E,0x20,0x20,0x70,0x72,0x65,
    0x73,0x73,0x20,0x61,0x6E,0x79,0x20,0x6B,0x65,0x79,0x20,0x74,
    0x6F,0x20,0x65,0x78,0x69,0x74,0x20,0x20,0x27,0x29,0x3B,0x22,
    0x0D,0x0A,0x73,0x65,0x74,0x20,0x22,0x43,0x64,0x43,0x6D,0x64,
    0x3D,0x21,0x43,0x64,0x43,0x6D,0x64,0x21,0x20,0x24,0x65,0x6E,
    0x64,0x20,0x3D,0x20,0x28,0x47,0x65,0x74,0x2D,0x44,0x61,0x74,
    0x65,0x29,0x2E,0x41,0x64,0x64,0x53,0x65,0x63,0x6F,0x6E,0x64,
    0x73,0x28,0x31,0x29,0x3B,0x22,0x0D,0x0A,0x73,0x65,0x74,0x20,
    0x22,0x43,0x64,0x43,0x6D,0x64,0x3D,0x21,0x43,0x64,0x43,0x6D,
    0x64,0x21,0x20,0x77,0x68,0x69,0x6C,0x65,0x20,0x28,0x28,0x47,
    0x65,0x74,0x2D,0x44,0x61,0x74,0x65,0x29,0x20,0x2D,0x6C,0x74,
    0x20,0x24,0x65,0x6E,0x64,0x29,0x20,0x7B,0x22,0x0D,0x0A,0x73,
    0x65,0x74,0x20,0x22,0x43,0x64,0x43,0x6D,0x64,0x3D,0x21,0x43,
    0x64,0x43,0x6D,0x64,0x21,0x20,0x69,0x66,0x20,0x28,0x24,0x63,
    0x61,0x6E,0x4B,0x65,0x79,0x29,0x20,0x7B,0x20,0x74,0x72,0x79,
    0x20,0x7B,0x20,0x69,0x66,0x20,0x28,0x5B,0x43,0x6F,0x6E,0x73,
    0x6F,0x6C,0x65,0x5D,0x3A,0x3A,0x4B,0x65,0x79,0x41,0x76,0x61,
    0x69,0x6C,0x61,0x62,0x6C,0x65,0x29,0x20,0x7B,0x20,0x5B,0x76,
    0x6F,0x69,0x64,0x5D,0x5B,0x43,0x6F,0x6E,0x73,0x6F,0x6C,0x65,
    0x5D,0x3A,0x3A,0x52,0x65,0x61,0x64,0x4B,0x65,0x79,0x28,0x24,
    0x74,0x72,0x75,0x65,0x29,0x3B,0x20,0x5B,0x43,0x6F,0x6E,0x73,
    0x6F,0x6C,0x65,0x5D,0x3A,0x3A,0x57,0x72,0x69,0x74,0x65,0x4C,
    0x69,0x6E,0x65,0x28,0x29,0x3B,0x20,0x65,0x78,0x69,0x74,0x20,
    0x7D,0x20,0x7D,0x20,0x63,0x61,0x74,0x63,0x68,0x20,0x7B,0x20,
    0x24,0x63,0x61,0x6E,0x4B,0x65,0x79,0x20,0x3D,0x20,0x24,0x66,
    0x61,0x6C,0x73,0x65,0x20,0x7D,0x20,0x7D,0x3B,0x22,0x0D,0x0A,
    0x73,0x65,0x74,0x20,0x22,0x43,0x64,0x43,0x6D,0x64,0x3D,0x21,
    0x43,0x64,0x43,0x6D,0x64,0x21,0x20,0x53,0x74,0x61,0x72,0x74,
    0x2D,0x53,0x6C,0x65,0x65,0x70,0x20,0x2D,0x4D,0x69,0x6C,0x6C,
    0x69,0x73,0x65,0x63,0x6F,0x6E,0x64,0x73,0x20,0x35,0x30,0x20,
    0x7D,0x20,0x7D,0x3B,0x22,0x0D,0x0A,0x73,0x65,0x74,0x20,0x22,
    0x43,0x64,0x43,0x6D,0x64,0x3D,0x21,0x43,0x64,0x43,0x6D,0x64,
    0x21,0x20,0x5B,0x43,0x6F,0x6E,0x73,0x6F,0x6C,0x65,0x5D,0x3A,
    0x3A,0x57,0x72,0x69,0x74,0x65,0x4C,0x69,0x6E,0x65,0x28,0x29,
    0x22,0x0D,0x0A,0x70,0x6F,0x77,0x65,0x72,0x73,0x68,0x65,0x6C,
    0x6C,0x20,0x2D,0x4E,0x6F,0x50,0x72,0x6F,0x66,0x69,0x6C,0x65,
    0x20,0x2D,0x43,0x6F,0x6D,0x6D,0x61,0x6E,0x64,0x20,0x22,0x21,
    0x43,0x64,0x43,0x6D,0x64,0x21,0x22,0x0D,0x0A,0x67,0x6F,0x74,
    0x6F,0x20,0x3A,0x65,0x6F,0x66,0x0D,0x0A
};
static const unsigned int PAYLOAD_USERBACKUP_LEN = 6068u;

static const unsigned char PAYLOAD_USERRESTORE[] = {
    0x40,0x65,0x63,0x68,0x6F,0x20,0x6F,0x66,0x66,0x0D,0x0A,0x73,
    0x65,0x74,0x6C,0x6F,0x63,0x61,0x6C,0x20,0x45,0x6E,0x61,0x62,
    0x6C,0x65,0x45,0x78,0x74,0x65,0x6E,0x73,0x69,0x6F,0x6E,0x73,
    0x20,0x44,0x69,0x73,0x61,0x62,0x6C,0x65,0x44,0x65,0x6C,0x61,
    0x79,0x65,0x64,0x45,0x78,0x70,0x61,0x6E,0x73,0x69,0x6F,0x6E,
    0x0D,0x0A,0x63,0x64,0x20,0x2F,0x64,0x20,0x22,0x25,0x7E,0x64,
    0x70,0x30,0x22,0x0D,0x0A,0x0D,0x0A,0x3A,0x3A,0x20,0x3D,0x3D,
    0x3D,0x3D,0x3D,0x3D,0x3D,0x3D,0x3D,0x3D,0x3D,0x3D,0x3D,0x3D,
    0x3D,0x3D,0x3D,0x3D,0x3D,0x3D,0x3D,0x3D,0x3D,0x3D,0x3D,0x3D,
    0x3D,0x3D,0x3D,0x3D,0x3D,0x3D,0x3D,0x3D,0x3D,0x3D,0x3D,0x3D,
    0x3D,0x3D,0x3D,0x3D,0x3D,0x3D,0x3D,0x3D,0x3D,0x3D,0x3D,0x3D,
    0x3D,0x3D,0x3D,0x3D,0x3D,0x3D,0x3D,0x3D,0x3D,0x3D,0x3D,0x3D,
    0x3D,0x3D,0x3D,0x3D,0x3D,0x3D,0x3D,0x3D,0x3D,0x3D,0x3D,0x3D,
    0x3D,0x3D,0x0D,0x0A,0x3A,0x3A,0x20,0x52,0x65,0x73,0x74,0x6F,
    0x72,0x65,0x2E,0x62,0x61,0x74,0x0D,0x0A,0x3A,0x3A,0x20,0x4D,
    0x65,0x72,0x67,0x65,0x73,0x20,0x22,0x43,0x3A,0x5C,0x55,0x73,
    0x65,0x72,0x20,0x42,0x61,0x63,0x6B,0x75,0x70,0x22,0x20,0x62,
    0x61,0x63,0x6B,0x20,0x69,0x6E,0x74,0x6F,0x20,0x74,0x68,0x65,
    0x20,0x63,0x75,0x72,0x72,0x65,0x6E,0x74,0x20,0x75,0x73,0x65,
    0x72,0x27,0x73,0x20,0x73,0x74,0x61,0x6E,0x64,0x61,0x72,0x64,
    0x20,0x66,0x6F,0x6C,0x64,0x65,0x72,0x73,0x2E,0x0D,0x0A,0x3A,
    0x3A,0x20,0x4E,0x6F,0x6E,0x2D,0x64,0x65,0x73,0x74,0x72,0x75,
    0x63,0x74,0x69,0x76,0x65,0x3A,0x20,0x6E,0x6F,0x74,0x68,0x69,
    0x6E,0x67,0x20,0x69,0x73,0x20,0x64,0x65,0x6C,0x65,0x74,0x65,
    0x64,0x20,0x61,0x6E,0x64,0x20,0x65,0x78,0x69,0x73,0x74,0x69,
    0x6E,0x67,0x20,0x66,0x69,0x6C,0x65,0x73,0x20,0x61,0x72,0x65,
    0x20,0x6E,0x65,0x76,0x65,0x72,0x20,0x6F,0x76,0x65,0x72,0x77,
    0x72,0x69,0x74,0x74,0x65,0x6E,0x2E,0x0D,0x0A,0x3A,0x3A,0x20,
    0x3D,0x3D,0x3D,0x3D,0x3D,0x3D,0x3D,0x3D,0x3D,0x3D,0x3D,0x3D,
    0x3D,0x3D,0x3D,0x3D,0x3D,0x3D,0x3D,0x3D,0x3D,0x3D,0x3D,0x3D,
    0x3D,0x3D,0x3D,0x3D,0x3D,0x3D,0x3D,0x3D,0x3D,0x3D,0x3D,0x3D,
    0x3D,0x3D,0x3D,0x3D,0x3D,0x3D,0x3D,0x3D,0x3D,0x3D,0x3D,0x3D,
    0x3D,0x3D,0x3D,0x3D,0x3D,0x3D,0x3D,0x3D,0x3D,0x3D,0x3D,0x3D,
    0x3D,0x3D,0x3D,0x3D,0x3D,0x3D,0x3D,0x3D,0x3D,0x3D,0x3D,0x3D,
    0x3D,0x3D,0x3D,0x3D,0x0D,0x0A,0x0D,0x0A,0x3A,0x3A,0x20,0x2D,
    0x2D,0x2D,0x2D,0x20,0x41,0x75,0x74,0x6F,0x2D,0x65,0x6C,0x65,
    0x76,0x61,0x74,0x65,0x20,0x76,0x69,0x61,0x20,0x50,0x6F,0x77,
    0x65,0x72,0x53,0x68,0x65,0x6C,0x6C,0x20,0x52,0x75,0x6E,0x41,
    0x73,0x20,0x2D,0x2D,0x2D,0x2D,0x2D,0x2D,0x2D,0x2D,0x2D,0x2D,
    0x2D,0x2D,0x2D,0x2D,0x2D,0x2D,0x2D,0x2D,0x2D,0x2D,0x2D,0x2D,
    0x2D,0x2D,0x2D,0x2D,0x2D,0x2D,0x2D,0x2D,0x2D,0x2D,0x2D,0x2D,
    0x2D,0x2D,0x0D,0x0A,0x3A,0x3A,0x20,0x54,0x68,0x65,0x20,0x2F,
    0x65,0x6C,0x65,0x76,0x61,0x74,0x65,0x64,0x20,0x66,0x6C,0x61,
    0x67,0x20,0x73,0x74,0x6F,0x70,0x73,0x20,0x61,0x6E,0x20,0x65,
    0x6E,0x64,0x6C,0x65,0x73,0x73,0x20,0x72,0x65,0x6C,0x61,0x75,
    0x6E,0x63,0x68,0x20,0x6C,0x6F,0x6F,0x70,0x20,0x69,0x66,0x20,
    0x65,0x6C,0x65,0x76,0x61,0x74,0x69,0x6F,0x6E,0x20,0x66,0x61,
    0x69,0x6C,0x73,0x2E,0x0D,0x0A,0x66,0x6C,0x74,0x6D,0x63,0x20,
    0x3E,0x6E,0x75,0x6C,0x20,0x32,0x3E,0x26,0x31,0x0D,0x0A,0x69,
    0x66,0x20,0x65,0x72,0x72,0x6F,0x72,0x6C,0x65,0x76,0x65,0x6C,
    0x20,0x31,0x20,0x28,0x0D,0x0A,0x20,0x20,0x20,0x20,0x69,0x66,
    0x20,0x2F,0x69,0x20,0x22,0x25,0x7E,0x31,0x22,0x3D,0x3D,0x22,
    0x2F,0x65,0x6C,0x65,0x76,0x61,0x74,0x65,0x64,0x22,0x20,0x28,
    0x0D,0x0A,0x20,0x20,0x20,0x20,0x20,0x20,0x20,0x20,0x65,0x63,
    0x68,0x6F,0x20,0x41,0x64,0x6D,0x69,0x6E,0x69,0x73,0x74,0x72,
    0x61,0x74,0x6F,0x72,0x20,0x70,0x72,0x69,0x76,0x69,0x6C,0x65,
    0x67,0x65,0x73,0x20,0x61,0x72,0x65,0x20,0x72,0x65,0x71,0x75,
    0x69,0x72,0x65,0x64,0x20,0x62,0x75,0x74,0x20,0x63,0x6F,0x75,
    0x6C,0x64,0x20,0x6E,0x6F,0x74,0x20,0x62,0x65,0x20,0x6F,0x62,
    0x74,0x61,0x69,0x6E,0x65,0x64,0x2E,0x0D,0x0A,0x20,0x20,0x20,
    0x20,0x20,0x20,0x20,0x20,0x70,0x61,0x75,0x73,0x65,0x0D,0x0A,
    0x20,0x20,0x20,0x20,0x20,0x20,0x20,0x20,0x65,0x78,0x69,0x74,
    0x20,0x2F,0x62,0x20,0x31,0x0D,0x0A,0x20,0x20,0x20,0x20,0x29,
    0x0D,0x0A,0x20,0x20,0x20,0x20,0x73,0x65,0x74,0x20,0x22,0x53,
    0x65,0x6C,0x66,0x50,0x61,0x74,0x68,0x3D,0x25,0x7E,0x66,0x30,
    0x22,0x0D,0x0A,0x20,0x20,0x20,0x20,0x70,0x6F,0x77,0x65,0x72,
    0x73,0x68,0x65,0x6C,0x6C,0x20,0x2D,0x4E,0x6F,0x50,0x72,0x6F,
    0x66,0x69,0x6C,0x65,0x20,0x2D,0x43,0x6F,0x6D,0x6D,0x61,0x6E,
    0x64,0x20,0x22,0x74,0x72,0x79,0x20,0x7B,0x20,0x53,0x74,0x61,
    0x72,0x74,0x2D,0x50,0x72,0x6F,0x63,0x65,0x73,0x73,0x20,0x2D,
    0x46,0x69,0x6C,0x65,0x50,0x61,0x74,0x68,0x20,0x24,0x65,0x6E,
    0x76,0x3A,0x53,0x65,0x6C,0x66,0x50,0x61,0x74,0x68,0x20,0x2D,
    0x41,0x72,0x67,0x75,0x6D,0x65,0x6E,0x74,0x4C,0x69,0x73,0x74,
    0x20,0x27,0x2F,0x65,0x6C,0x65,0x76,0x61,0x74,0x65,0x64,0x27,
    0x20,0x2D,0x56,0x65,0x72,0x62,0x20,0x52,0x75,0x6E,0x41,0x73,
    0x20,0x2D,0x45,0x72,0x72,0x6F,0x72,0x41,0x63,0x74,0x69,0x6F,
    0x6E,0x20,0x53,0x74,0x6F,0x70,0x20,0x7D,0x20,0x63,0x61,0x74,
    0x63,0x68,0x20,0x7B,0x20,0x7D,0x22,0x0D,0x0A,0x20,0x20,0x20,
    0x20,0x65,0x78,0x69,0x74,0x20,0x2F,0x62,0x0D,0x0A,0x29,0x0D,
    0x0A,0x0D,0x0A,0x73,0x65,0x74,0x6C,0x6F,0x63,0x61,0x6C,0x20,
    0x45,0x6E,0x61,0x62,0x6C,0x65,0x44,0x65,0x6C,0x61,0x79,0x65,
    0x64,0x45,0x78,0x70,0x61,0x6E,0x73,0x69,0x6F,0x6E,0x0D,0x0A,
    0x63,0x6F,0x6C,0x6F,0x72,0x20,0x30,0x42,0x0D,0x0A,0x74,0x69,
    0x74,0x6C,0x65,0x20,0x55,0x73,0x65,0x72,0x20,0x50,0x72,0x6F,
    0x66,0x69,0x6C,0x65,0x20,0x52,0x65,0x73,0x74,0x6F,0x72,0x65,
    0x0D,0x0A,0x0D,0x0A,0x73,0x65,0x74,0x20,0x22,0x42,0x61,0x63,
    0x6B,0x75,0x70,0x52,0x6F,0x6F,0x74,0x3D,0x43,0x3A,0x5C,0x55,
    0x73,0x65,0x72,0x20,0x42,0x61,0x63,0x6B,0x75,0x70,0x22,0x0D,
    0x0A,0x73,0x65,0x74,0x20,0x22,0x45,0x72,0x72,0x6F,0x72,0x73,
    0x3D,0x30,0x22,0x0D,0x0A,0x0D,0x0A,0x63,0x6C,0x73,0x0D,0x0A,
    0x65,0x63,0x68,0x6F,0x20,0x2B,0x3D,0x3D,0x3D,0x3D,0x3D,0x3D,
    0x3D,0x3D,0x3D,0x3D,0x3D,0x3D,0x3D,0x3D,0x3D,0x3D,0x3D,0x3D,
    0x3D,0x3D,0x3D,0x3D,0x3D,0x3D,0x3D,0x3D,0x3D,0x3D,0x3D,0x3D,
    0x3D,0x3D,0x3D,0x3D,0x3D,0x3D,0x3D,0x3D,0x3D,0x3D,0x3D,0x3D,
    0x3D,0x3D,0x3D,0x3D,0x3D,0x3D,0x3D,0x3D,0x3D,0x3D,0x3D,0x3D,
    0x3D,0x3D,0x3D,0x3D,0x3D,0x3D,0x2B,0x0D,0x0A,0x65,0x63,0x68,
    0x6F,0x20,0x5E,0x7C,0x20,0x20,0x20,0x20,0x20,0x20,0x20,0x20,
    0x20,0x20,0x20,0x20,0x20,0x20,0x20,0x20,0x20,0x20,0x20,0x20,
    0x55,0x53,0x45,0x52,0x20,0x50,0x52,0x4F,0x46,0x49,0x4C,0x45,
    0x20,0x52,0x45,0x53,0x54,0x4F,0x52,0x45,0x20,0x20,0x20,0x20,
    0x20,0x20,0x20,0x20,0x20,0x20,0x20,0x20,0x20,0x20,0x20,0x20,
    0x20,0x20,0x20,0x20,0x5E,0x7C,0x0D,0x0A,0x65,0x63,0x68,0x6F,
    0x20,0x2B,0x3D,0x3D,0x3D,0x3D,0x3D,0x3D,0x3D,0x3D,0x3D,0x3D,
    0x3D,0x3D,0x3D,0x3D,0x3D,0x3D,0x3D,0x3D,0x3D,0x3D,0x3D,0x3D,
    0x3D,0x3D,0x3D,0x3D,0x3D,0x3D,0x3D,0x3D,0x3D,0x3D,0x3D,0x3D,
    0x3D,0x3D,0x3D,0x3D,0x3D,0x3D,0x3D,0x3D,0x3D,0x3D,0x3D,0x3D,
    0x3D,0x3D,0x3D,0x3D,0x3D,0x3D,0x3D,0x3D,0x3D,0x3D,0x3D,0x3D,
    0x3D,0x3D,0x2B,0x0D,0x0A,0x65,0x63,0x68,0x6F,0x2E,0x0D,0x0A,
    0x65,0x63,0x68,0x6F,0x20,0x53,0x6F,0x75,0x72,0x63,0x65,0x20,
    0x50,0x61,0x74,0x68,0x20,0x20,0x3A,0x20,0x21,0x42,0x61,0x63,
    0x6B,0x75,0x70,0x52,0x6F,0x6F,0x74,0x21,0x0D,0x0A,0x65,0x63,
    0x68,0x6F,0x20,0x55,0x73,0x65,0x72,0x20,0x50,0x72,0x6F,0x66,
    0x69,0x6C,0x65,0x20,0x3A,0x20,0x21,0x55,0x53,0x45,0x52,0x50,
    0x52,0x4F,0x46,0x49,0x4C,0x45,0x21,0x0D,0x0A,0x65,0x63,0x68,
    0x6F,0x2E,0x0D,0x0A,0x0D,0x0A,0x69,0x66,0x20,0x6E,0x6F,0x74,
    0x20,0x65,0x78,0x69,0x73,0x74,0x20,0x22,0x21,0x42,0x61,0x63,
    0x6B,0x75,0x70,0x52,0x6F,0x6F,0x74,0x21,0x5C,0x22,0x20,0x28,
    0x0D,0x0A,0x20,0x20,0x20,0x20,0x65,0x63,0x68,0x6F,0x20,0x45,
    0x52,0x52,0x4F,0x52,0x3A,0x20,0x42,0x61,0x63,0x6B,0x75,0x70,
    0x20,0x66,0x6F,0x6C,0x64,0x65,0x72,0x20,0x6E,0x6F,0x74,0x20,
    0x66,0x6F,0x75,0x6E,0x64,0x2E,0x0D,0x0A,0x20,0x20,0x20,0x20,
    0x65,0x63,0x68,0x6F,0x2E,0x0D,0x0A,0x20,0x20,0x20,0x20,0x63,
    0x61,0x6C,0x6C,0x20,0x3A,0x43,0x6F,0x75,0x6E,0x74,0x64,0x6F,
    0x77,0x6E,0x0D,0x0A,0x20,0x20,0x20,0x20,0x65,0x78,0x69,0x74,
    0x20,0x2F,0x62,0x20,0x31,0x0D,0x0A,0x29,0x0D,0x0A,0x0D,0x0A,
    0x3A,0x3A,0x20,0x2D,0x2D,0x2D,0x2D,0x20,0x43,0x6F,0x6E,0x66,
    0x69,0x72,0x6D,0x61,0x74,0x69,0x6F,0x6E,0x20,0x2D,0x2D,0x2D,
    0x2D,0x2D,0x2D,0x2D,0x2D,0x2D,0x2D,0x2D,0x2D,0x2D,0x2D,0x2D,
    0x2D,0x2D,0x2D,0x2D,0x2D,0x2D,0x2D,0x2D,0x2D,0x2D,0x2D,0x2D,
    0x2D,0x2D,0x2D,0x2D,0x2D,0x2D,0x2D,0x2D,0x2D,0x2D,0x2D,0x2D,
    0x2D,0x2D,0x2D,0x2D,0x2D,0x2D,0x2D,0x2D,0x2D,0x2D,0x2D,0x2D,
    0x2D,0x2D,0x2D,0x2D,0x2D,0x2D,0x0D,0x0A,0x65,0x63,0x68,0x6F,
    0x20,0x4D,0x69,0x73,0x73,0x69,0x6E,0x67,0x20,0x66,0x69,0x6C,
    0x65,0x73,0x20,0x77,0x69,0x6C,0x6C,0x20,0x62,0x65,0x20,0x72,
    0x65,0x73,0x74,0x6F,0x72,0x65,0x64,0x20,0x69,0x6E,0x74,0x6F,
    0x20,0x79,0x6F,0x75,0x72,0x20,0x70,0x72,0x6F,0x66,0x69,0x6C,
    0x65,0x20,0x66,0x6F,0x6C,0x64,0x65,0x72,0x73,0x2E,0x0D,0x0A,
    0x65,0x63,0x68,0x6F,0x20,0x45,0x78,0x69,0x73,0x74,0x69,0x6E,
    0x67,0x20,0x66,0x69,0x6C,0x65,0x73,0x20,0x61,0x72,0x65,0x20,
    0x6E,0x65,0x76,0x65,0x72,0x20,0x6F,0x76,0x65,0x72,0x77,0x72,
    0x69,0x74,0x74,0x65,0x6E,0x20,0x6F,0x72,0x20,0x64,0x65,0x6C,
    0x65,0x74,0x65,0x64,0x2E,0x0D,0x0A,0x65,0x63,0x68,0x6F,0x2E,
    0x0D,0x0A,0x63,0x68,0x6F,0x69,0x63,0x65,0x20,0x2F,0x63,0x20,
    0x59,0x4E,0x20,0x2F,0x6E,0x20,0x2F,0x6D,0x20,0x22,0x50,0x72,
    0x6F,0x63,0x65,0x65,0x64,0x20,0x77,0x69,0x74,0x68,0x20,0x72,
    0x65,0x73,0x74,0x6F,0x72,0x65,0x3F,0x20,0x5B,0x59,0x2F,0x4E,
    0x5D,0x3A,0x20,0x22,0x0D,0x0A,0x69,0x66,0x20,0x65,0x72,0x72,
    0x6F,0x72,0x6C,0x65,0x76,0x65,0x6C,0x20,0x32,0x20,0x28,0x0D,
    0x0A,0x20,0x20,0x20,0x20,0x65,0x63,0x68,0x6F,0x2E,0x0D,0x0A,
    0x20,0x20,0x20,0x20,0x65,0x63,0x68,0x6F,0x20,0x52,0x65,0x73,
    0x74,0x6F,0x72,0x65,0x20,0x63,0x61,0x6E,0x63,0x65,0x6C,0x6C,
    0x65,0x64,0x2E,0x0D,0x0A,0x20,0x20,0x20,0x20,0x65,0x63,0x68,
    0x6F,0x2E,0x0D,0x0A,0x20,0x20,0x20,0x20,0x63,0x61,0x6C,0x6C,
    0x20,0x3A,0x43,0x6F,0x75,0x6E,0x74,0x64,0x6F,0x77,0x6E,0x0D,
    0x0A,0x20,0x20,0x20,0x20,0x65,0x78,0x69,0x74,0x20,0x2F,0x62,
    0x20,0x32,0x0D,0x0A,0x29,0x0D,0x0A,0x65,0x63,0x68,0x6F,0x2E,
    0x0D,0x0A,0x0D,0x0A,0x3A,0x3A,0x20,0x2D,0x2D,0x2D,0x2D,0x20,
    0x46,0x6F,0x6C,0x64,0x65,0x72,0x73,0x3A,0x20,0x64,0x69,0x73,
    0x70,0x6C,0x61,0x79,0x20,0x6E,0x61,0x6D,0x65,0x2C,0x20,0x22,
    0x55,0x73,0x65,0x72,0x20,0x53,0x68,0x65,0x6C,0x6C,0x20,0x46,
    0x6F,0x6C,0x64,0x65,0x72,0x73,0x22,0x20,0x72,0x65,0x67,0x69,
    0x73,0x74,0x72,0x79,0x20,0x76,0x61,0x6C,0x75,0x65,0x20,0x6E,
    0x61,0x6D,0x65,0x20,0x2D,0x2D,0x2D,0x2D,0x2D,0x2D,0x0D,0x0A,
    0x63,0x61,0x6C,0x6C,0x20,0x3A,0x52,0x65,0x73,0x74,0x6F,0x72,
    0x65,0x46,0x6F,0x6C,0x64,0x65,0x72,0x20,0x22,0x44,0x65,0x73,
    0x6B,0x74,0x6F,0x70,0x22,0x20,0x20,0x20,0x22,0x44,0x65,0x73,
    0x6B,0x74,0x6F,0x70,0x22,0x0D,0x0A,0x63,0x61,0x6C,0x6C,0x20,
    0x3A,0x52,0x65,0x73,0x74,0x6F,0x72,0x65,0x46,0x6F,0x6C,0x64,
    0x65,0x72,0x20,0x22,0x44,0x6F,0x77,0x6E,0x6C,0x6F,0x61,0x64,
    0x73,0x22,0x20,0x22,0x7B,0x33,0x37,0x34,0x44,0x45,0x32,0x39,
    0x30,0x2D,0x31,0x32,0x33,0x46,0x2D,0x34,0x35,0x36,0x35,0x2D,
    0x39,0x31,0x36,0x34,0x2D,0x33,0x39,0x43,0x34,0x39,0x32,0x35,
    0x45,0x34,0x36,0x37,0x42,0x7D,0x22,0x0D,0x0A,0x63,0x61,0x6C,
    0x6C,0x20,0x3A,0x52,0x65,0x73,0x74,0x6F,0x72,0x65,0x46,0x6F,
    0x6C,0x64,0x65,0x72,0x20,0x22,0x44,0x6F,0x63,0x75,0x6D,0x65,
    0x6E,0x74,0x73,0x22,0x20,0x22,0x50,0x65,0x72,0x73,0x6F,0x6E,
    0x61,0x6C,0x22,0x0D,0x0A,0x63,0x61,0x6C,0x6C,0x20,0x3A,0x52,
    0x65,0x73,0x74,0x6F,0x72,0x65,0x46,0x6F,0x6C,0x64,0x65,0x72,
    0x20,0x22,0x4D,0x75,0x73,0x69,0x63,0x22,0x20,0x20,0x20,0x20,
    0x20,0x22,0x4D,0x79,0x20,0x4D,0x75,0x73,0x69,0x63,0x22,0x0D,
    0x0A,0x63,0x61,0x6C,0x6C,0x20,0x3A,0x52,0x65,0x73,0x74,0x6F,
    0x72,0x65,0x46,0x6F,0x6C,0x64,0x65,0x72,0x20,0x22,0x50,0x69,
    0x63,0x74,0x75,0x72,0x65,0x73,0x22,0x20,0x20,0x22,0x4D,0x79,
    0x20,0x50,0x69,0x63,0x74,0x75,0x72,0x65,0x73,0x22,0x0D,0x0A,
    0x63,0x61,0x6C,0x6C,0x20,0x3A,0x52,0x65,0x73,0x74,0x6F,0x72,
    0x65,0x46,0x6F,0x6C,0x64,0x65,0x72,0x20,0x22,0x56,0x69,0x64,
    0x65,0x6F,0x73,0x22,0x20,0x20,0x20,0x20,0x22,0x4D,0x79,0x20,
    0x56,0x69,0x64,0x65,0x6F,0x22,0x0D,0x0A,0x0D,0x0A,0x65,0x63,
    0x68,0x6F,0x2E,0x0D,0x0A,0x69,0x66,0x20,0x22,0x21,0x45,0x72,
    0x72,0x6F,0x72,0x73,0x21,0x22,0x3D,0x3D,0x22,0x30,0x22,0x20,
    0x28,0x0D,0x0A,0x20,0x20,0x20,0x20,0x65,0x63,0x68,0x6F,0x20,
    0x52,0x65,0x73,0x74,0x6F,0x72,0x65,0x20,0x63,0x6F,0x6D,0x70,
    0x6C,0x65,0x74,0x65,0x64,0x20,0x73,0x75,0x63,0x63,0x65,0x73,
    0x73,0x66,0x75,0x6C,0x6C,0x79,0x2E,0x0D,0x0A,0x29,0x20,0x65,
    0x6C,0x73,0x65,0x20,0x28,0x0D,0x0A,0x20,0x20,0x20,0x20,0x65,
    0x63,0x68,0x6F,0x20,0x52,0x65,0x73,0x74,0x6F,0x72,0x65,0x20,
    0x63,0x6F,0x6D,0x70,0x6C,0x65,0x74,0x65,0x64,0x20,0x77,0x69,
    0x74,0x68,0x20,0x65,0x72,0x72,0x6F,0x72,0x73,0x2E,0x0D,0x0A,
    0x29,0x0D,0x0A,0x65,0x63,0x68,0x6F,0x2E,0x0D,0x0A,0x63,0x61,
    0x6C,0x6C,0x20,0x3A,0x43,0x6F,0x75,0x6E,0x74,0x64,0x6F,0x77,
    0x6E,0x0D,0x0A,0x65,0x78,0x69,0x74,0x20,0x2F,0x62,0x20,0x25,
    0x45,0x72,0x72,0x6F,0x72,0x73,0x25,0x0D,0x0A,0x0D,0x0A,0x0D,
    0x0A,0x3A,0x3A,0x20,0x3D,0x3D,0x3D,0x3D,0x3D,0x3D,0x3D,0x3D,
    0x3D,0x3D,0x3D,0x3D,0x3D,0x3D,0x3D,0x3D,0x3D,0x3D,0x3D,0x3D,
    0x3D,0x3D,0x3D,0x3D,0x3D,0x3D,0x3D,0x3D,0x3D,0x3D,0x3D,0x3D,
    0x3D,0x3D,0x3D,0x3D,0x3D,0x3D,0x3D,0x3D,0x3D,0x3D,0x3D,0x3D,
    0x3D,0x3D,0x3D,0x3D,0x3D,0x3D,0x3D,0x3D,0x3D,0x3D,0x3D,0x3D,
    0x3D,0x3D,0x3D,0x3D,0x3D,0x3D,0x3D,0x3D,0x3D,0x3D,0x3D,0x3D,
    0x3D,0x3D,0x3D,0x3D,0x3D,0x3D,0x3D,0x3D,0x0D,0x0A,0x3A,0x3A,
    0x20,0x3A,0x52,0x65,0x73,0x74,0x6F,0x72,0x65,0x46,0x6F,0x6C,
    0x64,0x65,0x72,0x20,0x20,0x5B,0x64,0x69,0x73,0x70,0x6C,0x61,
    0x79,0x20,0x6E,0x61,0x6D,0x65,0x5D,0x20,0x5B,0x72,0x65,0x67,
    0x69,0x73,0x74,0x72,0x79,0x20,0x76,0x61,0x6C,0x75,0x65,0x20,
    0x6E,0x61,0x6D,0x65,0x5D,0x0D,0x0A,0x3A,0x3A,0x20,0x4E,0x6F,
    0x6E,0x2D,0x64,0x65,0x73,0x74,0x72,0x75,0x63,0x74,0x69,0x76,
    0x65,0x20,0x6D,0x65,0x72,0x67,0x65,0x3A,0x20,0x2F,0x58,0x43,
    0x20,0x2F,0x58,0x4E,0x20,0x2F,0x58,0x4F,0x20,0x73,0x6B,0x69,
    0x70,0x73,0x20,0x65,0x76,0x65,0x72,0x79,0x20,0x66,0x69,0x6C,
    0x65,0x20,0x74,0x68,0x61,0x74,0x20,0x61,0x6C,0x72,0x65,0x61,
    0x64,0x79,0x20,0x65,0x78,0x69,0x73,0x74,0x73,0x20,0x69,0x6E,
    0x0D,0x0A,0x3A,0x3A,0x20,0x74,0x68,0x65,0x20,0x64,0x65,0x73,
    0x74,0x69,0x6E,0x61,0x74,0x69,0x6F,0x6E,0x2C,0x20,0x61,0x6E,
    0x64,0x20,0x74,0x68,0x65,0x72,0x65,0x20,0x69,0x73,0x20,0x6E,
    0x6F,0x20,0x2F,0x4D,0x49,0x52,0x20,0x6F,0x72,0x20,0x2F,0x50,
    0x55,0x52,0x47,0x45,0x2C,0x20,0x73,0x6F,0x20,0x6E,0x6F,0x74,
    0x68,0x69,0x6E,0x67,0x20,0x69,0x73,0x20,0x64,0x65,0x6C,0x65,
    0x74,0x65,0x64,0x2E,0x0D,0x0A,0x3A,0x3A,0x20,0x3D,0x3D,0x3D,
    0x3D,0x3D,0x3D,0x3D,0x3D,0x3D,0x3D,0x3D,0x3D,0x3D,0x3D,0x3D,
    0x3D,0x3D,0x3D,0x3D,0x3D,0x3D,0x3D,0x3D,0x3D,0x3D,0x3D,0x3D,
    0x3D,0x3D,0x3D,0x3D,0x3D,0x3D,0x3D,0x3D,0x3D,0x3D,0x3D,0x3D,
    0x3D,0x3D,0x3D,0x3D,0x3D,0x3D,0x3D,0x3D,0x3D,0x3D,0x3D,0x3D,
    0x3D,0x3D,0x3D,0x3D,0x3D,0x3D,0x3D,0x3D,0x3D,0x3D,0x3D,0x3D,
    0x3D,0x3D,0x3D,0x3D,0x3D,0x3D,0x3D,0x3D,0x3D,0x3D,0x3D,0x3D,
    0x3D,0x0D,0x0A,0x3A,0x52,0x65,0x73,0x74,0x6F,0x72,0x65,0x46,
    0x6F,0x6C,0x64,0x65,0x72,0x0D,0x0A,0x73,0x65,0x74,0x20,0x22,
    0x4E,0x61,0x6D,0x65,0x3D,0x25,0x7E,0x31,0x22,0x0D,0x0A,0x63,
    0x61,0x6C,0x6C,0x20,0x3A,0x50,0x72,0x69,0x6E,0x74,0x50,0x72,
    0x65,0x66,0x69,0x78,0x0D,0x0A,0x69,0x66,0x20,0x6E,0x6F,0x74,
    0x20,0x65,0x78,0x69,0x73,0x74,0x20,0x22,0x21,0x42,0x61,0x63,
    0x6B,0x75,0x70,0x52,0x6F,0x6F,0x74,0x21,0x5C,0x21,0x4E,0x61,
    0x6D,0x65,0x21,0x5C,0x22,0x20,0x28,0x0D,0x0A,0x20,0x20,0x20,
    0x20,0x63,0x61,0x6C,0x6C,0x20,0x3A,0x50,0x72,0x69,0x6E,0x74,
    0x53,0x74,0x61,0x74,0x75,0x73,0x20,0x22,0x20,0x20,0x53,0x4B,
    0x49,0x50,0x20,0x20,0x22,0x0D,0x0A,0x20,0x20,0x20,0x20,0x67,
    0x6F,0x74,0x6F,0x20,0x3A,0x65,0x6F,0x66,0x0D,0x0A,0x29,0x0D,
    0x0A,0x63,0x61,0x6C,0x6C,0x20,0x3A,0x52,0x65,0x73,0x6F,0x6C,
    0x76,0x65,0x46,0x6F,0x6C,0x64,0x65,0x72,0x20,0x22,0x25,0x7E,
    0x32,0x22,0x0D,0x0A,0x72,0x6F,0x62,0x6F,0x63,0x6F,0x70,0x79,
    0x20,0x22,0x21,0x42,0x61,0x63,0x6B,0x75,0x70,0x52,0x6F,0x6F,
    0x74,0x21,0x5C,0x21,0x4E,0x61,0x6D,0x65,0x21,0x22,0x20,0x22,
    0x21,0x52,0x65,0x73,0x6F,0x6C,0x76,0x65,0x64,0x21,0x22,0x20,
    0x2F,0x45,0x20,0x2F,0x43,0x4F,0x50,0x59,0x3A,0x44,0x41,0x54,
    0x20,0x2F,0x44,0x43,0x4F,0x50,0x59,0x3A,0x44,0x41,0x54,0x20,
    0x2F,0x58,0x4A,0x20,0x2F,0x58,0x43,0x20,0x2F,0x58,0x4E,0x20,
    0x2F,0x58,0x4F,0x20,0x2F,0x52,0x3A,0x31,0x20,0x2F,0x57,0x3A,
    0x31,0x20,0x2F,0x4E,0x50,0x20,0x2F,0x4E,0x44,0x4C,0x20,0x2F,
    0x4E,0x46,0x4C,0x20,0x2F,0x4E,0x4A,0x48,0x20,0x2F,0x4E,0x4A,
    0x53,0x20,0x3E,0x6E,0x75,0x6C,0x20,0x32,0x3E,0x26,0x31,0x0D,
    0x0A,0x69,0x66,0x20,0x65,0x72,0x72,0x6F,0x72,0x6C,0x65,0x76,
    0x65,0x6C,0x20,0x38,0x20,0x28,0x0D,0x0A,0x20,0x20,0x20,0x20,
    0x73,0x65,0x74,0x20,0x22,0x45,0x72,0x72,0x6F,0x72,0x73,0x3D,
    0x31,0x22,0x0D,0x0A,0x20,0x20,0x20,0x20,0x63,0x61,0x6C,0x6C,
    0x20,0x3A,0x50,0x72,0x69,0x6E,0x74,0x53,0x74,0x61,0x74,0x75,
    0x73,0x20,0x22,0x20,0x46,0x41,0x49,0x4C,0x45,0x44,0x20,0x22,
    0x0D,0x0A,0x29,0x20,0x65,0x6C,0x73,0x65,0x20,0x28,0x0D,0x0A,
    0x20,0x20,0x20,0x20,0x63,0x61,0x6C,0x6C,0x20,0x3A,0x50,0x72,
    0x69,0x6E,0x74,0x53,0x74,0x61,0x74,0x75,0x73,0x20,0x22,0x20,
    0x20,0x44,0x4F,0x4E,0x45,0x20,0x20,0x22,0x0D,0x0A,0x29,0x0D,
    0x0A,0x67,0x6F,0x74,0x6F,0x20,0x3A,0x65,0x6F,0x66,0x0D,0x0A,
    0x0D,0x0A,0x0D,0x0A,0x3A,0x3A,0x20,0x3D,0x3D,0x3D,0x3D,0x3D,
    0x3D,0x3D,0x3D,0x3D,0x3D,0x3D,0x3D,0x3D,0x3D,0x3D,0x3D,0x3D,
    0x3D,0x3D,0x3D,0x3D,0x3D,0x3D,0x3D,0x3D,0x3D,0x3D,0x3D,0x3D,
    0x3D,0x3D,0x3D,0x3D,0x3D,0x3D,0x3D,0x3D,0x3D,0x3D,0x3D,0x3D,
    0x3D,0x3D,0x3D,0x3D,0x3D,0x3D,0x3D,0x3D,0x3D,0x3D,0x3D,0x3D,
    0x3D,0x3D,0x3D,0x3D,0x3D,0x3D,0x3D,0x3D,0x3D,0x3D,0x3D,0x3D,
    0x3D,0x3D,0x3D,0x3D,0x3D,0x3D,0x3D,0x3D,0x3D,0x3D,0x3D,0x0D,
    0x0A,0x3A,0x3A,0x20,0x3A,0x52,0x65,0x73,0x6F,0x6C,0x76,0x65,
    0x46,0x6F,0x6C,0x64,0x65,0x72,0x20,0x20,0x5B,0x72,0x65,0x67,
    0x69,0x73,0x74,0x72,0x79,0x20,0x76,0x61,0x6C,0x75,0x65,0x20,
    0x6E,0x61,0x6D,0x65,0x5D,0x0D,0x0A,0x3A,0x3A,0x20,0x53,0x65,
    0x74,0x73,0x20,0x22,0x52,0x65,0x73,0x6F,0x6C,0x76,0x65,0x64,
    0x22,0x20,0x74,0x6F,0x20,0x74,0x68,0x65,0x20,0x64,0x65,0x73,
    0x74,0x69,0x6E,0x61,0x74,0x69,0x6F,0x6E,0x20,0x66,0x6F,0x6C,
    0x64,0x65,0x72,0x20,0x69,0x6E,0x73,0x69,0x64,0x65,0x20,0x74,
    0x68,0x65,0x20,0x63,0x75,0x72,0x72,0x65,0x6E,0x74,0x20,0x70,
    0x72,0x6F,0x66,0x69,0x6C,0x65,0x2E,0x0D,0x0A,0x3A,0x3A,0x20,
    0x4F,0x72,0x64,0x65,0x72,0x3A,0x20,0x72,0x65,0x67,0x69,0x73,
    0x74,0x72,0x79,0x20,0x28,0x55,0x73,0x65,0x72,0x20,0x53,0x68,
    0x65,0x6C,0x6C,0x20,0x46,0x6F,0x6C,0x64,0x65,0x72,0x73,0x29,
    0x2C,0x20,0x74,0x68,0x65,0x6E,0x20,0x73,0x74,0x61,0x6E,0x64,
    0x61,0x72,0x64,0x20,0x70,0x72,0x6F,0x66,0x69,0x6C,0x65,0x2C,
    0x20,0x74,0x68,0x65,0x6E,0x20,0x4F,0x6E,0x65,0x44,0x72,0x69,
    0x76,0x65,0x20,0x66,0x6F,0x6C,0x64,0x65,0x72,0x73,0x2E,0x0D,
    0x0A,0x3A,0x3A,0x20,0x49,0x66,0x20,0x6E,0x6F,0x6E,0x65,0x20,
    0x65,0x78,0x69,0x73,0x74,0x73,0x20,0x79,0x65,0x74,0x2C,0x20,
    0x74,0x68,0x65,0x20,0x72,0x65,0x67,0x69,0x73,0x74,0x72,0x79,
    0x20,0x70,0x61,0x74,0x68,0x20,0x28,0x6F,0x72,0x20,0x73,0x74,
    0x61,0x6E,0x64,0x61,0x72,0x64,0x20,0x70,0x61,0x74,0x68,0x29,
    0x20,0x69,0x73,0x20,0x75,0x73,0x65,0x64,0x20,0x61,0x6E,0x64,
    0x0D,0x0A,0x3A,0x3A,0x20,0x52,0x6F,0x62,0x6F,0x63,0x6F,0x70,
    0x79,0x20,0x63,0x72,0x65,0x61,0x74,0x65,0x73,0x20,0x69,0x74,
    0x2E,0x0D,0x0A,0x3A,0x3A,0x20,0x3D,0x3D,0x3D,0x3D,0x3D,0x3D,
    0x3D,0x3D,0x3D,0x3D,0x3D,0x3D,0x3D,0x3D,0x3D,0x3D,0x3D,0x3D,
    0x3D,0x3D,0x3D,0x3D,0x3D,0x3D,0x3D,0x3D,0x3D,0x3D,0x3D,0x3D,
    0x3D,0x3D,0x3D,0x3D,0x3D,0x3D,0x3D,0x3D,0x3D,0x3D,0x3D,0x3D,
    0x3D,0x3D,0x3D,0x3D,0x3D,0x3D,0x3D,0x3D,0x3D,0x3D,0x3D,0x3D,
    0x3D,0x3D,0x3D,0x3D,0x3D,0x3D,0x3D,0x3D,0x3D,0x3D,0x3D,0x3D,
    0x3D,0x3D,0x3D,0x3D,0x3D,0x3D,0x3D,0x3D,0x3D,0x3D,0x0D,0x0A,
    0x3A,0x52,0x65,0x73,0x6F,0x6C,0x76,0x65,0x46,0x6F,0x6C,0x64,
    0x65,0x72,0x0D,0x0A,0x73,0x65,0x74,0x20,0x22,0x52,0x65,0x73,
    0x6F,0x6C,0x76,0x65,0x64,0x3D,0x22,0x0D,0x0A,0x73,0x65,0x74,
    0x20,0x22,0x52,0x65,0x67,0x4C,0x69,0x6E,0x65,0x3D,0x22,0x0D,
    0x0A,0x73,0x65,0x74,0x20,0x22,0x52,0x65,0x67,0x44,0x61,0x74,
    0x61,0x3D,0x22,0x0D,0x0A,0x0D,0x0A,0x3A,0x3A,0x20,0x31,0x29,
    0x20,0x52,0x65,0x67,0x69,0x73,0x74,0x72,0x79,0x2E,0x20,0x53,
    0x70,0x6C,0x69,0x74,0x20,0x6F,0x6E,0x20,0x74,0x68,0x65,0x20,
    0x76,0x61,0x6C,0x75,0x65,0x20,0x54,0x59,0x50,0x45,0x20,0x73,
    0x6F,0x20,0x6E,0x61,0x6D,0x65,0x73,0x20,0x77,0x69,0x74,0x68,
    0x20,0x73,0x70,0x61,0x63,0x65,0x73,0x20,0x73,0x74,0x61,0x79,
    0x20,0x69,0x6E,0x74,0x61,0x63,0x74,0x2E,0x0D,0x0A,0x66,0x6F,
    0x72,0x20,0x2F,0x66,0x20,0x22,0x64,0x65,0x6C,0x69,0x6D,0x73,
    0x3D,0x22,0x20,0x25,0x25,0x4C,0x20,0x69,0x6E,0x20,0x28,0x27,
    0x72,0x65,0x67,0x20,0x71,0x75,0x65,0x72,0x79,0x20,0x22,0x48,
    0x4B,0x43,0x55,0x5C,0x53,0x6F,0x66,0x74,0x77,0x61,0x72,0x65,
    0x5C,0x4D,0x69,0x63,0x72,0x6F,0x73,0x6F,0x66,0x74,0x5C,0x57,
    0x69,0x6E,0x64,0x6F,0x77,0x73,0x5C,0x43,0x75,0x72,0x72,0x65,
    0x6E,0x74,0x56,0x65,0x72,0x73,0x69,0x6F,0x6E,0x5C,0x45,0x78,
    0x70,0x6C,0x6F,0x72,0x65,0x72,0x5C,0x55,0x73,0x65,0x72,0x20,
    0x53,0x68,0x65,0x6C,0x6C,0x20,0x46,0x6F,0x6C,0x64,0x65,0x72,
    0x73,0x22,0x20,0x2F,0x76,0x20,0x22,0x25,0x7E,0x31,0x22,0x20,
    0x32,0x5E,0x3E,0x6E,0x75,0x6C,0x20,0x5E,0x7C,0x20,0x66,0x69,
    0x6E,0x64,0x73,0x74,0x72,0x20,0x2F,0x69,0x20,0x2F,0x63,0x3A,
    0x22,0x52,0x45,0x47,0x5F,0x22,0x27,0x29,0x20,0x64,0x6F,0x20,
    0x73,0x65,0x74,0x20,0x22,0x52,0x65,0x67,0x4C,0x69,0x6E,0x65,
    0x3D,0x25,0x25,0x4C,0x22,0x0D,0x0A,0x69,0x66,0x20,0x6E,0x6F,
    0x74,0x20,0x64,0x65,0x66,0x69,0x6E,0x65,0x64,0x20,0x52,0x65,
    0x67,0x4C,0x69,0x6E,0x65,0x20,0x67,0x6F,0x74,0x6F,0x20,0x3A,
    0x52,0x65,0x73,0x6F,0x6C,0x76,0x65,0x53,0x74,0x61,0x6E,0x64,
    0x61,0x72,0x64,0x0D,0x0A,0x73,0x65,0x74,0x20,0x22,0x52,0x65,
    0x67,0x44,0x61,0x74,0x61,0x3D,0x21,0x52,0x65,0x67,0x4C,0x69,
    0x6E,0x65,0x3A,0x2A,0x52,0x45,0x47,0x5F,0x45,0x58,0x50,0x41,
    0x4E,0x44,0x5F,0x53,0x5A,0x3D,0x21,0x22,0x0D,0x0A,0x69,0x66,
    0x20,0x22,0x21,0x52,0x65,0x67,0x44,0x61,0x74,0x61,0x21,0x22,
    0x3D,0x3D,0x22,0x21,0x52,0x65,0x67,0x4C,0x69,0x6E,0x65,0x21,
    0x22,0x20,0x73,0x65,0x74,0x20,0x22,0x52,0x65,0x67,0x44,0x61,
    0x74,0x61,0x3D,0x21,0x52,0x65,0x67,0x4C,0x69,0x6E,0x65,0x3A,
    0x2A,0x52,0x45,0x47,0x5F,0x53,0x5A,0x3D,0x21,0x22,0x0D,0x0A,
    0x66,0x6F,0x72,0x20,0x2F,0x66,0x20,0x22,0x74,0x6F,0x6B,0x65,
    0x6E,0x73,0x3D,0x2A,0x20,0x64,0x65,0x6C,0x69,0x6D,0x73,0x3D,
    0x20,0x22,0x20,0x25,0x25,0x44,0x20,0x69,0x6E,0x20,0x28,0x22,
    0x21,0x52,0x65,0x67,0x44,0x61,0x74,0x61,0x21,0x22,0x29,0x20,
    0x64,0x6F,0x20,0x73,0x65,0x74,0x20,0x22,0x52,0x65,0x67,0x44,
    0x61,0x74,0x61,0x3D,0x25,0x25,0x44,0x22,0x0D,0x0A,0x69,0x66,
    0x20,0x22,0x21,0x52,0x65,0x67,0x44,0x61,0x74,0x61,0x3A,0x20,
    0x3D,0x21,0x22,0x3D,0x3D,0x22,0x22,0x20,0x73,0x65,0x74,0x20,
    0x22,0x52,0x65,0x67,0x44,0x61,0x74,0x61,0x3D,0x22,0x0D,0x0A,
    0x73,0x65,0x74,0x20,0x22,0x52,0x65,0x67,0x44,0x61,0x74,0x61,
    0x3D,0x21,0x52,0x65,0x67,0x44,0x61,0x74,0x61,0x3A,0x22,0x3D,
    0x21,0x22,0x0D,0x0A,0x63,0x61,0x6C,0x6C,0x20,0x73,0x65,0x74,
    0x20,0x22,0x52,0x65,0x67,0x44,0x61,0x74,0x61,0x3D,0x25,0x52,
    0x65,0x67,0x44,0x61,0x74,0x61,0x25,0x22,0x0D,0x0A,0x69,0x66,
    0x20,0x64,0x65,0x66,0x69,0x6E,0x65,0x64,0x20,0x52,0x65,0x67,
    0x44,0x61,0x74,0x61,0x20,0x69,0x66,0x20,0x65,0x78,0x69,0x73,
    0x74,0x20,0x22,0x21,0x52,0x65,0x67,0x44,0x61,0x74,0x61,0x21,
    0x5C,0x22,0x20,0x73,0x65,0x74,0x20,0x22,0x52,0x65,0x73,0x6F,
    0x6C,0x76,0x65,0x64,0x3D,0x21,0x52,0x65,0x67,0x44,0x61,0x74,
    0x61,0x21,0x22,0x0D,0x0A,0x69,0x66,0x20,0x64,0x65,0x66,0x69,
    0x6E,0x65,0x64,0x20,0x52,0x65,0x73,0x6F,0x6C,0x76,0x65,0x64,
    0x20,0x67,0x6F,0x74,0x6F,0x20,0x3A,0x52,0x65,0x73,0x6F,0x6C,
    0x76,0x65,0x44,0x6F,0x6E,0x65,0x0D,0x0A,0x0D,0x0A,0x3A,0x52,
    0x65,0x73,0x6F,0x6C,0x76,0x65,0x53,0x74,0x61,0x6E,0x64,0x61,
    0x72,0x64,0x0D,0x0A,0x3A,0x3A,0x20,0x32,0x29,0x20,0x53,0x74,
    0x61,0x6E,0x64,0x61,0x72,0x64,0x20,0x70,0x72,0x6F,0x66,0x69,
    0x6C,0x65,0x20,0x66,0x6F,0x6C,0x64,0x65,0x72,0x2E,0x0D,0x0A,
    0x69,0x66,0x20,0x65,0x78,0x69,0x73,0x74,0x20,0x22,0x21,0x55,
    0x53,0x45,0x52,0x50,0x52,0x4F,0x46,0x49,0x4C,0x45,0x21,0x5C,
    0x21,0x4E,0x61,0x6D,0x65,0x21,0x5C,0x22,0x20,0x73,0x65,0x74,
    0x20,0x22,0x52,0x65,0x73,0x6F,0x6C,0x76,0x65,0x64,0x3D,0x21,
    0x55,0x53,0x45,0x52,0x50,0x52,0x4F,0x46,0x49,0x4C,0x45,0x21,
    0x5C,0x21,0x4E,0x61,0x6D,0x65,0x21,0x22,0x0D,0x0A,0x69,0x66,
    0x20,0x64,0x65,0x66,0x69,0x6E,0x65,0x64,0x20,0x52,0x65,0x73,
    0x6F,0x6C,0x76,0x65,0x64,0x20,0x67,0x6F,0x74,0x6F,0x20,0x3A,
    0x52,0x65,0x73,0x6F,0x6C,0x76,0x65,0x44,0x6F,0x6E,0x65,0x0D,
    0x0A,0x0D,0x0A,0x3A,0x3A,0x20,0x33,0x29,0x20,0x4F,0x6E,0x65,
    0x44,0x72,0x69,0x76,0x65,0x20,0x73,0x79,0x6E,0x63,0x20,0x66,
    0x6F,0x6C,0x64,0x65,0x72,0x73,0x2E,0x0D,0x0A,0x66,0x6F,0x72,
    0x20,0x25,0x25,0x52,0x20,0x69,0x6E,0x20,0x28,0x22,0x25,0x4F,
    0x6E,0x65,0x44,0x72,0x69,0x76,0x65,0x25,0x22,0x20,0x22,0x25,
    0x4F,0x6E,0x65,0x44,0x72,0x69,0x76,0x65,0x43,0x6F,0x6E,0x73,
    0x75,0x6D,0x65,0x72,0x25,0x22,0x20,0x22,0x25,0x4F,0x6E,0x65,
    0x44,0x72,0x69,0x76,0x65,0x43,0x6F,0x6D,0x6D,0x65,0x72,0x63,
    0x69,0x61,0x6C,0x25,0x22,0x20,0x22,0x25,0x55,0x53,0x45,0x52,
    0x50,0x52,0x4F,0x46,0x49,0x4C,0x45,0x25,0x5C,0x4F,0x6E,0x65,
    0x44,0x72,0x69,0x76,0x65,0x22,0x29,0x20,0x64,0x6F,0x20,0x28,
    0x0D,0x0A,0x20,0x20,0x20,0x20,0x69,0x66,0x20,0x6E,0x6F,0x74,
    0x20,0x64,0x65,0x66,0x69,0x6E,0x65,0x64,0x20,0x52,0x65,0x73,
    0x6F,0x6C,0x76,0x65,0x64,0x20,0x69,0x66,0x20,0x6E,0x6F,0x74,
    0x20,0x22,0x25,0x25,0x7E,0x52,0x22,0x3D,0x3D,0x22,0x22,0x20,
    0x69,0x66,0x20,0x65,0x78,0x69,0x73,0x74,0x20,0x22,0x25,0x25,
    0x7E,0x52,0x5C,0x21,0x4E,0x61,0x6D,0x65,0x21,0x5C,0x22,0x20,
    0x73,0x65,0x74,0x20,0x22,0x52,0x65,0x73,0x6F,0x6C,0x76,0x65,
    0x64,0x3D,0x25,0x25,0x7E,0x52,0x5C,0x21,0x4E,0x61,0x6D,0x65,
    0x21,0x22,0x0D,0x0A,0x29,0x0D,0x0A,0x69,0x66,0x20,0x64,0x65,
    0x66,0x69,0x6E,0x65,0x64,0x20,0x52,0x65,0x73,0x6F,0x6C,0x76,
    0x65,0x64,0x20,0x67,0x6F,0x74,0x6F,0x20,0x3A,0x52,0x65,0x73,
    0x6F,0x6C,0x76,0x65,0x44,0x6F,0x6E,0x65,0x0D,0x0A,0x0D,0x0A,
    0x3A,0x3A,0x20,0x34,0x29,0x20,0x4E,0x6F,0x74,0x68,0x69,0x6E,
    0x67,0x20,0x65,0x78,0x69,0x73,0x74,0x73,0x20,0x79,0x65,0x74,
    0x3A,0x20,0x66,0x61,0x6C,0x6C,0x20,0x62,0x61,0x63,0x6B,0x20,
    0x74,0x6F,0x20,0x74,0x68,0x65,0x20,0x72,0x65,0x67,0x69,0x73,
    0x74,0x72,0x79,0x20,0x70,0x61,0x74,0x68,0x2C,0x20,0x65,0x6C,
    0x73,0x65,0x20,0x74,0x68,0x65,0x20,0x73,0x74,0x61,0x6E,0x64,
    0x61,0x72,0x64,0x20,0x70,0x61,0x74,0x68,0x2E,0x0D,0x0A,0x69,
    0x66,0x20,0x64,0x65,0x66,0x69,0x6E,0x65,0x64,0x20,0x52,0x65,
    0x67,0x44,0x61,0x74,0x61,0x20,0x28,0x0D,0x0A,0x20,0x20,0x20,
    0x20,0x73,0x65,0x74,0x20,0x22,0x52,0x65,0x73,0x6F,0x6C,0x76,
    0x65,0x64,0x3D,0x21,0x52,0x65,0x67,0x44,0x61,0x74,0x61,0x21,
    0x22,0x0D,0x0A,0x29,0x20,0x65,0x6C,0x73,0x65,0x20,0x28,0x0D,
    0x0A,0x20,0x20,0x20,0x20,0x73,0x65,0x74,0x20,0x22,0x52,0x65,
    0x73,0x6F,0x6C,0x76,0x65,0x64,0x3D,0x21,0x55,0x53,0x45,0x52,
    0x50,0x52,0x4F,0x46,0x49,0x4C,0x45,0x21,0x5C,0x21,0x4E,0x61,
    0x6D,0x65,0x21,0x22,0x0D,0x0A,0x29,0x0D,0x0A,0x0D,0x0A,0x3A,
    0x52,0x65,0x73,0x6F,0x6C,0x76,0x65,0x44,0x6F,0x6E,0x65,0x0D,
    0x0A,0x69,0x66,0x20,0x64,0x65,0x66,0x69,0x6E,0x65,0x64,0x20,
    0x52,0x65,0x73,0x6F,0x6C,0x76,0x65,0x64,0x20,0x69,0x66,0x20,
    0x22,0x21,0x52,0x65,0x73,0x6F,0x6C,0x76,0x65,0x64,0x3A,0x7E,
    0x2D,0x31,0x21,0x22,0x3D,0x3D,0x22,0x5C,0x22,0x20,0x73,0x65,
    0x74,0x20,0x22,0x52,0x65,0x73,0x6F,0x6C,0x76,0x65,0x64,0x3D,
    0x21,0x52,0x65,0x73,0x6F,0x6C,0x76,0x65,0x64,0x3A,0x7E,0x30,
    0x2C,0x2D,0x31,0x21,0x22,0x0D,0x0A,0x67,0x6F,0x74,0x6F,0x20,
    0x3A,0x65,0x6F,0x66,0x0D,0x0A,0x0D,0x0A,0x0D,0x0A,0x3A,0x3A,
    0x20,0x3D,0x3D,0x3D,0x3D,0x3D,0x3D,0x3D,0x3D,0x3D,0x3D,0x3D,
    0x3D,0x3D,0x3D,0x3D,0x3D,0x3D,0x3D,0x3D,0x3D,0x3D,0x3D,0x3D,
    0x3D,0x3D,0x3D,0x3D,0x3D,0x3D,0x3D,0x3D,0x3D,0x3D,0x3D,0x3D,
    0x3D,0x3D,0x3D,0x3D,0x3D,0x3D,0x3D,0x3D,0x3D,0x3D,0x3D,0x3D,
    0x3D,0x3D,0x3D,0x3D,0x3D,0x3D,0x3D,0x3D,0x3D,0x3D,0x3D,0x3D,
    0x3D,0x3D,0x3D,0x3D,0x3D,0x3D,0x3D,0x3D,0x3D,0x3D,0x3D,0x3D,
    0x3D,0x3D,0x3D,0x3D,0x3D,0x0D,0x0A,0x3A,0x3A,0x20,0x55,0x49,
    0x20,0x68,0x65,0x6C,0x70,0x65,0x72,0x73,0x0D,0x0A,0x3A,0x3A,
    0x20,0x3D,0x3D,0x3D,0x3D,0x3D,0x3D,0x3D,0x3D,0x3D,0x3D,0x3D,
    0x3D,0x3D,0x3D,0x3D,0x3D,0x3D,0x3D,0x3D,0x3D,0x3D,0x3D,0x3D,
    0x3D,0x3D,0x3D,0x3D,0x3D,0x3D,0x3D,0x3D,0x3D,0x3D,0x3D,0x3D,
    0x3D,0x3D,0x3D,0x3D,0x3D,0x3D,0x3D,0x3D,0x3D,0x3D,0x3D,0x3D,
    0x3D,0x3D,0x3D,0x3D,0x3D,0x3D,0x3D,0x3D,0x3D,0x3D,0x3D,0x3D,
    0x3D,0x3D,0x3D,0x3D,0x3D,0x3D,0x3D,0x3D,0x3D,0x3D,0x3D,0x3D,
    0x3D,0x3D,0x3D,0x3D,0x3D,0x0D,0x0A,0x3A,0x50,0x72,0x69,0x6E,
    0x74,0x50,0x72,0x65,0x66,0x69,0x78,0x0D,0x0A,0x3A,0x3A,0x20,
    0x50,0x72,0x69,0x6E,0x74,0x73,0x20,0x22,0x5B,0x2B,0x5D,0x20,
    0x4E,0x61,0x6D,0x65,0x20,0x2E,0x2E,0x2E,0x2E,0x2E,0x2E,0x2E,
    0x2E,0x22,0x20,0x70,0x61,0x64,0x64,0x65,0x64,0x20,0x74,0x6F,
    0x20,0x61,0x20,0x66,0x69,0x78,0x65,0x64,0x20,0x77,0x69,0x64,
    0x74,0x68,0x2C,0x20,0x77,0x69,0x74,0x68,0x6F,0x75,0x74,0x20,
    0x61,0x20,0x6C,0x69,0x6E,0x65,0x20,0x62,0x72,0x65,0x61,0x6B,
    0x2E,0x0D,0x0A,0x73,0x65,0x74,0x20,0x22,0x4C,0x69,0x6E,0x65,
    0x3D,0x5B,0x2B,0x5D,0x20,0x21,0x4E,0x61,0x6D,0x65,0x21,0x20,
    0x2E,0x2E,0x2E,0x2E,0x2E,0x2E,0x2E,0x2E,0x2E,0x2E,0x2E,0x2E,
    0x2E,0x2E,0x2E,0x2E,0x2E,0x2E,0x2E,0x2E,0x2E,0x2E,0x2E,0x2E,
    0x2E,0x2E,0x2E,0x2E,0x2E,0x2E,0x2E,0x2E,0x2E,0x2E,0x2E,0x2E,
    0x2E,0x2E,0x2E,0x2E,0x2E,0x2E,0x2E,0x2E,0x2E,0x2E,0x2E,0x2E,
    0x2E,0x2E,0x2E,0x2E,0x2E,0x2E,0x2E,0x2E,0x2E,0x2E,0x2E,0x2E,
    0x22,0x0D,0x0A,0x73,0x65,0x74,0x20,0x22,0x4C,0x69,0x6E,0x65,
    0x3D,0x21,0x4C,0x69,0x6E,0x65,0x3A,0x7E,0x30,0x2C,0x35,0x31,
    0x21,0x22,0x0D,0x0A,0x3C,0x6E,0x75,0x6C,0x20,0x73,0x65,0x74,
    0x20,0x2F,0x70,0x20,0x22,0x3D,0x21,0x4C,0x69,0x6E,0x65,0x21,
    0x20,0x22,0x0D,0x0A,0x67,0x6F,0x74,0x6F,0x20,0x3A,0x65,0x6F,
    0x66,0x0D,0x0A,0x0D,0x0A,0x3A,0x50,0x72,0x69,0x6E,0x74,0x53,
    0x74,0x61,0x74,0x75,0x73,0x0D,0x0A,0x65,0x63,0x68,0x6F,0x20,
    0x5B,0x25,0x7E,0x31,0x5D,0x0D,0x0A,0x67,0x6F,0x74,0x6F,0x20,
    0x3A,0x65,0x6F,0x66,0x0D,0x0A,0x0D,0x0A,0x0D,0x0A,0x3A,0x3A,
    0x20,0x3D,0x3D,0x3D,0x3D,0x3D,0x3D,0x3D,0x3D,0x3D,0x3D,0x3D,
    0x3D,0x3D,0x3D,0x3D,0x3D,0x3D,0x3D,0x3D,0x3D,0x3D,0x3D,0x3D,
    0x3D,0x3D,0x3D,0x3D,0x3D,0x3D,0x3D,0x3D,0x3D,0x3D,0x3D,0x3D,
    0x3D,0x3D,0x3D,0x3D,0x3D,0x3D,0x3D,0x3D,0x3D,0x3D,0x3D,0x3D,
    0x3D,0x3D,0x3D,0x3D,0x3D,0x3D,0x3D,0x3D,0x3D,0x3D,0x3D,0x3D,
    0x3D,0x3D,0x3D,0x3D,0x3D,0x3D,0x3D,0x3D,0x3D,0x3D,0x3D,0x3D,
    0x3D,0x3D,0x3D,0x3D,0x3D,0x0D,0x0A,0x3A,0x3A,0x20,0x3A,0x43,
    0x6F,0x75,0x6E,0x74,0x64,0x6F,0x77,0x6E,0x20,0x20,0x2D,0x20,
    0x69,0x6E,0x6C,0x69,0x6E,0x65,0x20,0x31,0x30,0x2E,0x2E,0x31,
    0x20,0x74,0x69,0x6D,0x65,0x72,0x2C,0x20,0x61,0x6E,0x79,0x20,
    0x6B,0x65,0x79,0x20,0x65,0x78,0x69,0x74,0x73,0x20,0x69,0x6D,
    0x6D,0x65,0x64,0x69,0x61,0x74,0x65,0x6C,0x79,0x2E,0x0D,0x0A,
    0x3A,0x3A,0x20,0x49,0x66,0x20,0x63,0x6F,0x6E,0x73,0x6F,0x6C,
    0x65,0x20,0x69,0x6E,0x70,0x75,0x74,0x20,0x69,0x73,0x20,0x72,
    0x65,0x64,0x69,0x72,0x65,0x63,0x74,0x65,0x64,0x2C,0x20,0x5B,
    0x43,0x6F,0x6E,0x73,0x6F,0x6C,0x65,0x5D,0x3A,0x3A,0x4B,0x65,
    0x79,0x41,0x76,0x61,0x69,0x6C,0x61,0x62,0x6C,0x65,0x20,0x74,
    0x68,0x72,0x6F,0x77,0x73,0x3B,0x20,0x6B,0x65,0x79,0x20,0x64,
    0x65,0x74,0x65,0x63,0x74,0x69,0x6F,0x6E,0x0D,0x0A,0x3A,0x3A,
    0x20,0x69,0x73,0x20,0x74,0x68,0x65,0x6E,0x20,0x73,0x77,0x69,
    0x74,0x63,0x68,0x65,0x64,0x20,0x6F,0x66,0x66,0x20,0x61,0x6E,
    0x64,0x20,0x74,0x68,0x65,0x20,0x74,0x69,0x6D,0x65,0x72,0x20,
    0x73,0x69,0x6D,0x70,0x6C,0x79,0x20,0x72,0x75,0x6E,0x73,0x20,
    0x6F,0x75,0x74,0x2C,0x20,0x73,0x6F,0x20,0x69,0x74,0x20,0x6E,
    0x65,0x76,0x65,0x72,0x20,0x66,0x72,0x65,0x65,0x7A,0x65,0x73,
    0x2E,0x0D,0x0A,0x3A,0x3A,0x20,0x3D,0x3D,0x3D,0x3D,0x3D,0x3D,
    0x3D,0x3D,0x3D,0x3D,0x3D,0x3D,0x3D,0x3D,0x3D,0x3D,0x3D,0x3D,
    0x3D,0x3D,0x3D,0x3D,0x3D,0x3D,0x3D,0x3D,0x3D,0x3D,0x3D,0x3D,
    0x3D,0x3D,0x3D,0x3D,0x3D,0x3D,0x3D,0x3D,0x3D,0x3D,0x3D,0x3D,
    0x3D,0x3D,0x3D,0x3D,0x3D,0x3D,0x3D,0x3D,0x3D,0x3D,0x3D,0x3D,
    0x3D,0x3D,0x3D,0x3D,0x3D,0x3D,0x3D,0x3D,0x3D,0x3D,0x3D,0x3D,
    0x3D,0x3D,0x3D,0x3D,0x3D,0x3D,0x3D,0x3D,0x3D,0x3D,0x0D,0x0A,
    0x3A,0x43,0x6F,0x75,0x6E,0x74,0x64,0x6F,0x77,0x6E,0x0D,0x0A,
    0x73,0x65,0x74,0x20,0x22,0x43,0x64,0x43,0x6D,0x64,0x3D,0x24,
    0x63,0x72,0x20,0x3D,0x20,0x5B,0x73,0x74,0x72,0x69,0x6E,0x67,
    0x5D,0x5B,0x63,0x68,0x61,0x72,0x5D,0x31,0x33,0x3B,0x20,0x24,
    0x63,0x61,0x6E,0x4B,0x65,0x79,0x20,0x3D,0x20,0x24,0x74,0x72,
    0x75,0x65,0x3B,0x22,0x0D,0x0A,0x73,0x65,0x74,0x20,0x22,0x43,
    0x64,0x43,0x6D,0x64,0x3D,0x21,0x43,0x64,0x43,0x6D,0x64,0x21,
    0x20,0x74,0x72,0x79,0x20,0x7B,0x20,0x77,0x68,0x69,0x6C,0x65,
    0x20,0x28,0x5B,0x43,0x6F,0x6E,0x73,0x6F,0x6C,0x65,0x5D,0x3A,
    0x3A,0x4B,0x65,0x79,0x41,0x76,0x61,0x69,0x6C,0x61,0x62,0x6C,
    0x65,0x29,0x20,0x7B,0x20,0x5B,0x76,0x6F,0x69,0x64,0x5D,0x5B,
    0x43,0x6F,0x6E,0x73,0x6F,0x6C,0x65,0x5D,0x3A,0x3A,0x52,0x65,
    0x61,0x64,0x4B,0x65,0x79,0x28,0x24,0x74,0x72,0x75,0x65,0x29,
    0x20,0x7D,0x20,0x7D,0x20,0x63,0x61,0x74,0x63,0x68,0x20,0x7B,
    0x20,0x24,0x63,0x61,0x6E,0x4B,0x65,0x79,0x20,0x3D,0x20,0x24,
    0x66,0x61,0x6C,0x73,0x65,0x20,0x7D,0x3B,0x22,0x0D,0x0A,0x73,
    0x65,0x74,0x20,0x22,0x43,0x64,0x43,0x6D,0x64,0x3D,0x21,0x43,
    0x64,0x43,0x6D,0x64,0x21,0x20,0x66,0x6F,0x72,0x20,0x28,0x24,
    0x69,0x20,0x3D,0x20,0x31,0x30,0x3B,0x20,0x24,0x69,0x20,0x2D,
    0x67,0x65,0x20,0x31,0x3B,0x20,0x24,0x69,0x2D,0x2D,0x29,0x20,
    0x7B,0x22,0x0D,0x0A,0x73,0x65,0x74,0x20,0x22,0x43,0x64,0x43,
    0x6D,0x64,0x3D,0x21,0x43,0x64,0x43,0x6D,0x64,0x21,0x20,0x5B,
    0x43,0x6F,0x6E,0x73,0x6F,0x6C,0x65,0x5D,0x3A,0x3A,0x57,0x72,
    0x69,0x74,0x65,0x28,0x24,0x63,0x72,0x20,0x2B,0x20,0x27,0x43,
    0x6C,0x6F,0x73,0x69,0x6E,0x67,0x20,0x69,0x6E,0x20,0x27,0x20,
    0x2B,0x20,0x24,0x69,0x2E,0x54,0x6F,0x53,0x74,0x72,0x69,0x6E,
    0x67,0x28,0x29,0x2E,0x50,0x61,0x64,0x4C,0x65,0x66,0x74,0x28,
    0x32,0x29,0x20,0x2B,0x20,0x27,0x20,0x73,0x20,0x2E,0x2E,0x2E,
    0x20,0x20,0x70,0x72,0x65,0x73,0x73,0x20,0x61,0x6E,0x79,0x20,
    0x6B,0x65,0x79,0x20,0x74,0x6F,0x20,0x65,0x78,0x69,0x74,0x20,
    0x20,0x27,0x29,0x3B,0x22,0x0D,0x0A,0x73,0x65,0x74,0x20,0x22,
    0x43,0x64,0x43,0x6D,0x64,0x3D,0x21,0x43,0x64,0x43,0x6D,0x64,
    0x21,0x20,0x24,0x65,0x6E,0x64,0x20,0x3D,0x20,0x28,0x47,0x65,
    0x74,0x2D,0x44,0x61,0x74,0x65,0x29,0x2E,0x41,0x64,0x64,0x53,
    0x65,0x63,0x6F,0x6E,0x64,0x73,0x28,0x31,0x29,0x3B,0x22,0x0D,
    0x0A,0x73,0x65,0x74,0x20,0x22,0x43,0x64,0x43,0x6D,0x64,0x3D,
    0x21,0x43,0x64,0x43,0x6D,0x64,0x21,0x20,0x77,0x68,0x69,0x6C,
    0x65,0x20,0x28,0x28,0x47,0x65,0x74,0x2D,0x44,0x61,0x74,0x65,
    0x29,0x20,0x2D,0x6C,0x74,0x20,0x24,0x65,0x6E,0x64,0x29,0x20,
    0x7B,0x22,0x0D,0x0A,0x73,0x65,0x74,0x20,0x22,0x43,0x64,0x43,
    0x6D,0x64,0x3D,0x21,0x43,0x64,0x43,0x6D,0x64,0x21,0x20,0x69,
    0x66,0x20,0x28,0x24,0x63,0x61,0x6E,0x4B,0x65,0x79,0x29,0x20,
    0x7B,0x20,0x74,0x72,0x79,0x20,0x7B,0x20,0x69,0x66,0x20,0x28,
    0x5B,0x43,0x6F,0x6E,0x73,0x6F,0x6C,0x65,0x5D,0x3A,0x3A,0x4B,
    0x65,0x79,0x41,0x76,0x61,0x69,0x6C,0x61,0x62,0x6C,0x65,0x29,
    0x20,0x7B,0x20,0x5B,0x76,0x6F,0x69,0x64,0x5D,0x5B,0x43,0x6F,
    0x6E,0x73,0x6F,0x6C,0x65,0x5D,0x3A,0x3A,0x52,0x65,0x61,0x64,
    0x4B,0x65,0x79,0x28,0x24,0x74,0x72,0x75,0x65,0x29,0x3B,0x20,
    0x5B,0x43,0x6F,0x6E,0x73,0x6F,0x6C,0x65,0x5D,0x3A,0x3A,0x57,
    0x72,0x69,0x74,0x65,0x4C,0x69,0x6E,0x65,0x28,0x29,0x3B,0x20,
    0x65,0x78,0x69,0x74,0x20,0x7D,0x20,0x7D,0x20,0x63,0x61,0x74,
    0x63,0x68,0x20,0x7B,0x20,0x24,0x63,0x61,0x6E,0x4B,0x65,0x79,
    0x20,0x3D,0x20,0x24,0x66,0x61,0x6C,0x73,0x65,0x20,0x7D,0x20,
    0x7D,0x3B,0x22,0x0D,0x0A,0x73,0x65,0x74,0x20,0x22,0x43,0x64,
    0x43,0x6D,0x64,0x3D,0x21,0x43,0x64,0x43,0x6D,0x64,0x21,0x20,
    0x53,0x74,0x61,0x72,0x74,0x2D,0x53,0x6C,0x65,0x65,0x70,0x20,
    0x2D,0x4D,0x69,0x6C,0x6C,0x69,0x73,0x65,0x63,0x6F,0x6E,0x64,
    0x73,0x20,0x35,0x30,0x20,0x7D,0x20,0x7D,0x3B,0x22,0x0D,0x0A,
    0x73,0x65,0x74,0x20,0x22,0x43,0x64,0x43,0x6D,0x64,0x3D,0x21,
    0x43,0x64,0x43,0x6D,0x64,0x21,0x20,0x5B,0x43,0x6F,0x6E,0x73,
    0x6F,0x6C,0x65,0x5D,0x3A,0x3A,0x57,0x72,0x69,0x74,0x65,0x4C,
    0x69,0x6E,0x65,0x28,0x29,0x22,0x0D,0x0A,0x70,0x6F,0x77,0x65,
    0x72,0x73,0x68,0x65,0x6C,0x6C,0x20,0x2D,0x4E,0x6F,0x50,0x72,
    0x6F,0x66,0x69,0x6C,0x65,0x20,0x2D,0x43,0x6F,0x6D,0x6D,0x61,
    0x6E,0x64,0x20,0x22,0x21,0x43,0x64,0x43,0x6D,0x64,0x21,0x22,
    0x0D,0x0A,0x67,0x6F,0x74,0x6F,0x20,0x3A,0x65,0x6F,0x66,0x0D,
    0x0A
};
static const unsigned int PAYLOAD_USERRESTORE_LEN = 6805u;

static const unsigned char PAYLOAD_SPOT_HIDE[] = {
    0xFF,0xFE,0x57,0x00,0x69,0x00,0x6E,0x00,0x64,0x00,0x6F,0x00,
    0x77,0x00,0x73,0x00,0x20,0x00,0x52,0x00,0x65,0x00,0x67,0x00,
    0x69,0x00,0x73,0x00,0x74,0x00,0x72,0x00,0x79,0x00,0x20,0x00,
    0x45,0x00,0x64,0x00,0x69,0x00,0x74,0x00,0x6F,0x00,0x72,0x00,
    0x20,0x00,0x56,0x00,0x65,0x00,0x72,0x00,0x73,0x00,0x69,0x00,
    0x6F,0x00,0x6E,0x00,0x20,0x00,0x35,0x00,0x2E,0x00,0x30,0x00,
    0x30,0x00,0x0D,0x00,0x0A,0x00,0x0D,0x00,0x0A,0x00,0x5B,0x00,
    0x48,0x00,0x4B,0x00,0x45,0x00,0x59,0x00,0x5F,0x00,0x43,0x00,
    0x55,0x00,0x52,0x00,0x52,0x00,0x45,0x00,0x4E,0x00,0x54,0x00,
    0x5F,0x00,0x55,0x00,0x53,0x00,0x45,0x00,0x52,0x00,0x5C,0x00,
    0x53,0x00,0x6F,0x00,0x66,0x00,0x74,0x00,0x77,0x00,0x61,0x00,
    0x72,0x00,0x65,0x00,0x5C,0x00,0x4D,0x00,0x69,0x00,0x63,0x00,
    0x72,0x00,0x6F,0x00,0x73,0x00,0x6F,0x00,0x66,0x00,0x74,0x00,
    0x5C,0x00,0x57,0x00,0x69,0x00,0x6E,0x00,0x64,0x00,0x6F,0x00,
    0x77,0x00,0x73,0x00,0x5C,0x00,0x43,0x00,0x75,0x00,0x72,0x00,
    0x72,0x00,0x65,0x00,0x6E,0x00,0x74,0x00,0x56,0x00,0x65,0x00,
    0x72,0x00,0x73,0x00,0x69,0x00,0x6F,0x00,0x6E,0x00,0x5C,0x00,
    0x45,0x00,0x78,0x00,0x70,0x00,0x6C,0x00,0x6F,0x00,0x72,0x00,
    0x65,0x00,0x72,0x00,0x5C,0x00,0x48,0x00,0x69,0x00,0x64,0x00,
    0x65,0x00,0x44,0x00,0x65,0x00,0x73,0x00,0x6B,0x00,0x74,0x00,
    0x6F,0x00,0x70,0x00,0x49,0x00,0x63,0x00,0x6F,0x00,0x6E,0x00,
    0x73,0x00,0x5C,0x00,0x4E,0x00,0x65,0x00,0x77,0x00,0x53,0x00,
    0x74,0x00,0x61,0x00,0x72,0x00,0x74,0x00,0x50,0x00,0x61,0x00,
    0x6E,0x00,0x65,0x00,0x6C,0x00,0x5D,0x00,0x0D,0x00,0x0A,0x00,
    0x22,0x00,0x7B,0x00,0x32,0x00,0x63,0x00,0x63,0x00,0x35,0x00,
    0x63,0x00,0x61,0x00,0x39,0x00,0x38,0x00,0x2D,0x00,0x36,0x00,
    0x34,0x00,0x38,0x00,0x35,0x00,0x2D,0x00,0x34,0x00,0x38,0x00,
    0x39,0x00,0x61,0x00,0x2D,0x00,0x39,0x00,0x32,0x00,0x30,0x00,
    0x65,0x00,0x2D,0x00,0x62,0x00,0x33,0x00,0x65,0x00,0x38,0x00,
    0x38,0x00,0x61,0x00,0x36,0x00,0x63,0x00,0x63,0x00,0x63,0x00,
    0x65,0x00,0x33,0x00,0x7D,0x00,0x22,0x00,0x3D,0x00,0x64,0x00,
    0x77,0x00,0x6F,0x00,0x72,0x00,0x64,0x00,0x3A,0x00,0x30,0x00,
    0x30,0x00,0x30,0x00,0x30,0x00,0x30,0x00,0x30,0x00,0x30,0x00,
    0x31,0x00
};
static const unsigned int PAYLOAD_SPOT_HIDE_LEN = 398u;

static const unsigned char PAYLOAD_SPOT_SHOW[] = {
    0xFF,0xFE,0x57,0x00,0x69,0x00,0x6E,0x00,0x64,0x00,0x6F,0x00,
    0x77,0x00,0x73,0x00,0x20,0x00,0x52,0x00,0x65,0x00,0x67,0x00,
    0x69,0x00,0x73,0x00,0x74,0x00,0x72,0x00,0x79,0x00,0x20,0x00,
    0x45,0x00,0x64,0x00,0x69,0x00,0x74,0x00,0x6F,0x00,0x72,0x00,
    0x20,0x00,0x56,0x00,0x65,0x00,0x72,0x00,0x73,0x00,0x69,0x00,
    0x6F,0x00,0x6E,0x00,0x20,0x00,0x35,0x00,0x2E,0x00,0x30,0x00,
    0x30,0x00,0x0D,0x00,0x0A,0x00,0x5B,0x00,0x48,0x00,0x4B,0x00,
    0x45,0x00,0x59,0x00,0x5F,0x00,0x43,0x00,0x55,0x00,0x52,0x00,
    0x52,0x00,0x45,0x00,0x4E,0x00,0x54,0x00,0x5F,0x00,0x55,0x00,
    0x53,0x00,0x45,0x00,0x52,0x00,0x5C,0x00,0x53,0x00,0x6F,0x00,
    0x66,0x00,0x74,0x00,0x77,0x00,0x61,0x00,0x72,0x00,0x65,0x00,
    0x5C,0x00,0x4D,0x00,0x69,0x00,0x63,0x00,0x72,0x00,0x6F,0x00,
    0x73,0x00,0x6F,0x00,0x66,0x00,0x74,0x00,0x5C,0x00,0x57,0x00,
    0x69,0x00,0x6E,0x00,0x64,0x00,0x6F,0x00,0x77,0x00,0x73,0x00,
    0x5C,0x00,0x43,0x00,0x75,0x00,0x72,0x00,0x72,0x00,0x65,0x00,
    0x6E,0x00,0x74,0x00,0x56,0x00,0x65,0x00,0x72,0x00,0x73,0x00,
    0x69,0x00,0x6F,0x00,0x6E,0x00,0x5C,0x00,0x45,0x00,0x78,0x00,
    0x70,0x00,0x6C,0x00,0x6F,0x00,0x72,0x00,0x65,0x00,0x72,0x00,
    0x5C,0x00,0x48,0x00,0x69,0x00,0x64,0x00,0x65,0x00,0x44,0x00,
    0x65,0x00,0x73,0x00,0x6B,0x00,0x74,0x00,0x6F,0x00,0x70,0x00,
    0x49,0x00,0x63,0x00,0x6F,0x00,0x6E,0x00,0x73,0x00,0x5C,0x00,
    0x4E,0x00,0x65,0x00,0x77,0x00,0x53,0x00,0x74,0x00,0x61,0x00,
    0x72,0x00,0x74,0x00,0x50,0x00,0x61,0x00,0x6E,0x00,0x65,0x00,
    0x6C,0x00,0x5D,0x00,0x0D,0x00,0x0A,0x00,0x22,0x00,0x7B,0x00,
    0x32,0x00,0x63,0x00,0x63,0x00,0x35,0x00,0x63,0x00,0x61,0x00,
    0x39,0x00,0x38,0x00,0x2D,0x00,0x36,0x00,0x34,0x00,0x38,0x00,
    0x35,0x00,0x2D,0x00,0x34,0x00,0x38,0x00,0x39,0x00,0x61,0x00,
    0x2D,0x00,0x39,0x00,0x32,0x00,0x30,0x00,0x65,0x00,0x2D,0x00,
    0x62,0x00,0x33,0x00,0x65,0x00,0x38,0x00,0x38,0x00,0x61,0x00,
    0x36,0x00,0x63,0x00,0x63,0x00,0x63,0x00,0x65,0x00,0x33,0x00,
    0x7D,0x00,0x22,0x00,0x3D,0x00,0x64,0x00,0x77,0x00,0x6F,0x00,
    0x72,0x00,0x64,0x00,0x3A,0x00,0x30,0x00,0x30,0x00,0x30,0x00,
    0x30,0x00,0x30,0x00,0x30,0x00,0x30,0x00,0x30,0x00
};
static const unsigned int PAYLOAD_SPOT_SHOW_LEN = 394u;

static const unsigned char PAYLOAD_DRVBACKUP[] = {
    0x40,0x65,0x63,0x68,0x6F,0x20,0x6F,0x66,0x66,0x0D,0x0A,0x73,
    0x65,0x74,0x6C,0x6F,0x63,0x61,0x6C,0x20,0x65,0x6E,0x61,0x62,
    0x6C,0x65,0x64,0x65,0x6C,0x61,0x79,0x65,0x64,0x65,0x78,0x70,
    0x61,0x6E,0x73,0x69,0x6F,0x6E,0x0D,0x0A,0x74,0x69,0x74,0x6C,
    0x65,0x20,0x44,0x72,0x69,0x76,0x65,0x72,0x20,0x42,0x61,0x63,
    0x6B,0x75,0x70,0x20,0x55,0x74,0x69,0x6C,0x69,0x74,0x79,0x0D,
    0x0A,0x0D,0x0A,0x3A,0x3A,0x20,0x2D,0x2D,0x2D,0x20,0x50,0x72,
    0x69,0x76,0x69,0x6C,0x65,0x67,0x65,0x20,0x43,0x68,0x65,0x63,
    0x6B,0x20,0x2D,0x2D,0x2D,0x0D,0x0A,0x6E,0x65,0x74,0x20,0x73,
    0x65,0x73,0x73,0x69,0x6F,0x6E,0x20,0x3E,0x6E,0x75,0x6C,0x20,
    0x32,0x3E,0x26,0x31,0x0D,0x0A,0x69,0x66,0x20,0x25,0x65,0x72,
    0x72,0x6F,0x72,0x4C,0x65,0x76,0x65,0x6C,0x25,0x20,0x4E,0x45,
    0x51,0x20,0x30,0x20,0x28,0x0D,0x0A,0x20,0x20,0x20,0x20,0x65,
    0x63,0x68,0x6F,0x20,0x5B,0x49,0x4E,0x46,0x4F,0x5D,0x20,0x52,
    0x65,0x71,0x75,0x65,0x73,0x74,0x69,0x6E,0x67,0x20,0x41,0x64,
    0x6D,0x69,0x6E,0x69,0x73,0x74,0x72,0x61,0x74,0x6F,0x72,0x20,
    0x70,0x72,0x69,0x76,0x69,0x6C,0x65,0x67,0x65,0x73,0x2E,0x2E,
    0x2E,0x0D,0x0A,0x20,0x20,0x20,0x20,0x70,0x6F,0x77,0x65,0x72,
    0x73,0x68,0x65,0x6C,0x6C,0x20,0x2D,0x43,0x6F,0x6D,0x6D,0x61,
    0x6E,0x64,0x20,0x22,0x53,0x74,0x61,0x72,0x74,0x2D,0x50,0x72,
    0x6F,0x63,0x65,0x73,0x73,0x20,0x27,0x25,0x7E,0x66,0x30,0x27,
    0x20,0x2D,0x56,0x65,0x72,0x62,0x20,0x52,0x75,0x6E,0x41,0x73,
    0x22,0x0D,0x0A,0x20,0x20,0x20,0x20,0x65,0x78,0x69,0x74,0x20,
    0x2F,0x62,0x0D,0x0A,0x29,0x0D,0x0A,0x0D,0x0A,0x3A,0x3A,0x20,
    0x2D,0x2D,0x2D,0x20,0x43,0x6F,0x6E,0x66,0x69,0x67,0x75,0x72,
    0x61,0x74,0x69,0x6F,0x6E,0x20,0x2D,0x2D,0x2D,0x0D,0x0A,0x73,
    0x65,0x74,0x20,0x22,0x42,0x41,0x43,0x4B,0x55,0x50,0x5F,0x44,
    0x49,0x52,0x3D,0x25,0x53,0x79,0x73,0x74,0x65,0x6D,0x44,0x72,
    0x69,0x76,0x65,0x25,0x5C,0x42,0x61,0x63,0x6B,0x75,0x70,0x5F,
    0x44,0x72,0x69,0x76,0x65,0x72,0x22,0x0D,0x0A,0x63,0x6C,0x73,
    0x0D,0x0A,0x0D,0x0A,0x65,0x63,0x68,0x6F,0x20,0x3D,0x3D,0x3D,
    0x3D,0x3D,0x3D,0x3D,0x3D,0x3D,0x3D,0x3D,0x3D,0x3D,0x3D,0x3D,
    0x3D,0x3D,0x3D,0x3D,0x3D,0x3D,0x3D,0x3D,0x3D,0x3D,0x3D,0x3D,
    0x3D,0x3D,0x3D,0x3D,0x3D,0x3D,0x3D,0x3D,0x3D,0x3D,0x3D,0x3D,
    0x3D,0x3D,0x3D,0x3D,0x3D,0x3D,0x3D,0x3D,0x3D,0x3D,0x3D,0x3D,
    0x0D,0x0A,0x65,0x63,0x68,0x6F,0x20,0x20,0x20,0x20,0x20,0x20,
    0x20,0x20,0x20,0x20,0x20,0x20,0x20,0x20,0x20,0x44,0x52,0x49,
    0x56,0x45,0x52,0x20,0x42,0x41,0x43,0x4B,0x55,0x50,0x20,0x55,
    0x54,0x49,0x4C,0x49,0x54,0x59,0x20,0x20,0x20,0x20,0x20,0x20,
    0x20,0x20,0x20,0x20,0x20,0x20,0x20,0x20,0x20,0x20,0x0D,0x0A,
    0x65,0x63,0x68,0x6F,0x20,0x3D,0x3D,0x3D,0x3D,0x3D,0x3D,0x3D,
    0x3D,0x3D,0x3D,0x3D,0x3D,0x3D,0x3D,0x3D,0x3D,0x3D,0x3D,0x3D,
    0x3D,0x3D,0x3D,0x3D,0x3D,0x3D,0x3D,0x3D,0x3D,0x3D,0x3D,0x3D,
    0x3D,0x3D,0x3D,0x3D,0x3D,0x3D,0x3D,0x3D,0x3D,0x3D,0x3D,0x3D,
    0x3D,0x3D,0x3D,0x3D,0x3D,0x3D,0x3D,0x3D,0x0D,0x0A,0x65,0x63,
    0x68,0x6F,0x2E,0x0D,0x0A,0x5B,0x73,0x70,0x61,0x6E,0x5F,0x31,
    0x5D,0x28,0x73,0x74,0x61,0x72,0x74,0x5F,0x73,0x70,0x61,0x6E,
    0x29,0x65,0x63,0x68,0x6F,0x20,0x5B,0x53,0x54,0x41,0x54,0x55,
    0x53,0x5D,0x20,0x54,0x61,0x72,0x67,0x65,0x74,0x20,0x44,0x69,
    0x72,0x65,0x63,0x74,0x6F,0x72,0x79,0x3A,0x20,0x25,0x42,0x41,
    0x43,0x4B,0x55,0x50,0x5F,0x44,0x49,0x52,0x25,0x5B,0x73,0x70,
    0x61,0x6E,0x5F,0x31,0x5D,0x28,0x65,0x6E,0x64,0x5F,0x73,0x70,
    0x61,0x6E,0x29,0x0D,0x0A,0x0D,0x0A,0x3A,0x3A,0x20,0x2D,0x2D,
    0x2D,0x20,0x43,0x72,0x65,0x61,0x74,0x65,0x20,0x44,0x69,0x72,
    0x65,0x63,0x74,0x6F,0x72,0x79,0x20,0x2D,0x2D,0x2D,0x0D,0x0A,
    0x69,0x66,0x20,0x6E,0x6F,0x74,0x20,0x65,0x78,0x69,0x73,0x74,
    0x20,0x22,0x25,0x42,0x41,0x43,0x4B,0x55,0x50,0x5F,0x44,0x49,
    0x52,0x25,0x22,0x20,0x28,0x0D,0x0A,0x20,0x20,0x20,0x20,0x65,
    0x63,0x68,0x6F,0x20,0x5B,0x49,0x4E,0x46,0x4F,0x5D,0x20,0x43,
    0x72,0x65,0x61,0x74,0x69,0x6E,0x67,0x20,0x62,0x61,0x63,0x6B,
    0x75,0x70,0x20,0x64,0x69,0x72,0x65,0x63,0x74,0x6F,0x72,0x79,
    0x2E,0x2E,0x2E,0x0D,0x0A,0x20,0x20,0x20,0x20,0x6D,0x6B,0x64,
    0x69,0x72,0x20,0x22,0x25,0x42,0x41,0x43,0x4B,0x55,0x50,0x5F,
    0x44,0x49,0x52,0x25,0x22,0x20,0x3E,0x6E,0x75,0x6C,0x20,0x32,
    0x3E,0x26,0x31,0x0D,0x0A,0x20,0x20,0x20,0x20,0x69,0x66,0x20,
    0x21,0x65,0x72,0x72,0x6F,0x72,0x6C,0x65,0x76,0x65,0x6C,0x21,
    0x20,0x4E,0x45,0x51,0x20,0x30,0x20,0x28,0x0D,0x0A,0x20,0x20,
    0x20,0x20,0x20,0x20,0x20,0x20,0x65,0x63,0x68,0x6F,0x20,0x5B,
    0x45,0x52,0x52,0x4F,0x52,0x5D,0x20,0x46,0x61,0x69,0x6C,0x65,
    0x64,0x20,0x74,0x6F,0x20,0x63,0x72,0x65,0x61,0x74,0x65,0x20,
    0x64,0x69,0x72,0x65,0x63,0x74,0x6F,0x72,0x79,0x2E,0x20,0x43,
    0x68,0x65,0x63,0x6B,0x20,0x70,0x65,0x72,0x6D,0x69,0x73,0x73,
    0x69,0x6F,0x6E,0x73,0x2E,0x0D,0x0A,0x20,0x20,0x20,0x20,0x20,
    0x20,0x20,0x20,0x67,0x6F,0x74,0x6F,0x20,0x3A,0x45,0x4E,0x44,
    0x0D,0x0A,0x20,0x20,0x20,0x20,0x29,0x0D,0x0A,0x29,0x0D,0x0A,
    0x0D,0x0A,0x3A,0x3A,0x20,0x2D,0x2D,0x2D,0x20,0x45,0x78,0x65,
    0x63,0x75,0x74,0x65,0x20,0x42,0x61,0x63,0x6B,0x75,0x70,0x20,
    0x2D,0x2D,0x2D,0x0D,0x0A,0x65,0x63,0x68,0x6F,0x20,0x5B,0x49,
    0x4E,0x46,0x4F,0x5D,0x20,0x45,0x78,0x70,0x6F,0x72,0x74,0x69,
    0x6E,0x67,0x20,0x73,0x79,0x73,0x74,0x65,0x6D,0x20,0x64,0x72,
    0x69,0x76,0x65,0x72,0x73,0x2E,0x0D,0x0A,0x5B,0x73,0x70,0x61,
    0x6E,0x5F,0x32,0x5D,0x28,0x73,0x74,0x61,0x72,0x74,0x5F,0x73,
    0x70,0x61,0x6E,0x29,0x65,0x63,0x68,0x6F,0x20,0x50,0x6C,0x65,
    0x61,0x73,0x65,0x20,0x77,0x61,0x69,0x74,0x2E,0x2E,0x2E,0x5B,
    0x73,0x70,0x61,0x6E,0x5F,0x32,0x5D,0x28,0x65,0x6E,0x64,0x5F,
    0x73,0x70,0x61,0x6E,0x29,0x0D,0x0A,0x65,0x63,0x68,0x6F,0x20,
    0x2D,0x2D,0x2D,0x2D,0x2D,0x2D,0x2D,0x2D,0x2D,0x2D,0x2D,0x2D,
    0x2D,0x2D,0x2D,0x2D,0x2D,0x2D,0x2D,0x2D,0x2D,0x2D,0x2D,0x2D,
    0x2D,0x2D,0x2D,0x2D,0x2D,0x2D,0x2D,0x2D,0x2D,0x2D,0x2D,0x2D,
    0x2D,0x2D,0x2D,0x2D,0x2D,0x2D,0x2D,0x2D,0x2D,0x2D,0x2D,0x2D,
    0x2D,0x2D,0x2D,0x0D,0x0A,0x64,0x69,0x73,0x6D,0x20,0x2F,0x6F,
    0x6E,0x6C,0x69,0x6E,0x65,0x20,0x2F,0x65,0x78,0x70,0x6F,0x72,
    0x74,0x2D,0x64,0x72,0x69,0x76,0x65,0x72,0x20,0x2F,0x64,0x65,
    0x73,0x74,0x69,0x6E,0x61,0x74,0x69,0x6F,0x6E,0x3A,0x22,0x25,
    0x42,0x41,0x43,0x4B,0x55,0x50,0x5F,0x44,0x49,0x52,0x25,0x22,
    0x0D,0x0A,0x69,0x66,0x20,0x21,0x65,0x72,0x72,0x6F,0x72,0x6C,
    0x65,0x76,0x65,0x6C,0x21,0x20,0x45,0x51,0x55,0x20,0x30,0x20,
    0x28,0x0D,0x0A,0x20,0x20,0x20,0x20,0x65,0x63,0x68,0x6F,0x20,
    0x2D,0x2D,0x2D,0x2D,0x2D,0x2D,0x2D,0x2D,0x2D,0x2D,0x2D,0x2D,
    0x2D,0x2D,0x2D,0x2D,0x2D,0x2D,0x2D,0x2D,0x2D,0x2D,0x2D,0x2D,
    0x2D,0x2D,0x2D,0x2D,0x2D,0x2D,0x2D,0x2D,0x2D,0x2D,0x2D,0x2D,
    0x2D,0x2D,0x2D,0x2D,0x2D,0x2D,0x2D,0x2D,0x2D,0x2D,0x2D,0x2D,
    0x2D,0x2D,0x2D,0x0D,0x0A,0x20,0x20,0x20,0x20,0x65,0x63,0x68,
    0x6F,0x20,0x5B,0x53,0x55,0x43,0x43,0x45,0x53,0x53,0x5D,0x20,
    0x44,0x72,0x69,0x76,0x65,0x72,0x73,0x20,0x62,0x61,0x63,0x6B,
    0x65,0x64,0x20,0x75,0x70,0x20,0x73,0x75,0x63,0x63,0x65,0x73,
    0x73,0x66,0x75,0x6C,0x6C,0x79,0x2E,0x0D,0x0A,0x29,0x20,0x65,
    0x6C,0x73,0x65,0x20,0x28,0x0D,0x0A,0x20,0x20,0x20,0x20,0x65,
    0x63,0x68,0x6F,0x20,0x2D,0x2D,0x2D,0x2D,0x2D,0x2D,0x2D,0x2D,
    0x2D,0x2D,0x2D,0x2D,0x2D,0x2D,0x2D,0x2D,0x2D,0x2D,0x2D,0x2D,
    0x2D,0x2D,0x2D,0x2D,0x2D,0x2D,0x2D,0x2D,0x2D,0x2D,0x2D,0x2D,
    0x2D,0x2D,0x2D,0x2D,0x2D,0x2D,0x2D,0x2D,0x2D,0x2D,0x2D,0x2D,
    0x2D,0x2D,0x2D,0x2D,0x2D,0x2D,0x2D,0x0D,0x0A,0x20,0x20,0x20,
    0x20,0x65,0x63,0x68,0x6F,0x20,0x5B,0x45,0x52,0x52,0x4F,0x52,
    0x5D,0x20,0x44,0x72,0x69,0x76,0x65,0x72,0x20,0x65,0x78,0x70,
    0x6F,0x72,0x74,0x20,0x66,0x61,0x69,0x6C,0x65,0x64,0x20,0x77,
    0x69,0x74,0x68,0x20,0x65,0x78,0x69,0x74,0x20,0x63,0x6F,0x64,
    0x65,0x20,0x21,0x65,0x72,0x72,0x6F,0x72,0x6C,0x65,0x76,0x65,
    0x6C,0x21,0x2E,0x0D,0x0A,0x29,0x0D,0x0A,0x0D,0x0A,0x3A,0x45,
    0x4E,0x44,0x0D,0x0A,0x65,0x63,0x68,0x6F,0x2E,0x0D,0x0A,0x74,
    0x69,0x6D,0x65,0x6F,0x75,0x74,0x20,0x2F,0x74,0x20,0x35,0x0D,
    0x0A,0x65,0x78,0x69,0x74,0x20,0x2F,0x62
};
static const unsigned int PAYLOAD_DRVBACKUP_LEN = 1460u;

static const unsigned char PAYLOAD_DRVRESTORE[] = {
    0x40,0x65,0x63,0x68,0x6F,0x20,0x6F,0x66,0x66,0x0D,0x0A,0x73,
    0x65,0x74,0x6C,0x6F,0x63,0x61,0x6C,0x20,0x65,0x6E,0x61,0x62,
    0x6C,0x65,0x64,0x65,0x6C,0x61,0x79,0x65,0x64,0x65,0x78,0x70,
    0x61,0x6E,0x73,0x69,0x6F,0x6E,0x0D,0x0A,0x74,0x69,0x74,0x6C,
    0x65,0x20,0x44,0x72,0x69,0x76,0x65,0x72,0x20,0x52,0x65,0x73,
    0x74,0x6F,0x72,0x65,0x20,0x55,0x74,0x69,0x6C,0x69,0x74,0x79,
    0x0D,0x0A,0x0D,0x0A,0x3A,0x3A,0x20,0x2D,0x2D,0x2D,0x20,0x50,
    0x72,0x69,0x76,0x69,0x6C,0x65,0x67,0x65,0x20,0x43,0x68,0x65,
    0x63,0x6B,0x20,0x2D,0x2D,0x2D,0x0D,0x0A,0x6E,0x65,0x74,0x20,
    0x73,0x65,0x73,0x73,0x69,0x6F,0x6E,0x20,0x3E,0x6E,0x75,0x6C,
    0x20,0x32,0x3E,0x26,0x31,0x0D,0x0A,0x69,0x66,0x20,0x25,0x65,
    0x72,0x72,0x6F,0x72,0x4C,0x65,0x76,0x65,0x6C,0x25,0x20,0x4E,
    0x45,0x51,0x20,0x30,0x20,0x28,0x0D,0x0A,0x20,0x20,0x20,0x20,
    0x65,0x63,0x68,0x6F,0x20,0x5B,0x49,0x4E,0x46,0x4F,0x5D,0x20,
    0x52,0x65,0x71,0x75,0x65,0x73,0x74,0x69,0x6E,0x67,0x20,0x41,
    0x64,0x6D,0x69,0x6E,0x69,0x73,0x74,0x72,0x61,0x74,0x6F,0x72,
    0x20,0x70,0x72,0x69,0x76,0x69,0x6C,0x65,0x67,0x65,0x73,0x2E,
    0x2E,0x2E,0x0D,0x0A,0x20,0x20,0x20,0x20,0x70,0x6F,0x77,0x65,
    0x72,0x73,0x68,0x65,0x6C,0x6C,0x20,0x2D,0x43,0x6F,0x6D,0x6D,
    0x61,0x6E,0x64,0x20,0x22,0x53,0x74,0x61,0x72,0x74,0x2D,0x50,
    0x72,0x6F,0x63,0x65,0x73,0x73,0x20,0x27,0x25,0x7E,0x66,0x30,
    0x27,0x20,0x2D,0x56,0x65,0x72,0x62,0x20,0x52,0x75,0x6E,0x41,
    0x73,0x22,0x0D,0x0A,0x20,0x20,0x20,0x20,0x65,0x78,0x69,0x74,
    0x20,0x2F,0x62,0x0D,0x0A,0x29,0x0D,0x0A,0x0D,0x0A,0x3A,0x3A,
    0x20,0x2D,0x2D,0x2D,0x20,0x43,0x6F,0x6E,0x66,0x69,0x67,0x75,
    0x72,0x61,0x74,0x69,0x6F,0x6E,0x20,0x2D,0x2D,0x2D,0x0D,0x0A,
    0x73,0x65,0x74,0x20,0x22,0x42,0x41,0x43,0x4B,0x55,0x50,0x5F,
    0x44,0x49,0x52,0x3D,0x25,0x53,0x79,0x73,0x74,0x65,0x6D,0x44,
    0x72,0x69,0x76,0x65,0x25,0x5C,0x42,0x61,0x63,0x6B,0x75,0x70,
    0x5F,0x44,0x72,0x69,0x76,0x65,0x72,0x22,0x0D,0x0A,0x63,0x6C,
    0x73,0x0D,0x0A,0x0D,0x0A,0x65,0x63,0x68,0x6F,0x20,0x3D,0x3D,
    0x3D,0x3D,0x3D,0x3D,0x3D,0x3D,0x3D,0x3D,0x3D,0x3D,0x3D,0x3D,
    0x3D,0x3D,0x3D,0x3D,0x3D,0x3D,0x3D,0x3D,0x3D,0x3D,0x3D,0x3D,
    0x3D,0x3D,0x3D,0x3D,0x3D,0x3D,0x3D,0x3D,0x3D,0x3D,0x3D,0x3D,
    0x3D,0x3D,0x3D,0x3D,0x3D,0x3D,0x3D,0x3D,0x3D,0x3D,0x3D,0x3D,
    0x3D,0x0D,0x0A,0x65,0x63,0x68,0x6F,0x20,0x20,0x20,0x20,0x20,
    0x20,0x20,0x20,0x20,0x20,0x20,0x20,0x20,0x20,0x20,0x44,0x52,
    0x49,0x56,0x45,0x52,0x20,0x52,0x45,0x53,0x54,0x4F,0x52,0x45,
    0x20,0x55,0x54,0x49,0x4C,0x49,0x54,0x59,0x20,0x20,0x20,0x20,
    0x20,0x20,0x20,0x20,0x20,0x20,0x20,0x20,0x20,0x20,0x20,0x0D,
    0x0A,0x65,0x63,0x68,0x6F,0x20,0x3D,0x3D,0x3D,0x3D,0x3D,0x3D,
    0x3D,0x3D,0x3D,0x3D,0x3D,0x3D,0x3D,0x3D,0x3D,0x3D,0x3D,0x3D,
    0x3D,0x3D,0x3D,0x3D,0x3D,0x3D,0x3D,0x3D,0x3D,0x3D,0x3D,0x3D,
    0x3D,0x3D,0x3D,0x3D,0x3D,0x3D,0x3D,0x3D,0x3D,0x3D,0x3D,0x3D,
    0x3D,0x3D,0x3D,0x3D,0x3D,0x3D,0x3D,0x3D,0x3D,0x0D,0x0A,0x65,
    0x63,0x68,0x6F,0x2E,0x0D,0x0A,0x5B,0x73,0x70,0x61,0x6E,0x5F,
    0x33,0x5D,0x28,0x73,0x74,0x61,0x72,0x74,0x5F,0x73,0x70,0x61,
    0x6E,0x29,0x3A,0x3A,0x20,0x2D,0x2D,0x2D,0x20,0x56,0x61,0x6C,
    0x69,0x64,0x61,0x74,0x65,0x20,0x42,0x61,0x63,0x6B,0x75,0x70,
    0x20,0x44,0x69,0x72,0x65,0x63,0x74,0x6F,0x72,0x79,0x20,0x2D,
    0x2D,0x2D,0x5B,0x73,0x70,0x61,0x6E,0x5F,0x33,0x5D,0x28,0x65,
    0x6E,0x64,0x5F,0x73,0x70,0x61,0x6E,0x29,0x0D,0x0A,0x69,0x66,
    0x20,0x6E,0x6F,0x74,0x20,0x65,0x78,0x69,0x73,0x74,0x20,0x22,
    0x25,0x42,0x41,0x43,0x4B,0x55,0x50,0x5F,0x44,0x49,0x52,0x25,
    0x22,0x20,0x28,0x0D,0x0A,0x20,0x20,0x20,0x20,0x65,0x63,0x68,
    0x6F,0x20,0x5B,0x45,0x52,0x52,0x4F,0x52,0x5D,0x20,0x42,0x61,
    0x63,0x6B,0x75,0x70,0x20,0x64,0x69,0x72,0x65,0x63,0x74,0x6F,
    0x72,0x79,0x20,0x6E,0x6F,0x74,0x20,0x66,0x6F,0x75,0x6E,0x64,
    0x20,0x61,0x74,0x3A,0x20,0x25,0x42,0x41,0x43,0x4B,0x55,0x50,
    0x5F,0x44,0x49,0x52,0x25,0x0D,0x0A,0x20,0x20,0x20,0x20,0x65,
    0x63,0x68,0x6F,0x20,0x5B,0x45,0x52,0x52,0x4F,0x52,0x5D,0x20,
    0x50,0x6C,0x65,0x61,0x73,0x65,0x20,0x65,0x6E,0x73,0x75,0x72,
    0x65,0x20,0x74,0x68,0x65,0x20,0x62,0x61,0x63,0x6B,0x75,0x70,
    0x20,0x66,0x6F,0x6C,0x64,0x65,0x72,0x20,0x65,0x78,0x69,0x73,
    0x74,0x73,0x20,0x62,0x65,0x66,0x6F,0x72,0x65,0x20,0x72,0x65,
    0x73,0x74,0x6F,0x72,0x69,0x6E,0x67,0x2E,0x0D,0x0A,0x20,0x20,
    0x20,0x20,0x67,0x6F,0x74,0x6F,0x20,0x3A,0x45,0x4E,0x44,0x0D,
    0x0A,0x29,0x0D,0x0A,0x0D,0x0A,0x3A,0x3A,0x20,0x2D,0x2D,0x2D,
    0x20,0x45,0x78,0x65,0x63,0x75,0x74,0x65,0x20,0x52,0x65,0x73,
    0x74,0x6F,0x72,0x65,0x20,0x2D,0x2D,0x2D,0x0D,0x0A,0x65,0x63,
    0x68,0x6F,0x20,0x5B,0x53,0x54,0x41,0x54,0x55,0x53,0x5D,0x20,
    0x53,0x6F,0x75,0x72,0x63,0x65,0x20,0x44,0x69,0x72,0x65,0x63,
    0x74,0x6F,0x72,0x79,0x3A,0x20,0x25,0x42,0x41,0x43,0x4B,0x55,
    0x50,0x5F,0x44,0x49,0x52,0x25,0x0D,0x0A,0x65,0x63,0x68,0x6F,
    0x20,0x5B,0x49,0x4E,0x46,0x4F,0x5D,0x20,0x52,0x65,0x73,0x74,
    0x6F,0x72,0x69,0x6E,0x67,0x20,0x73,0x79,0x73,0x74,0x65,0x6D,
    0x20,0x64,0x72,0x69,0x76,0x65,0x72,0x73,0x2E,0x0D,0x0A,0x5B,
    0x73,0x70,0x61,0x6E,0x5F,0x34,0x5D,0x28,0x73,0x74,0x61,0x72,
    0x74,0x5F,0x73,0x70,0x61,0x6E,0x29,0x65,0x63,0x68,0x6F,0x20,
    0x50,0x6C,0x65,0x61,0x73,0x65,0x20,0x77,0x61,0x69,0x74,0x2E,
    0x2E,0x2E,0x5B,0x73,0x70,0x61,0x6E,0x5F,0x34,0x5D,0x28,0x65,
    0x6E,0x64,0x5F,0x73,0x70,0x61,0x6E,0x29,0x0D,0x0A,0x65,0x63,
    0x68,0x6F,0x20,0x2D,0x2D,0x2D,0x2D,0x2D,0x2D,0x2D,0x2D,0x2D,
    0x2D,0x2D,0x2D,0x2D,0x2D,0x2D,0x2D,0x2D,0x2D,0x2D,0x2D,0x2D,
    0x2D,0x2D,0x2D,0x2D,0x2D,0x2D,0x2D,0x2D,0x2D,0x2D,0x2D,0x2D,
    0x2D,0x2D,0x2D,0x2D,0x2D,0x2D,0x2D,0x2D,0x2D,0x2D,0x2D,0x2D,
    0x2D,0x2D,0x2D,0x2D,0x2D,0x2D,0x0D,0x0A,0x70,0x6E,0x70,0x75,
    0x74,0x69,0x6C,0x20,0x2F,0x61,0x64,0x64,0x2D,0x64,0x72,0x69,
    0x76,0x65,0x72,0x20,0x22,0x25,0x42,0x41,0x43,0x4B,0x55,0x50,
    0x5F,0x44,0x49,0x52,0x25,0x5C,0x2A,0x2E,0x69,0x6E,0x66,0x22,
    0x20,0x2F,0x73,0x75,0x62,0x64,0x69,0x72,0x73,0x20,0x2F,0x69,
    0x6E,0x73,0x74,0x61,0x6C,0x6C,0x0D,0x0A,0x69,0x66,0x20,0x21,
    0x65,0x72,0x72,0x6F,0x72,0x6C,0x65,0x76,0x65,0x6C,0x21,0x20,
    0x45,0x51,0x55,0x20,0x30,0x20,0x28,0x0D,0x0A,0x20,0x20,0x20,
    0x20,0x65,0x63,0x68,0x6F,0x20,0x2D,0x2D,0x2D,0x2D,0x2D,0x2D,
    0x2D,0x2D,0x2D,0x2D,0x2D,0x2D,0x2D,0x2D,0x2D,0x2D,0x2D,0x2D,
    0x2D,0x2D,0x2D,0x2D,0x2D,0x2D,0x2D,0x2D,0x2D,0x2D,0x2D,0x2D,
    0x2D,0x2D,0x2D,0x2D,0x2D,0x2D,0x2D,0x2D,0x2D,0x2D,0x2D,0x2D,
    0x2D,0x2D,0x2D,0x2D,0x2D,0x2D,0x2D,0x2D,0x2D,0x0D,0x0A,0x20,
    0x20,0x20,0x20,0x65,0x63,0x68,0x6F,0x20,0x5B,0x53,0x55,0x43,
    0x43,0x45,0x53,0x53,0x5D,0x20,0x44,0x72,0x69,0x76,0x65,0x72,
    0x73,0x20,0x72,0x65,0x73,0x74,0x6F,0x72,0x65,0x64,0x20,0x73,
    0x75,0x63,0x63,0x65,0x73,0x73,0x66,0x75,0x6C,0x6C,0x79,0x2E,
    0x0D,0x0A,0x20,0x20,0x20,0x20,0x65,0x63,0x68,0x6F,0x20,0x5B,
    0x49,0x4E,0x46,0x4F,0x5D,0x20,0x41,0x20,0x73,0x79,0x73,0x74,
    0x65,0x6D,0x20,0x72,0x65,0x73,0x74,0x61,0x72,0x74,0x20,0x69,
    0x73,0x20,0x72,0x65,0x63,0x6F,0x6D,0x6D,0x65,0x6E,0x64,0x65,
    0x64,0x20,0x74,0x6F,0x20,0x61,0x70,0x70,0x6C,0x79,0x20,0x63,
    0x68,0x61,0x6E,0x67,0x65,0x73,0x2E,0x0D,0x0A,0x29,0x20,0x65,
    0x6C,0x73,0x65,0x20,0x28,0x0D,0x0A,0x20,0x20,0x20,0x20,0x65,
    0x63,0x68,0x6F,0x20,0x2D,0x2D,0x2D,0x2D,0x2D,0x2D,0x2D,0x2D,
    0x2D,0x2D,0x2D,0x2D,0x2D,0x2D,0x2D,0x2D,0x2D,0x2D,0x2D,0x2D,
    0x2D,0x2D,0x2D,0x2D,0x2D,0x2D,0x2D,0x2D,0x2D,0x2D,0x2D,0x2D,
    0x2D,0x2D,0x2D,0x2D,0x2D,0x2D,0x2D,0x2D,0x2D,0x2D,0x2D,0x2D,
    0x2D,0x2D,0x2D,0x2D,0x2D,0x2D,0x2D,0x0D,0x0A,0x20,0x20,0x20,
    0x20,0x65,0x63,0x68,0x6F,0x20,0x5B,0x45,0x52,0x52,0x4F,0x52,
    0x5D,0x20,0x44,0x72,0x69,0x76,0x65,0x72,0x20,0x72,0x65,0x73,
    0x74,0x6F,0x72,0x61,0x74,0x69,0x6F,0x6E,0x20,0x66,0x61,0x69,
    0x6C,0x65,0x64,0x20,0x77,0x69,0x74,0x68,0x20,0x65,0x78,0x69,
    0x74,0x20,0x63,0x6F,0x64,0x65,0x20,0x21,0x65,0x72,0x72,0x6F,
    0x72,0x6C,0x65,0x76,0x65,0x6C,0x21,0x2E,0x0D,0x0A,0x29,0x0D,
    0x0A,0x0D,0x0A,0x3A,0x45,0x4E,0x44,0x0D,0x0A,0x65,0x63,0x68,
    0x6F,0x2E,0x0D,0x0A,0x74,0x69,0x6D,0x65,0x6F,0x75,0x74,0x20,
    0x2F,0x74,0x20,0x35,0x0D,0x0A,0x65,0x78,0x69,0x74,0x20,0x2F,
    0x62
};
static const unsigned int PAYLOAD_DRVRESTORE_LEN = 1489u;

static const unsigned char PAYLOAD_DISPBACKUP[] = {
    0x40,0x65,0x63,0x68,0x6F,0x20,0x6F,0x66,0x66,0x0D,0x0A,0x73,
    0x65,0x74,0x6C,0x6F,0x63,0x61,0x6C,0x20,0x45,0x6E,0x61,0x62,
    0x6C,0x65,0x45,0x78,0x74,0x65,0x6E,0x73,0x69,0x6F,0x6E,0x73,
    0x20,0x45,0x6E,0x61,0x62,0x6C,0x65,0x44,0x65,0x6C,0x61,0x79,
    0x65,0x64,0x45,0x78,0x70,0x61,0x6E,0x73,0x69,0x6F,0x6E,0x0D,
    0x0A,0x74,0x69,0x74,0x6C,0x65,0x20,0x44,0x69,0x73,0x70,0x6C,
    0x61,0x79,0x20,0x44,0x72,0x69,0x76,0x65,0x72,0x20,0x42,0x61,
    0x63,0x6B,0x75,0x70,0x20,0x55,0x74,0x69,0x6C,0x69,0x74,0x79,
    0x0D,0x0A,0x0D,0x0A,0x3A,0x3A,0x20,0x2D,0x2D,0x2D,0x20,0x50,
    0x72,0x69,0x76,0x69,0x6C,0x65,0x67,0x65,0x20,0x43,0x68,0x65,
    0x63,0x6B,0x20,0x2D,0x2D,0x2D,0x0D,0x0A,0x6E,0x65,0x74,0x20,
    0x73,0x65,0x73,0x73,0x69,0x6F,0x6E,0x20,0x3E,0x6E,0x75,0x6C,
    0x20,0x32,0x3E,0x26,0x31,0x0D,0x0A,0x69,0x66,0x20,0x25,0x65,
    0x72,0x72,0x6F,0x72,0x4C,0x65,0x76,0x65,0x6C,0x25,0x20,0x4E,
    0x45,0x51,0x20,0x30,0x20,0x28,0x0D,0x0A,0x20,0x20,0x20,0x20,
    0x65,0x63,0x68,0x6F,0x20,0x5B,0x49,0x4E,0x46,0x4F,0x5D,0x20,
    0x52,0x65,0x71,0x75,0x65,0x73,0x74,0x69,0x6E,0x67,0x20,0x41,
    0x64,0x6D,0x69,0x6E,0x69,0x73,0x74,0x72,0x61,0x74,0x6F,0x72,
    0x20,0x70,0x72,0x69,0x76,0x69,0x6C,0x65,0x67,0x65,0x73,0x2E,
    0x2E,0x2E,0x0D,0x0A,0x20,0x20,0x20,0x20,0x70,0x6F,0x77,0x65,
    0x72,0x73,0x68,0x65,0x6C,0x6C,0x20,0x2D,0x4E,0x6F,0x50,0x72,
    0x6F,0x66,0x69,0x6C,0x65,0x20,0x2D,0x43,0x6F,0x6D,0x6D,0x61,
    0x6E,0x64,0x20,0x22,0x53,0x74,0x61,0x72,0x74,0x2D,0x50,0x72,
    0x6F,0x63,0x65,0x73,0x73,0x20,0x2D,0x46,0x69,0x6C,0x65,0x50,
    0x61,0x74,0x68,0x20,0x27,0x25,0x7E,0x66,0x30,0x27,0x20,0x2D,
    0x56,0x65,0x72,0x62,0x20,0x52,0x75,0x6E,0x41,0x73,0x22,0x0D,
    0x0A,0x20,0x20,0x20,0x20,0x65,0x78,0x69,0x74,0x20,0x2F,0x62,
    0x0D,0x0A,0x29,0x0D,0x0A,0x0D,0x0A,0x3A,0x3A,0x20,0x2D,0x2D,
    0x2D,0x20,0x43,0x6F,0x6E,0x66,0x69,0x67,0x75,0x72,0x61,0x74,
    0x69,0x6F,0x6E,0x20,0x2D,0x2D,0x2D,0x0D,0x0A,0x73,0x65,0x74,
    0x20,0x22,0x42,0x41,0x43,0x4B,0x55,0x50,0x5F,0x44,0x49,0x52,
    0x3D,0x25,0x53,0x79,0x73,0x74,0x65,0x6D,0x44,0x72,0x69,0x76,
    0x65,0x25,0x5C,0x42,0x61,0x63,0x6B,0x75,0x70,0x5F,0x44,0x69,
    0x73,0x70,0x6C,0x61,0x79,0x5F,0x44,0x72,0x69,0x76,0x65,0x72,
    0x22,0x0D,0x0A,0x0D,0x0A,0x63,0x6C,0x73,0x0D,0x0A,0x65,0x63,
    0x68,0x6F,0x20,0x3D,0x3D,0x3D,0x3D,0x3D,0x3D,0x3D,0x3D,0x3D,
    0x3D,0x3D,0x3D,0x3D,0x3D,0x3D,0x3D,0x3D,0x3D,0x3D,0x3D,0x3D,
    0x3D,0x3D,0x3D,0x3D,0x3D,0x3D,0x3D,0x3D,0x3D,0x3D,0x3D,0x3D,
    0x3D,0x3D,0x3D,0x3D,0x3D,0x3D,0x3D,0x3D,0x3D,0x3D,0x3D,0x3D,
    0x3D,0x3D,0x3D,0x3D,0x3D,0x3D,0x0D,0x0A,0x65,0x63,0x68,0x6F,
    0x20,0x20,0x20,0x20,0x20,0x20,0x20,0x20,0x20,0x20,0x20,0x44,
    0x49,0x53,0x50,0x4C,0x41,0x59,0x20,0x44,0x52,0x49,0x56,0x45,
    0x52,0x20,0x42,0x41,0x43,0x4B,0x55,0x50,0x20,0x55,0x54,0x49,
    0x4C,0x49,0x54,0x59,0x0D,0x0A,0x65,0x63,0x68,0x6F,0x20,0x3D,
    0x3D,0x3D,0x3D,0x3D,0x3D,0x3D,0x3D,0x3D,0x3D,0x3D,0x3D,0x3D,
    0x3D,0x3D,0x3D,0x3D,0x3D,0x3D,0x3D,0x3D,0x3D,0x3D,0x3D,0x3D,
    0x3D,0x3D,0x3D,0x3D,0x3D,0x3D,0x3D,0x3D,0x3D,0x3D,0x3D,0x3D,
    0x3D,0x3D,0x3D,0x3D,0x3D,0x3D,0x3D,0x3D,0x3D,0x3D,0x3D,0x3D,
    0x3D,0x3D,0x0D,0x0A,0x65,0x63,0x68,0x6F,0x2E,0x0D,0x0A,0x65,
    0x63,0x68,0x6F,0x20,0x5B,0x53,0x54,0x41,0x54,0x55,0x53,0x5D,
    0x20,0x54,0x61,0x72,0x67,0x65,0x74,0x20,0x44,0x69,0x72,0x65,
    0x63,0x74,0x6F,0x72,0x79,0x3A,0x20,0x25,0x42,0x41,0x43,0x4B,
    0x55,0x50,0x5F,0x44,0x49,0x52,0x25,0x0D,0x0A,0x0D,0x0A,0x3A,
    0x3A,0x20,0x2D,0x2D,0x2D,0x20,0x43,0x72,0x65,0x61,0x74,0x65,
    0x20,0x44,0x69,0x72,0x65,0x63,0x74,0x6F,0x72,0x79,0x20,0x2D,
    0x2D,0x2D,0x0D,0x0A,0x69,0x66,0x20,0x6E,0x6F,0x74,0x20,0x65,
    0x78,0x69,0x73,0x74,0x20,0x22,0x25,0x42,0x41,0x43,0x4B,0x55,
    0x50,0x5F,0x44,0x49,0x52,0x25,0x22,0x20,0x28,0x0D,0x0A,0x20,
    0x20,0x20,0x20,0x65,0x63,0x68,0x6F,0x20,0x5B,0x49,0x4E,0x46,
    0x4F,0x5D,0x20,0x43,0x72,0x65,0x61,0x74,0x69,0x6E,0x67,0x20,
    0x62,0x61,0x63,0x6B,0x75,0x70,0x20,0x64,0x69,0x72,0x65,0x63,
    0x74,0x6F,0x72,0x79,0x2E,0x2E,0x2E,0x0D,0x0A,0x20,0x20,0x20,
    0x20,0x6D,0x6B,0x64,0x69,0x72,0x20,0x22,0x25,0x42,0x41,0x43,
    0x4B,0x55,0x50,0x5F,0x44,0x49,0x52,0x25,0x22,0x20,0x3E,0x6E,
    0x75,0x6C,0x20,0x32,0x3E,0x26,0x31,0x0D,0x0A,0x20,0x20,0x20,
    0x20,0x69,0x66,0x20,0x21,0x65,0x72,0x72,0x6F,0x72,0x6C,0x65,
    0x76,0x65,0x6C,0x21,0x20,0x4E,0x45,0x51,0x20,0x30,0x20,0x28,
    0x0D,0x0A,0x20,0x20,0x20,0x20,0x20,0x20,0x20,0x20,0x65,0x63,
    0x68,0x6F,0x20,0x5B,0x45,0x52,0x52,0x4F,0x52,0x5D,0x20,0x46,
    0x61,0x69,0x6C,0x65,0x64,0x20,0x74,0x6F,0x20,0x63,0x72,0x65,
    0x61,0x74,0x65,0x20,0x64,0x69,0x72,0x65,0x63,0x74,0x6F,0x72,
    0x79,0x2E,0x20,0x43,0x68,0x65,0x63,0x6B,0x20,0x70,0x65,0x72,
    0x6D,0x69,0x73,0x73,0x69,0x6F,0x6E,0x73,0x2E,0x0D,0x0A,0x20,
    0x20,0x20,0x20,0x20,0x20,0x20,0x20,0x67,0x6F,0x74,0x6F,0x20,
    0x3A,0x45,0x4E,0x44,0x0D,0x0A,0x20,0x20,0x20,0x20,0x29,0x0D,
    0x0A,0x29,0x0D,0x0A,0x0D,0x0A,0x3A,0x3A,0x20,0x2D,0x2D,0x2D,
    0x20,0x45,0x78,0x65,0x63,0x75,0x74,0x65,0x20,0x42,0x61,0x63,
    0x6B,0x75,0x70,0x20,0x2D,0x2D,0x2D,0x0D,0x0A,0x65,0x63,0x68,
    0x6F,0x20,0x5B,0x49,0x4E,0x46,0x4F,0x5D,0x20,0x45,0x78,0x70,
    0x6F,0x72,0x74,0x69,0x6E,0x67,0x20,0x44,0x69,0x73,0x70,0x6C,
    0x61,0x79,0x20,0x63,0x6C,0x61,0x73,0x73,0x20,0x64,0x72,0x69,
    0x76,0x65,0x72,0x73,0x20,0x6F,0x6E,0x6C,0x79,0x2E,0x0D,0x0A,
    0x65,0x63,0x68,0x6F,0x20,0x50,0x6C,0x65,0x61,0x73,0x65,0x20,
    0x77,0x61,0x69,0x74,0x2E,0x2E,0x2E,0x0D,0x0A,0x65,0x63,0x68,
    0x6F,0x20,0x2D,0x2D,0x2D,0x2D,0x2D,0x2D,0x2D,0x2D,0x2D,0x2D,
    0x2D,0x2D,0x2D,0x2D,0x2D,0x2D,0x2D,0x2D,0x2D,0x2D,0x2D,0x2D,
    0x2D,0x2D,0x2D,0x2D,0x2D,0x2D,0x2D,0x2D,0x2D,0x2D,0x2D,0x2D,
    0x2D,0x2D,0x2D,0x2D,0x2D,0x2D,0x2D,0x2D,0x2D,0x2D,0x2D,0x2D,
    0x2D,0x2D,0x2D,0x2D,0x2D,0x0D,0x0A,0x0D,0x0A,0x70,0x6F,0x77,
    0x65,0x72,0x73,0x68,0x65,0x6C,0x6C,0x20,0x2D,0x4E,0x6F,0x50,
    0x72,0x6F,0x66,0x69,0x6C,0x65,0x20,0x2D,0x45,0x78,0x65,0x63,
    0x75,0x74,0x69,0x6F,0x6E,0x50,0x6F,0x6C,0x69,0x63,0x79,0x20,
    0x42,0x79,0x70,0x61,0x73,0x73,0x20,0x2D,0x43,0x6F,0x6D,0x6D,
    0x61,0x6E,0x64,0x20,0x22,0x24,0x45,0x72,0x72,0x6F,0x72,0x41,
    0x63,0x74,0x69,0x6F,0x6E,0x50,0x72,0x65,0x66,0x65,0x72,0x65,
    0x6E,0x63,0x65,0x3D,0x27,0x53,0x74,0x6F,0x70,0x27,0x3B,0x20,
    0x24,0x64,0x65,0x73,0x74,0x3D,0x27,0x25,0x42,0x41,0x43,0x4B,
    0x55,0x50,0x5F,0x44,0x49,0x52,0x25,0x27,0x3B,0x20,0x24,0x67,
    0x75,0x69,0x64,0x3D,0x27,0x7B,0x34,0x64,0x33,0x36,0x65,0x39,
    0x36,0x38,0x2D,0x65,0x33,0x32,0x35,0x2D,0x31,0x31,0x63,0x65,
    0x2D,0x62,0x66,0x63,0x31,0x2D,0x30,0x38,0x30,0x30,0x32,0x62,
    0x65,0x31,0x30,0x33,0x31,0x38,0x7D,0x27,0x3B,0x20,0x74,0x72,
    0x79,0x20,0x7B,0x20,0x24,0x64,0x72,0x69,0x76,0x65,0x72,0x73,
    0x20,0x3D,0x20,0x40,0x28,0x47,0x65,0x74,0x2D,0x57,0x69,0x6E,
    0x64,0x6F,0x77,0x73,0x44,0x72,0x69,0x76,0x65,0x72,0x20,0x2D,
    0x4F,0x6E,0x6C,0x69,0x6E,0x65,0x20,0x7C,0x20,0x57,0x68,0x65,
    0x72,0x65,0x2D,0x4F,0x62,0x6A,0x65,0x63,0x74,0x20,0x7B,0x20,
    0x28,0x28,0x24,0x5F,0x2E,0x43,0x6C,0x61,0x73,0x73,0x47,0x75,
    0x69,0x64,0x20,0x2D,0x65,0x71,0x20,0x24,0x67,0x75,0x69,0x64,
    0x29,0x20,0x2D,0x6F,0x72,0x20,0x28,0x24,0x5F,0x2E,0x43,0x6C,
    0x61,0x73,0x73,0x4E,0x61,0x6D,0x65,0x20,0x2D,0x65,0x71,0x20,
    0x27,0x44,0x69,0x73,0x70,0x6C,0x61,0x79,0x27,0x29,0x29,0x20,
    0x2D,0x61,0x6E,0x64,0x20,0x28,0x24,0x5F,0x2E,0x44,0x72,0x69,
    0x76,0x65,0x72,0x20,0x2D,0x6C,0x69,0x6B,0x65,0x20,0x27,0x6F,
    0x65,0x6D,0x2A,0x2E,0x69,0x6E,0x66,0x27,0x29,0x20,0x7D,0x29,
    0x20,0x7D,0x20,0x63,0x61,0x74,0x63,0x68,0x20,0x7B,0x20,0x57,
    0x72,0x69,0x74,0x65,0x2D,0x48,0x6F,0x73,0x74,0x20,0x27,0x5B,
    0x45,0x52,0x52,0x4F,0x52,0x5D,0x20,0x47,0x65,0x74,0x2D,0x57,
    0x69,0x6E,0x64,0x6F,0x77,0x73,0x44,0x72,0x69,0x76,0x65,0x72,
    0x20,0x66,0x61,0x69,0x6C,0x65,0x64,0x2E,0x20,0x52,0x75,0x6E,
    0x20,0x65,0x6C,0x65,0x76,0x61,0x74,0x65,0x64,0x20,0x61,0x6E,
    0x64,0x20,0x65,0x6E,0x73,0x75,0x72,0x65,0x20,0x57,0x69,0x6E,
    0x64,0x6F,0x77,0x73,0x20,0x69,0x6D,0x61,0x67,0x65,0x20,0x69,
    0x73,0x20,0x68,0x65,0x61,0x6C,0x74,0x68,0x79,0x2E,0x27,0x3B,
    0x20,0x65,0x78,0x69,0x74,0x20,0x31,0x20,0x7D,0x3B,0x20,0x69,
    0x66,0x20,0x28,0x24,0x64,0x72,0x69,0x76,0x65,0x72,0x73,0x2E,
    0x43,0x6F,0x75,0x6E,0x74,0x20,0x2D,0x65,0x71,0x20,0x30,0x29,
    0x20,0x7B,0x20,0x57,0x72,0x69,0x74,0x65,0x2D,0x48,0x6F,0x73,
    0x74,0x20,0x27,0x5B,0x57,0x41,0x52,0x4E,0x5D,0x20,0x4E,0x6F,
    0x20,0x74,0x68,0x69,0x72,0x64,0x2D,0x70,0x61,0x72,0x74,0x79,
    0x20,0x44,0x69,0x73,0x70,0x6C,0x61,0x79,0x20,0x63,0x6C,0x61,
    0x73,0x73,0x20,0x64,0x72,0x69,0x76,0x65,0x72,0x73,0x20,0x66,
    0x6F,0x75,0x6E,0x64,0x2E,0x27,0x3B,0x20,0x65,0x78,0x69,0x74,
    0x20,0x32,0x20,0x7D,0x3B,0x20,0x24,0x66,0x61,0x69,0x6C,0x65,
    0x64,0x3D,0x30,0x3B,0x20,0x66,0x6F,0x72,0x65,0x61,0x63,0x68,
    0x20,0x28,0x24,0x64,0x20,0x69,0x6E,0x20,0x24,0x64,0x72,0x69,
    0x76,0x65,0x72,0x73,0x29,0x20,0x7B,0x20,0x57,0x72,0x69,0x74,
    0x65,0x2D,0x48,0x6F,0x73,0x74,0x20,0x28,0x27,0x5B,0x44,0x52,
    0x49,0x56,0x45,0x52,0x5D,0x20,0x27,0x20,0x2B,0x20,0x24,0x64,
    0x2E,0x44,0x72,0x69,0x76,0x65,0x72,0x20,0x2B,0x20,0x27,0x20,
    0x7C,0x20,0x27,0x20,0x2B,0x20,0x24,0x64,0x2E,0x50,0x72,0x6F,
    0x76,0x69,0x64,0x65,0x72,0x4E,0x61,0x6D,0x65,0x29,0x3B,0x20,
    0x70,0x6E,0x70,0x75,0x74,0x69,0x6C,0x2E,0x65,0x78,0x65,0x20,
    0x2F,0x65,0x78,0x70,0x6F,0x72,0x74,0x2D,0x64,0x72,0x69,0x76,
    0x65,0x72,0x20,0x24,0x64,0x2E,0x44,0x72,0x69,0x76,0x65,0x72,
    0x20,0x24,0x64,0x65,0x73,0x74,0x20,0x7C,0x20,0x4F,0x75,0x74,
    0x2D,0x4E,0x75,0x6C,0x6C,0x3B,0x20,0x69,0x66,0x20,0x28,0x24,
    0x4C,0x41,0x53,0x54,0x45,0x58,0x49,0x54,0x43,0x4F,0x44,0x45,
    0x20,0x2D,0x6E,0x65,0x20,0x30,0x29,0x20,0x7B,0x20,0x57,0x72,
    0x69,0x74,0x65,0x2D,0x48,0x6F,0x73,0x74,0x20,0x28,0x27,0x5B,
    0x45,0x52,0x52,0x4F,0x52,0x5D,0x20,0x45,0x78,0x70,0x6F,0x72,
    0x74,0x20,0x66,0x61,0x69,0x6C,0x65,0x64,0x3A,0x20,0x27,0x20,
    0x2B,0x20,0x24,0x64,0x2E,0x44,0x72,0x69,0x76,0x65,0x72,0x29,
    0x3B,0x20,0x24,0x66,0x61,0x69,0x6C,0x65,0x64,0x2B,0x2B,0x20,
    0x7D,0x20,0x7D,0x3B,0x20,0x69,0x66,0x20,0x28,0x24,0x66,0x61,
    0x69,0x6C,0x65,0x64,0x20,0x2D,0x67,0x74,0x20,0x30,0x29,0x20,
    0x7B,0x20,0x65,0x78,0x69,0x74,0x20,0x31,0x20,0x7D,0x20,0x65,
    0x6C,0x73,0x65,0x20,0x7B,0x20,0x65,0x78,0x69,0x74,0x20,0x30,
    0x20,0x7D,0x22,0x0D,0x0A,0x0D,0x0A,0x73,0x65,0x74,0x20,0x22,
    0x50,0x53,0x5F,0x45,0x58,0x49,0x54,0x3D,0x25,0x45,0x52,0x52,
    0x4F,0x52,0x4C,0x45,0x56,0x45,0x4C,0x25,0x22,0x0D,0x0A,0x65,
    0x63,0x68,0x6F,0x20,0x2D,0x2D,0x2D,0x2D,0x2D,0x2D,0x2D,0x2D,
    0x2D,0x2D,0x2D,0x2D,0x2D,0x2D,0x2D,0x2D,0x2D,0x2D,0x2D,0x2D,
    0x2D,0x2D,0x2D,0x2D,0x2D,0x2D,0x2D,0x2D,0x2D,0x2D,0x2D,0x2D,
    0x2D,0x2D,0x2D,0x2D,0x2D,0x2D,0x2D,0x2D,0x2D,0x2D,0x2D,0x2D,
    0x2D,0x2D,0x2D,0x2D,0x2D,0x2D,0x2D,0x0D,0x0A,0x69,0x66,0x20,
    0x22,0x25,0x50,0x53,0x5F,0x45,0x58,0x49,0x54,0x25,0x22,0x3D,
    0x3D,0x22,0x30,0x22,0x20,0x28,0x0D,0x0A,0x20,0x20,0x20,0x20,
    0x65,0x63,0x68,0x6F,0x20,0x5B,0x53,0x55,0x43,0x43,0x45,0x53,
    0x53,0x5D,0x20,0x44,0x69,0x73,0x70,0x6C,0x61,0x79,0x20,0x64,
    0x72,0x69,0x76,0x65,0x72,0x73,0x20,0x62,0x61,0x63,0x6B,0x65,
    0x64,0x20,0x75,0x70,0x20,0x73,0x75,0x63,0x63,0x65,0x73,0x73,
    0x66,0x75,0x6C,0x6C,0x79,0x2E,0x0D,0x0A,0x29,0x20,0x65,0x6C,
    0x73,0x65,0x20,0x69,0x66,0x20,0x22,0x25,0x50,0x53,0x5F,0x45,
    0x58,0x49,0x54,0x25,0x22,0x3D,0x3D,0x22,0x32,0x22,0x20,0x28,
    0x0D,0x0A,0x20,0x20,0x20,0x20,0x65,0x63,0x68,0x6F,0x20,0x5B,
    0x57,0x41,0x52,0x4E,0x5D,0x20,0x4E,0x6F,0x20,0x44,0x69,0x73,
    0x70,0x6C,0x61,0x79,0x20,0x64,0x72,0x69,0x76,0x65,0x72,0x73,
    0x20,0x77,0x65,0x72,0x65,0x20,0x65,0x78,0x70,0x6F,0x72,0x74,
    0x65,0x64,0x2E,0x0D,0x0A,0x29,0x20,0x65,0x6C,0x73,0x65,0x20,
    0x28,0x0D,0x0A,0x20,0x20,0x20,0x20,0x65,0x63,0x68,0x6F,0x20,
    0x5B,0x45,0x52,0x52,0x4F,0x52,0x5D,0x20,0x44,0x69,0x73,0x70,
    0x6C,0x61,0x79,0x20,0x64,0x72,0x69,0x76,0x65,0x72,0x20,0x65,
    0x78,0x70,0x6F,0x72,0x74,0x20,0x66,0x61,0x69,0x6C,0x65,0x64,
    0x20,0x77,0x69,0x74,0x68,0x20,0x65,0x78,0x69,0x74,0x20,0x63,
    0x6F,0x64,0x65,0x20,0x25,0x50,0x53,0x5F,0x45,0x58,0x49,0x54,
    0x25,0x2E,0x0D,0x0A,0x29,0x0D,0x0A,0x0D,0x0A,0x3A,0x45,0x4E,
    0x44,0x0D,0x0A,0x65,0x63,0x68,0x6F,0x2E,0x0D,0x0A,0x74,0x69,
    0x6D,0x65,0x6F,0x75,0x74,0x20,0x2F,0x74,0x20,0x35,0x0D,0x0A,
    0x65,0x78,0x69,0x74,0x20,0x2F,0x62
};
static const unsigned int PAYLOAD_DISPBACKUP_LEN = 2275u;

static const unsigned char PAYLOAD_DISPRESTORE[] = {
    0x40,0x65,0x63,0x68,0x6F,0x20,0x6F,0x66,0x66,0x0D,0x0A,0x73,
    0x65,0x74,0x6C,0x6F,0x63,0x61,0x6C,0x20,0x45,0x6E,0x61,0x62,
    0x6C,0x65,0x45,0x78,0x74,0x65,0x6E,0x73,0x69,0x6F,0x6E,0x73,
    0x20,0x45,0x6E,0x61,0x62,0x6C,0x65,0x44,0x65,0x6C,0x61,0x79,
    0x65,0x64,0x45,0x78,0x70,0x61,0x6E,0x73,0x69,0x6F,0x6E,0x0D,
    0x0A,0x74,0x69,0x74,0x6C,0x65,0x20,0x44,0x69,0x73,0x70,0x6C,
    0x61,0x79,0x20,0x44,0x72,0x69,0x76,0x65,0x72,0x20,0x52,0x65,
    0x73,0x74,0x6F,0x72,0x65,0x20,0x55,0x74,0x69,0x6C,0x69,0x74,
    0x79,0x0D,0x0A,0x0D,0x0A,0x3A,0x3A,0x20,0x2D,0x2D,0x2D,0x20,
    0x50,0x72,0x69,0x76,0x69,0x6C,0x65,0x67,0x65,0x20,0x43,0x68,
    0x65,0x63,0x6B,0x20,0x2D,0x2D,0x2D,0x0D,0x0A,0x6E,0x65,0x74,
    0x20,0x73,0x65,0x73,0x73,0x69,0x6F,0x6E,0x20,0x3E,0x6E,0x75,
    0x6C,0x20,0x32,0x3E,0x26,0x31,0x0D,0x0A,0x69,0x66,0x20,0x25,
    0x65,0x72,0x72,0x6F,0x72,0x4C,0x65,0x76,0x65,0x6C,0x25,0x20,
    0x4E,0x45,0x51,0x20,0x30,0x20,0x28,0x0D,0x0A,0x20,0x20,0x20,
    0x20,0x65,0x63,0x68,0x6F,0x20,0x5B,0x49,0x4E,0x46,0x4F,0x5D,
    0x20,0x52,0x65,0x71,0x75,0x65,0x73,0x74,0x69,0x6E,0x67,0x20,
    0x41,0x64,0x6D,0x69,0x6E,0x69,0x73,0x74,0x72,0x61,0x74,0x6F,
    0x72,0x20,0x70,0x72,0x69,0x76,0x69,0x6C,0x65,0x67,0x65,0x73,
    0x2E,0x2E,0x2E,0x0D,0x0A,0x20,0x20,0x20,0x20,0x70,0x6F,0x77,
    0x65,0x72,0x73,0x68,0x65,0x6C,0x6C,0x20,0x2D,0x4E,0x6F,0x50,
    0x72,0x6F,0x66,0x69,0x6C,0x65,0x20,0x2D,0x43,0x6F,0x6D,0x6D,
    0x61,0x6E,0x64,0x20,0x22,0x53,0x74,0x61,0x72,0x74,0x2D,0x50,
    0x72,0x6F,0x63,0x65,0x73,0x73,0x20,0x2D,0x46,0x69,0x6C,0x65,
    0x50,0x61,0x74,0x68,0x20,0x27,0x25,0x7E,0x66,0x30,0x27,0x20,
    0x2D,0x56,0x65,0x72,0x62,0x20,0x52,0x75,0x6E,0x41,0x73,0x22,
    0x0D,0x0A,0x20,0x20,0x20,0x20,0x65,0x78,0x69,0x74,0x20,0x2F,
    0x62,0x0D,0x0A,0x29,0x0D,0x0A,0x0D,0x0A,0x3A,0x3A,0x20,0x2D,
    0x2D,0x2D,0x20,0x43,0x6F,0x6E,0x66,0x69,0x67,0x75,0x72,0x61,
    0x74,0x69,0x6F,0x6E,0x20,0x2D,0x2D,0x2D,0x0D,0x0A,0x73,0x65,
    0x74,0x20,0x22,0x42,0x41,0x43,0x4B,0x55,0x50,0x5F,0x44,0x49,
    0x52,0x3D,0x25,0x53,0x79,0x73,0x74,0x65,0x6D,0x44,0x72,0x69,
    0x76,0x65,0x25,0x5C,0x42,0x61,0x63,0x6B,0x75,0x70,0x5F,0x44,
    0x69,0x73,0x70,0x6C,0x61,0x79,0x5F,0x44,0x72,0x69,0x76,0x65,
    0x72,0x22,0x0D,0x0A,0x0D,0x0A,0x63,0x6C,0x73,0x0D,0x0A,0x65,
    0x63,0x68,0x6F,0x20,0x3D,0x3D,0x3D,0x3D,0x3D,0x3D,0x3D,0x3D,
    0x3D,0x3D,0x3D,0x3D,0x3D,0x3D,0x3D,0x3D,0x3D,0x3D,0x3D,0x3D,
    0x3D,0x3D,0x3D,0x3D,0x3D,0x3D,0x3D,0x3D,0x3D,0x3D,0x3D,0x3D,
    0x3D,0x3D,0x3D,0x3D,0x3D,0x3D,0x3D,0x3D,0x3D,0x3D,0x3D,0x3D,
    0x3D,0x3D,0x3D,0x3D,0x3D,0x3D,0x3D,0x0D,0x0A,0x65,0x63,0x68,
    0x6F,0x20,0x20,0x20,0x20,0x20,0x20,0x20,0x20,0x20,0x20,0x20,
    0x44,0x49,0x53,0x50,0x4C,0x41,0x59,0x20,0x44,0x52,0x49,0x56,
    0x45,0x52,0x20,0x52,0x45,0x53,0x54,0x4F,0x52,0x45,0x20,0x55,
    0x54,0x49,0x4C,0x49,0x54,0x59,0x0D,0x0A,0x65,0x63,0x68,0x6F,
    0x20,0x3D,0x3D,0x3D,0x3D,0x3D,0x3D,0x3D,0x3D,0x3D,0x3D,0x3D,
    0x3D,0x3D,0x3D,0x3D,0x3D,0x3D,0x3D,0x3D,0x3D,0x3D,0x3D,0x3D,
    0x3D,0x3D,0x3D,0x3D,0x3D,0x3D,0x3D,0x3D,0x3D,0x3D,0x3D,0x3D,
    0x3D,0x3D,0x3D,0x3D,0x3D,0x3D,0x3D,0x3D,0x3D,0x3D,0x3D,0x3D,
    0x3D,0x3D,0x3D,0x3D,0x0D,0x0A,0x65,0x63,0x68,0x6F,0x2E,0x0D,
    0x0A,0x65,0x63,0x68,0x6F,0x20,0x5B,0x53,0x54,0x41,0x54,0x55,
    0x53,0x5D,0x20,0x53,0x6F,0x75,0x72,0x63,0x65,0x20,0x44,0x69,
    0x72,0x65,0x63,0x74,0x6F,0x72,0x79,0x3A,0x20,0x25,0x42,0x41,
    0x43,0x4B,0x55,0x50,0x5F,0x44,0x49,0x52,0x25,0x0D,0x0A,0x0D,
    0x0A,0x3A,0x3A,0x20,0x2D,0x2D,0x2D,0x20,0x56,0x61,0x6C,0x69,
    0x64,0x61,0x74,0x65,0x20,0x42,0x61,0x63,0x6B,0x75,0x70,0x20,
    0x44,0x69,0x72,0x65,0x63,0x74,0x6F,0x72,0x79,0x20,0x2D,0x2D,
    0x2D,0x0D,0x0A,0x69,0x66,0x20,0x6E,0x6F,0x74,0x20,0x65,0x78,
    0x69,0x73,0x74,0x20,0x22,0x25,0x42,0x41,0x43,0x4B,0x55,0x50,
    0x5F,0x44,0x49,0x52,0x25,0x22,0x20,0x28,0x0D,0x0A,0x20,0x20,
    0x20,0x20,0x65,0x63,0x68,0x6F,0x20,0x5B,0x45,0x52,0x52,0x4F,
    0x52,0x5D,0x20,0x44,0x69,0x73,0x70,0x6C,0x61,0x79,0x20,0x62,
    0x61,0x63,0x6B,0x75,0x70,0x20,0x64,0x69,0x72,0x65,0x63,0x74,
    0x6F,0x72,0x79,0x20,0x6E,0x6F,0x74,0x20,0x66,0x6F,0x75,0x6E,
    0x64,0x2E,0x0D,0x0A,0x20,0x20,0x20,0x20,0x65,0x63,0x68,0x6F,
    0x20,0x5B,0x45,0x52,0x52,0x4F,0x52,0x5D,0x20,0x45,0x78,0x70,
    0x65,0x63,0x74,0x65,0x64,0x20,0x70,0x61,0x74,0x68,0x3A,0x0D,
    0x0A,0x20,0x20,0x20,0x20,0x65,0x63,0x68,0x6F,0x20,0x25,0x42,
    0x41,0x43,0x4B,0x55,0x50,0x5F,0x44,0x49,0x52,0x25,0x0D,0x0A,
    0x20,0x20,0x20,0x20,0x67,0x6F,0x74,0x6F,0x20,0x3A,0x45,0x4E,
    0x44,0x0D,0x0A,0x29,0x0D,0x0A,0x0D,0x0A,0x64,0x69,0x72,0x20,
    0x2F,0x73,0x20,0x2F,0x62,0x20,0x22,0x25,0x42,0x41,0x43,0x4B,
    0x55,0x50,0x5F,0x44,0x49,0x52,0x25,0x5C,0x2A,0x2E,0x69,0x6E,
    0x66,0x22,0x20,0x3E,0x6E,0x75,0x6C,0x20,0x32,0x3E,0x26,0x31,
    0x0D,0x0A,0x69,0x66,0x20,0x21,0x65,0x72,0x72,0x6F,0x72,0x6C,
    0x65,0x76,0x65,0x6C,0x21,0x20,0x4E,0x45,0x51,0x20,0x30,0x20,
    0x28,0x0D,0x0A,0x20,0x20,0x20,0x20,0x65,0x63,0x68,0x6F,0x20,
    0x5B,0x57,0x41,0x52,0x4E,0x5D,0x20,0x4E,0x6F,0x20,0x49,0x4E,
    0x46,0x20,0x66,0x69,0x6C,0x65,0x73,0x20,0x66,0x6F,0x75,0x6E,
    0x64,0x20,0x69,0x6E,0x20,0x62,0x61,0x63,0x6B,0x75,0x70,0x20,
    0x64,0x69,0x72,0x65,0x63,0x74,0x6F,0x72,0x79,0x2E,0x0D,0x0A,
    0x20,0x20,0x20,0x20,0x67,0x6F,0x74,0x6F,0x20,0x3A,0x45,0x4E,
    0x44,0x0D,0x0A,0x29,0x0D,0x0A,0x0D,0x0A,0x3A,0x3A,0x20,0x2D,
    0x2D,0x2D,0x20,0x45,0x78,0x65,0x63,0x75,0x74,0x65,0x20,0x52,
    0x65,0x73,0x74,0x6F,0x72,0x65,0x20,0x2D,0x2D,0x2D,0x0D,0x0A,
    0x65,0x63,0x68,0x6F,0x20,0x5B,0x49,0x4E,0x46,0x4F,0x5D,0x20,
    0x52,0x65,0x73,0x74,0x6F,0x72,0x69,0x6E,0x67,0x20,0x44,0x69,
    0x73,0x70,0x6C,0x61,0x79,0x20,0x64,0x72,0x69,0x76,0x65,0x72,
    0x73,0x20,0x66,0x72,0x6F,0x6D,0x20,0x62,0x61,0x63,0x6B,0x75,
    0x70,0x2E,0x0D,0x0A,0x65,0x63,0x68,0x6F,0x20,0x5B,0x57,0x41,
    0x52,0x4E,0x5D,0x20,0x44,0x72,0x69,0x76,0x65,0x72,0x20,0x70,
    0x61,0x63,0x6B,0x61,0x67,0x65,0x73,0x20,0x66,0x72,0x6F,0x6D,
    0x20,0x74,0x68,0x69,0x73,0x20,0x66,0x6F,0x6C,0x64,0x65,0x72,
    0x20,0x77,0x69,0x6C,0x6C,0x20,0x62,0x65,0x20,0x69,0x6E,0x73,
    0x74,0x61,0x6C,0x6C,0x65,0x64,0x2E,0x0D,0x0A,0x65,0x63,0x68,
    0x6F,0x20,0x50,0x6C,0x65,0x61,0x73,0x65,0x20,0x77,0x61,0x69,
    0x74,0x2E,0x2E,0x2E,0x0D,0x0A,0x65,0x63,0x68,0x6F,0x20,0x2D,
    0x2D,0x2D,0x2D,0x2D,0x2D,0x2D,0x2D,0x2D,0x2D,0x2D,0x2D,0x2D,
    0x2D,0x2D,0x2D,0x2D,0x2D,0x2D,0x2D,0x2D,0x2D,0x2D,0x2D,0x2D,
    0x2D,0x2D,0x2D,0x2D,0x2D,0x2D,0x2D,0x2D,0x2D,0x2D,0x2D,0x2D,
    0x2D,0x2D,0x2D,0x2D,0x2D,0x2D,0x2D,0x2D,0x2D,0x2D,0x2D,0x2D,
    0x2D,0x2D,0x0D,0x0A,0x0D,0x0A,0x70,0x6E,0x70,0x75,0x74,0x69,
    0x6C,0x20,0x2F,0x61,0x64,0x64,0x2D,0x64,0x72,0x69,0x76,0x65,
    0x72,0x20,0x22,0x25,0x42,0x41,0x43,0x4B,0x55,0x50,0x5F,0x44,
    0x49,0x52,0x25,0x5C,0x2A,0x2E,0x69,0x6E,0x66,0x22,0x20,0x2F,
    0x73,0x75,0x62,0x64,0x69,0x72,0x73,0x20,0x2F,0x69,0x6E,0x73,
    0x74,0x61,0x6C,0x6C,0x0D,0x0A,0x69,0x66,0x20,0x21,0x65,0x72,
    0x72,0x6F,0x72,0x6C,0x65,0x76,0x65,0x6C,0x21,0x20,0x45,0x51,
    0x55,0x20,0x30,0x20,0x28,0x0D,0x0A,0x20,0x20,0x20,0x20,0x65,
    0x63,0x68,0x6F,0x20,0x2D,0x2D,0x2D,0x2D,0x2D,0x2D,0x2D,0x2D,
    0x2D,0x2D,0x2D,0x2D,0x2D,0x2D,0x2D,0x2D,0x2D,0x2D,0x2D,0x2D,
    0x2D,0x2D,0x2D,0x2D,0x2D,0x2D,0x2D,0x2D,0x2D,0x2D,0x2D,0x2D,
    0x2D,0x2D,0x2D,0x2D,0x2D,0x2D,0x2D,0x2D,0x2D,0x2D,0x2D,0x2D,
    0x2D,0x2D,0x2D,0x2D,0x2D,0x2D,0x2D,0x0D,0x0A,0x20,0x20,0x20,
    0x20,0x65,0x63,0x68,0x6F,0x20,0x5B,0x53,0x55,0x43,0x43,0x45,
    0x53,0x53,0x5D,0x20,0x44,0x69,0x73,0x70,0x6C,0x61,0x79,0x20,
    0x64,0x72,0x69,0x76,0x65,0x72,0x73,0x20,0x72,0x65,0x73,0x74,
    0x6F,0x72,0x65,0x64,0x20,0x73,0x75,0x63,0x63,0x65,0x73,0x73,
    0x66,0x75,0x6C,0x6C,0x79,0x2E,0x0D,0x0A,0x20,0x20,0x20,0x20,
    0x65,0x63,0x68,0x6F,0x20,0x5B,0x49,0x4E,0x46,0x4F,0x5D,0x20,
    0x41,0x20,0x73,0x79,0x73,0x74,0x65,0x6D,0x20,0x72,0x65,0x73,
    0x74,0x61,0x72,0x74,0x20,0x69,0x73,0x20,0x72,0x65,0x63,0x6F,
    0x6D,0x6D,0x65,0x6E,0x64,0x65,0x64,0x20,0x74,0x6F,0x20,0x61,
    0x70,0x70,0x6C,0x79,0x20,0x63,0x68,0x61,0x6E,0x67,0x65,0x73,
    0x2E,0x0D,0x0A,0x29,0x20,0x65,0x6C,0x73,0x65,0x20,0x28,0x0D,
    0x0A,0x20,0x20,0x20,0x20,0x65,0x63,0x68,0x6F,0x20,0x2D,0x2D,
    0x2D,0x2D,0x2D,0x2D,0x2D,0x2D,0x2D,0x2D,0x2D,0x2D,0x2D,0x2D,
    0x2D,0x2D,0x2D,0x2D,0x2D,0x2D,0x2D,0x2D,0x2D,0x2D,0x2D,0x2D,
    0x2D,0x2D,0x2D,0x2D,0x2D,0x2D,0x2D,0x2D,0x2D,0x2D,0x2D,0x2D,
    0x2D,0x2D,0x2D,0x2D,0x2D,0x2D,0x2D,0x2D,0x2D,0x2D,0x2D,0x2D,
    0x2D,0x0D,0x0A,0x20,0x20,0x20,0x20,0x65,0x63,0x68,0x6F,0x20,
    0x5B,0x45,0x52,0x52,0x4F,0x52,0x5D,0x20,0x44,0x69,0x73,0x70,
    0x6C,0x61,0x79,0x20,0x64,0x72,0x69,0x76,0x65,0x72,0x20,0x72,
    0x65,0x73,0x74,0x6F,0x72,0x61,0x74,0x69,0x6F,0x6E,0x20,0x66,
    0x61,0x69,0x6C,0x65,0x64,0x20,0x77,0x69,0x74,0x68,0x20,0x65,
    0x78,0x69,0x74,0x20,0x63,0x6F,0x64,0x65,0x20,0x21,0x65,0x72,
    0x72,0x6F,0x72,0x6C,0x65,0x76,0x65,0x6C,0x21,0x2E,0x0D,0x0A,
    0x29,0x0D,0x0A,0x0D,0x0A,0x3A,0x45,0x4E,0x44,0x0D,0x0A,0x65,
    0x63,0x68,0x6F,0x2E,0x0D,0x0A,0x74,0x69,0x6D,0x65,0x6F,0x75,
    0x74,0x20,0x2F,0x74,0x20,0x35,0x0D,0x0A,0x65,0x78,0x69,0x74,
    0x20,0x2F,0x62
};
static const unsigned int PAYLOAD_DISPRESTORE_LEN = 1671u;

static const unsigned char PAYLOAD_USB_TOOL[] = {
    0x40,0x65,0x63,0x68,0x6F,0x20,0x6F,0x66,0x66,0x0D,0x0A,0x74,
    0x69,0x74,0x6C,0x65,0x20,0x44,0x69,0x72,0x65,0x63,0x74,0x6F,
    0x72,0x79,0x20,0x43,0x6F,0x6E,0x66,0x69,0x67,0x75,0x72,0x61,
    0x74,0x6F,0x72,0x0D,0x0A,0x63,0x6C,0x73,0x0D,0x0A,0x0D,0x0A,
    0x3A,0x3A,0x20,0x31,0x2E,0x20,0x43,0x68,0x65,0x63,0x6B,0x20,
    0x61,0x6E,0x64,0x20,0x72,0x65,0x71,0x75,0x65,0x73,0x74,0x20,
    0x41,0x64,0x6D,0x69,0x6E,0x69,0x73,0x74,0x72,0x61,0x74,0x6F,
    0x72,0x20,0x70,0x72,0x69,0x76,0x69,0x6C,0x65,0x67,0x65,0x73,
    0x0D,0x0A,0x6E,0x65,0x74,0x20,0x73,0x65,0x73,0x73,0x69,0x6F,
    0x6E,0x20,0x3E,0x6E,0x75,0x6C,0x20,0x32,0x3E,0x26,0x31,0x0D,
    0x0A,0x69,0x66,0x20,0x25,0x65,0x72,0x72,0x6F,0x72,0x4C,0x65,
    0x76,0x65,0x6C,0x25,0x20,0x3D,0x3D,0x20,0x30,0x20,0x28,0x0D,
    0x0A,0x20,0x20,0x20,0x20,0x67,0x6F,0x74,0x6F,0x20,0x67,0x6F,
    0x74,0x41,0x64,0x6D,0x69,0x6E,0x0D,0x0A,0x29,0x20,0x65,0x6C,
    0x73,0x65,0x20,0x28,0x0D,0x0A,0x20,0x20,0x20,0x20,0x67,0x6F,
    0x74,0x6F,0x20,0x55,0x41,0x43,0x50,0x72,0x6F,0x6D,0x70,0x74,
    0x0D,0x0A,0x29,0x0D,0x0A,0x0D,0x0A,0x3A,0x55,0x41,0x43,0x50,
    0x72,0x6F,0x6D,0x70,0x74,0x0D,0x0A,0x65,0x63,0x68,0x6F,0x20,
    0x52,0x65,0x71,0x75,0x65,0x73,0x74,0x69,0x6E,0x67,0x20,0x61,
    0x64,0x6D,0x69,0x6E,0x69,0x73,0x74,0x72,0x61,0x74,0x69,0x76,
    0x65,0x20,0x70,0x72,0x69,0x76,0x69,0x6C,0x65,0x67,0x65,0x73,
    0x2E,0x2E,0x2E,0x0D,0x0A,0x65,0x63,0x68,0x6F,0x20,0x53,0x65,
    0x74,0x20,0x55,0x41,0x43,0x20,0x3D,0x20,0x43,0x72,0x65,0x61,
    0x74,0x65,0x4F,0x62,0x6A,0x65,0x63,0x74,0x5E,0x28,0x22,0x53,
    0x68,0x65,0x6C,0x6C,0x2E,0x41,0x70,0x70,0x6C,0x69,0x63,0x61,
    0x74,0x69,0x6F,0x6E,0x22,0x5E,0x29,0x20,0x3E,0x20,0x22,0x25,
    0x74,0x65,0x6D,0x70,0x25,0x5C,0x67,0x65,0x74,0x61,0x64,0x6D,
    0x69,0x6E,0x2E,0x76,0x62,0x73,0x22,0x0D,0x0A,0x65,0x63,0x68,
    0x6F,0x20,0x55,0x41,0x43,0x2E,0x53,0x68,0x65,0x6C,0x6C,0x45,
    0x78,0x65,0x63,0x75,0x74,0x65,0x20,0x22,0x63,0x6D,0x64,0x2E,
    0x65,0x78,0x65,0x22,0x2C,0x20,0x22,0x2F,0x63,0x20,0x22,0x22,
    0x25,0x7E,0x73,0x30,0x22,0x22,0x22,0x2C,0x20,0x22,0x22,0x2C,
    0x20,0x22,0x72,0x75,0x6E,0x61,0x73,0x22,0x2C,0x20,0x31,0x20,
    0x3E,0x3E,0x20,0x22,0x25,0x74,0x65,0x6D,0x70,0x25,0x5C,0x67,
    0x65,0x74,0x61,0x64,0x6D,0x69,0x6E,0x2E,0x76,0x62,0x73,0x22,
    0x0D,0x0A,0x22,0x25,0x74,0x65,0x6D,0x70,0x25,0x5C,0x67,0x65,
    0x74,0x61,0x64,0x6D,0x69,0x6E,0x2E,0x76,0x62,0x73,0x22,0x0D,
    0x0A,0x64,0x65,0x6C,0x20,0x22,0x25,0x74,0x65,0x6D,0x70,0x25,
    0x5C,0x67,0x65,0x74,0x61,0x64,0x6D,0x69,0x6E,0x2E,0x76,0x62,
    0x73,0x22,0x0D,0x0A,0x65,0x78,0x69,0x74,0x20,0x2F,0x42,0x0D,
    0x0A,0x0D,0x0A,0x3A,0x67,0x6F,0x74,0x41,0x64,0x6D,0x69,0x6E,
    0x0D,0x0A,0x3A,0x3A,0x20,0x45,0x6E,0x73,0x75,0x72,0x65,0x20,
    0x74,0x68,0x65,0x20,0x77,0x6F,0x72,0x6B,0x69,0x6E,0x67,0x20,
    0x64,0x69,0x72,0x65,0x63,0x74,0x6F,0x72,0x79,0x20,0x69,0x73,
    0x20,0x73,0x65,0x74,0x20,0x74,0x6F,0x20,0x74,0x68,0x65,0x20,
    0x66,0x6F,0x6C,0x64,0x65,0x72,0x20,0x77,0x68,0x65,0x72,0x65,
    0x20,0x74,0x68,0x65,0x20,0x73,0x63,0x72,0x69,0x70,0x74,0x20,
    0x69,0x73,0x20,0x6C,0x6F,0x63,0x61,0x74,0x65,0x64,0x0D,0x0A,
    0x63,0x64,0x20,0x2F,0x64,0x20,0x22,0x25,0x7E,0x64,0x70,0x30,
    0x22,0x0D,0x0A,0x0D,0x0A,0x65,0x63,0x68,0x6F,0x20,0x52,0x75,
    0x6E,0x6E,0x69,0x6E,0x67,0x20,0x6F,0x70,0x65,0x72,0x61,0x74,
    0x69,0x6F,0x6E,0x73,0x20,0x69,0x6E,0x20,0x74,0x68,0x65,0x20,
    0x63,0x75,0x72,0x72,0x65,0x6E,0x74,0x20,0x64,0x69,0x72,0x65,
    0x63,0x74,0x6F,0x72,0x79,0x3A,0x20,0x25,0x7E,0x64,0x70,0x30,
    0x0D,0x0A,0x65,0x63,0x68,0x6F,0x2E,0x0D,0x0A,0x0D,0x0A,0x3A,
    0x3A,0x20,0x32,0x2E,0x20,0x52,0x65,0x6D,0x6F,0x76,0x65,0x20,
    0x65,0x78,0x69,0x73,0x74,0x69,0x6E,0x67,0x20,0x61,0x74,0x74,
    0x72,0x69,0x62,0x75,0x74,0x65,0x73,0x20,0x6F,0x66,0x20,0x63,
    0x72,0x65,0x61,0x74,0x65,0x64,0x20,0x66,0x69,0x6C,0x65,0x73,
    0x20,0x74,0x6F,0x20,0x61,0x6C,0x6C,0x6F,0x77,0x20,0x6F,0x76,
    0x65,0x72,0x77,0x72,0x69,0x74,0x69,0x6E,0x67,0x0D,0x0A,0x69,
    0x66,0x20,0x65,0x78,0x69,0x73,0x74,0x20,0x22,0x41,0x6E,0x64,
    0x72,0x6F,0x69,0x64,0x22,0x20,0x61,0x74,0x74,0x72,0x69,0x62,
    0x20,0x2D,0x68,0x20,0x2D,0x73,0x20,0x22,0x41,0x6E,0x64,0x72,
    0x6F,0x69,0x64,0x22,0x20,0x3E,0x6E,0x75,0x6C,0x20,0x32,0x3E,
    0x26,0x31,0x0D,0x0A,0x69,0x66,0x20,0x65,0x78,0x69,0x73,0x74,
    0x20,0x22,0x53,0x79,0x73,0x74,0x65,0x6D,0x20,0x56,0x6F,0x6C,
    0x75,0x6D,0x65,0x20,0x49,0x6E,0x66,0x6F,0x72,0x6D,0x61,0x74,
    0x69,0x6F,0x6E,0x20,0x21,0x22,0x20,0x61,0x74,0x74,0x72,0x69,
    0x62,0x20,0x2D,0x68,0x20,0x2D,0x73,0x20,0x22,0x53,0x79,0x73,
    0x74,0x65,0x6D,0x20,0x56,0x6F,0x6C,0x75,0x6D,0x65,0x20,0x49,
    0x6E,0x66,0x6F,0x72,0x6D,0x61,0x74,0x69,0x6F,0x6E,0x20,0x21,
    0x22,0x20,0x3E,0x6E,0x75,0x6C,0x20,0x32,0x3E,0x26,0x31,0x0D,
    0x0A,0x69,0x66,0x20,0x65,0x78,0x69,0x73,0x74,0x20,0x22,0x61,
    0x75,0x74,0x6F,0x72,0x75,0x6E,0x2E,0x69,0x6E,0x66,0x22,0x20,
    0x61,0x74,0x74,0x72,0x69,0x62,0x20,0x2D,0x68,0x20,0x2D,0x73,
    0x20,0x22,0x61,0x75,0x74,0x6F,0x72,0x75,0x6E,0x2E,0x69,0x6E,
    0x66,0x22,0x20,0x3E,0x6E,0x75,0x6C,0x20,0x32,0x3E,0x26,0x31,
    0x0D,0x0A,0x0D,0x0A,0x3A,0x3A,0x20,0x33,0x2E,0x20,0x43,0x72,
    0x65,0x61,0x74,0x65,0x20,0x61,0x6E,0x64,0x20,0x77,0x72,0x69,
    0x74,0x65,0x20,0x63,0x6F,0x6E,0x74,0x65,0x6E,0x74,0x20,0x74,
    0x6F,0x20,0x74,0x68,0x65,0x20,0x63,0x6F,0x72,0x65,0x20,0x66,
    0x69,0x6C,0x65,0x73,0x0D,0x0A,0x74,0x79,0x70,0x65,0x20,0x6E,
    0x75,0x6C,0x20,0x3E,0x20,0x22,0x41,0x6E,0x64,0x72,0x6F,0x69,
    0x64,0x22,0x0D,0x0A,0x74,0x79,0x70,0x65,0x20,0x6E,0x75,0x6C,
    0x20,0x3E,0x20,0x22,0x53,0x79,0x73,0x74,0x65,0x6D,0x20,0x56,
    0x6F,0x6C,0x75,0x6D,0x65,0x20,0x49,0x6E,0x66,0x6F,0x72,0x6D,
    0x61,0x74,0x69,0x6F,0x6E,0x20,0x21,0x22,0x0D,0x0A,0x0D,0x0A,
    0x28,0x0D,0x0A,0x65,0x63,0x68,0x6F,0x20,0x5B,0x61,0x75,0x74,
    0x6F,0x72,0x75,0x6E,0x5D,0x0D,0x0A,0x65,0x63,0x68,0x6F,0x20,
    0x69,0x63,0x6F,0x6E,0x20,0x20,0x3D,0x20,0x2E,0x61,0x75,0x74,
    0x6F,0x72,0x75,0x6E,0x2E,0x69,0x63,0x6F,0x0D,0x0A,0x65,0x63,
    0x68,0x6F,0x20,0x6C,0x61,0x62,0x65,0x6C,0x20,0x3D,0x20,0x46,
    0x69,0x6C,0x65,0x73,0x0D,0x0A,0x29,0x20,0x3E,0x20,0x22,0x61,
    0x75,0x74,0x6F,0x72,0x75,0x6E,0x2E,0x69,0x6E,0x66,0x22,0x0D,
    0x0A,0x0D,0x0A,0x3A,0x3A,0x20,0x34,0x2E,0x20,0x41,0x70,0x70,
    0x6C,0x79,0x20,0x48,0x69,0x64,0x64,0x65,0x6E,0x20,0x61,0x6E,
    0x64,0x20,0x53,0x79,0x73,0x74,0x65,0x6D,0x20,0x61,0x74,0x74,
    0x72,0x69,0x62,0x75,0x74,0x65,0x73,0x20,0x74,0x6F,0x20,0x61,
    0x6C,0x6C,0x20,0x73,0x70,0x65,0x63,0x69,0x66,0x69,0x65,0x64,
    0x20,0x66,0x69,0x6C,0x65,0x73,0x0D,0x0A,0x61,0x74,0x74,0x72,
    0x69,0x62,0x20,0x2B,0x68,0x20,0x2B,0x73,0x20,0x22,0x41,0x6E,
    0x64,0x72,0x6F,0x69,0x64,0x22,0x0D,0x0A,0x61,0x74,0x74,0x72,
    0x69,0x62,0x20,0x2B,0x68,0x20,0x2B,0x73,0x20,0x22,0x53,0x79,
    0x73,0x74,0x65,0x6D,0x20,0x56,0x6F,0x6C,0x75,0x6D,0x65,0x20,
    0x49,0x6E,0x66,0x6F,0x72,0x6D,0x61,0x74,0x69,0x6F,0x6E,0x20,
    0x21,0x22,0x0D,0x0A,0x61,0x74,0x74,0x72,0x69,0x62,0x20,0x2B,
    0x68,0x20,0x2B,0x73,0x20,0x22,0x61,0x75,0x74,0x6F,0x72,0x75,
    0x6E,0x2E,0x69,0x6E,0x66,0x22,0x0D,0x0A,0x0D,0x0A,0x3A,0x3A,
    0x20,0x41,0x70,0x70,0x6C,0x79,0x20,0x48,0x69,0x64,0x64,0x65,
    0x6E,0x20,0x61,0x6E,0x64,0x20,0x53,0x79,0x73,0x74,0x65,0x6D,
    0x20,0x61,0x74,0x74,0x72,0x69,0x62,0x75,0x74,0x65,0x73,0x20,
    0x6F,0x6E,0x6C,0x79,0x20,0x28,0x69,0x66,0x20,0x74,0x68,0x65,
    0x79,0x20,0x65,0x78,0x69,0x73,0x74,0x29,0x0D,0x0A,0x69,0x66,
    0x20,0x65,0x78,0x69,0x73,0x74,0x20,0x22,0x53,0x79,0x73,0x74,
    0x65,0x6D,0x20,0x56,0x6F,0x6C,0x75,0x6D,0x65,0x20,0x49,0x6E,
    0x66,0x6F,0x72,0x6D,0x61,0x74,0x69,0x6F,0x6E,0x22,0x20,0x61,
    0x74,0x74,0x72,0x69,0x62,0x20,0x2B,0x68,0x20,0x2B,0x73,0x20,
    0x22,0x53,0x79,0x73,0x74,0x65,0x6D,0x20,0x56,0x6F,0x6C,0x75,
    0x6D,0x65,0x20,0x49,0x6E,0x66,0x6F,0x72,0x6D,0x61,0x74,0x69,
    0x6F,0x6E,0x22,0x20,0x3E,0x6E,0x75,0x6C,0x20,0x32,0x3E,0x26,
    0x31,0x0D,0x0A,0x69,0x66,0x20,0x65,0x78,0x69,0x73,0x74,0x20,
    0x22,0x61,0x75,0x74,0x6F,0x72,0x75,0x6E,0x2E,0x69,0x63,0x6F,
    0x22,0x20,0x61,0x74,0x74,0x72,0x69,0x62,0x20,0x2B,0x68,0x20,
    0x2B,0x73,0x20,0x22,0x61,0x75,0x74,0x6F,0x72,0x75,0x6E,0x2E,
    0x69,0x63,0x6F,0x22,0x20,0x3E,0x6E,0x75,0x6C,0x20,0x32,0x3E,
    0x26,0x31,0x0D,0x0A,0x69,0x66,0x20,0x65,0x78,0x69,0x73,0x74,
    0x20,0x22,0x2E,0x61,0x75,0x74,0x6F,0x72,0x75,0x6E,0x2E,0x69,
    0x63,0x6F,0x22,0x20,0x61,0x74,0x74,0x72,0x69,0x62,0x20,0x2B,
    0x68,0x20,0x2B,0x73,0x20,0x22,0x2E,0x61,0x75,0x74,0x6F,0x72,
    0x75,0x6E,0x2E,0x69,0x63,0x6F,0x22,0x20,0x3E,0x6E,0x75,0x6C,
    0x20,0x32,0x3E,0x26,0x31,0x0D,0x0A,0x69,0x66,0x20,0x65,0x78,
    0x69,0x73,0x74,0x20,0x22,0x2E,0x63,0x6D,0x30,0x30,0x31,0x33,
    0x22,0x20,0x61,0x74,0x74,0x72,0x69,0x62,0x20,0x2B,0x68,0x20,
    0x2B,0x73,0x20,0x22,0x2E,0x63,0x6D,0x30,0x30,0x31,0x33,0x22,
    0x20,0x3E,0x6E,0x75,0x6C,0x20,0x32,0x3E,0x26,0x31,0x0D,0x0A,
    0x0D,0x0A,0x65,0x63,0x68,0x6F,0x20,0x4F,0x70,0x65,0x72,0x61,
    0x74,0x69,0x6F,0x6E,0x73,0x20,0x73,0x75,0x63,0x63,0x65,0x73,
    0x73,0x66,0x75,0x6C,0x6C,0x79,0x20,0x63,0x6F,0x6D,0x70,0x6C,
    0x65,0x74,0x65,0x64,0x2E,0x0D,0x0A,0x65,0x63,0x68,0x6F,0x2E,
    0x0D,0x0A,0x0D,0x0A,0x3A,0x3A,0x20,0x35,0x2E,0x20,0x57,0x61,
    0x69,0x74,0x20,0x66,0x6F,0x72,0x20,0x35,0x20,0x73,0x65,0x63,
    0x6F,0x6E,0x64,0x73,0x20,0x6F,0x72,0x20,0x61,0x20,0x6B,0x65,
    0x79,0x70,0x72,0x65,0x73,0x73,0x2C,0x20,0x74,0x68,0x65,0x6E,
    0x20,0x65,0x78,0x69,0x74,0x0D,0x0A,0x65,0x63,0x68,0x6F,0x20,
    0x43,0x6C,0x6F,0x73,0x69,0x6E,0x67,0x20,0x69,0x6E,0x20,0x35,
    0x20,0x73,0x65,0x63,0x6F,0x6E,0x64,0x73,0x20,0x28,0x6F,0x72,
    0x20,0x70,0x72,0x65,0x73,0x73,0x20,0x61,0x6E,0x79,0x20,0x6B,
    0x65,0x79,0x29,0x2E,0x2E,0x2E,0x0D,0x0A,0x74,0x69,0x6D,0x65,
    0x6F,0x75,0x74,0x20,0x2F,0x74,0x20,0x35,0x0D,0x0A,0x65,0x78,
    0x69,0x74
};
static const unsigned int PAYLOAD_USB_TOOL_LEN = 1802u;

static const unsigned char PAYLOAD_USB_ICO[] = {
    0x00,0x00,0x01,0x00,0x05,0x00,0x40,0x40,0x00,0x00,0x01,0x00,
    0x20,0x00,0x28,0x42,0x00,0x00,0x56,0x00,0x00,0x00,0x30,0x30,
    0x00,0x00,0x01,0x00,0x20,0x00,0xA8,0x25,0x00,0x00,0x7E,0x42,
    0x00,0x00,0x20,0x20,0x00,0x00,0x01,0x00,0x20,0x00,0xA8,0x10,
    0x00,0x00,0x26,0x68,0x00,0x00,0x18,0x18,0x00,0x00,0x01,0x00,
    0x20,0x00,0x88,0x09,0x00,0x00,0xCE,0x78,0x00,0x00,0x10,0x10,
    0x00,0x00,0x01,0x00,0x20,0x00,0x68,0x04,0x00,0x00,0x56,0x82,
    0x00,0x00,0x28,0x00,0x00,0x00,0x40,0x00,0x00,0x00,0x80,0x00,
    0x00,0x00,0x01,0x00,0x20,0x00,0x00,0x00,0x00,0x00,0x00,0x42,
    0x00,0x00,0x00,0x00,0x00,0x00,0x00,0x00,0x00,0x00,0x00,0x00,
    0x00,0x00,0x00,0x00,0x00,0x00,0x00,0x00,0x00,0x00,0x00,0x00,
    0x00,0x00,0x00,0x00,0x00,0x00,0x00,0x00,0x00,0x00,0x00,0x00,
    0x00,0x00,0x00,0x00,0x00,0x00,0x00,0x00,0x00,0x00,0x00,0x00,
    0x00,0x00,0x00,0x00,0x00,0x00,0x00,0x00,0x00,0x00,0x00,0x00,
    0x00,0x00,0x00,0x00,0x00,0x00,0x00,0x00,0x00,0x00,0x00,0x00,
    0x00,0x00,0x00,0x00,0x00,0x00,0x00,0x00,0x00,0x00,0x00,0x00,
    0x00,0x00,0x00,0x00,0x00,0x00,0x00,0x00,0x00,0x00,0x00,0x00,
    0x00,0x00,0x00,0x00,0x00,0x00,0x00,0x00,0x00,0x00,0x00,0x00,
    0x00,0x00,0x00,0x00,0x00,0x00,0x00,0x00,0x00,0x00,0x00,0x00,
    0x00,0x00,0x00,0x00,0x00,0x00,0x00,0x00,0x00,0x00,0x00,0x00,
    0x00,0x00,0x00,0x00,0x00,0x00,0x00,0x00,0x00,0x00,0x00,0x00,
    0x00,0x00,0x00,0x00,0x00,0x00,0x00,0x00,0x00,0x00,0x00,0x00,
    0x00,0x00,0x00,0x00,0x00,0x00,0x00,0x00,0x00,0x00,0x00,0x00,
    0x00,0x00,0x00,0x00,0x00,0x00,0x00,0x00,0x00,0x00,0x00,0x00,
    0x00,0x00,0x00,0x00,0x00,0x00,0x00,0x00,0x00,0x00,0x00,0x00,
    0x00,0x00,0x00,0x00,0x00,0x00,0x00,0x00,0x00,0x00,0x00,0x00,
    0x00,0x00,0x00,0x00,0x00,0x00,0x00,0x00,0x00,0x00,0x00,0x00,
    0x00,0x00,0x00,0x00,0x00,0x00,0x00,0x00,0x00,0x00,0x00,0x00,
    0x00,0x00,0x00,0x00,0x00,0x00,0x00,0x00,0x00,0x00,0x00,0x00,
    0x00,0x00,0x00,0x00,0x00,0x00,0x00,0x00,0x00,0x00,0x00,0x00,
    0x00,0x00,0x00,0x00,0x00,0x00,0x00,0x00,0x00,0x00,0x00,0x00,
    0x00,0x00,0x00,0x00,0x00,0x00,0x00,0x00,0x00,0x00,0x00,0x00,
    0x00,0x00,0x00,0x00,0x00,0x00,0x00,0x00,0x00,0x00,0x00,0x00,
    0x00,0x00,0x00,0x00,0x00,0x00,0x00,0x00,0x00,0x00,0x00,0x00,
    0x00,0x00,0x00,0x00,0x00,0x00,0x00,0x00,0x00,0x00,0x00,0x00,
    0x00,0x00,0x00,0x00,0x00,0x00,0x00,0x00,0x00,0x00,0x00,0x00,
    0x00,0x00,0x00,0x00,0x00,0x00,0x00,0x00,0x00,0x00,0x00,0x00,
    0x00,0x00,0x00,0x00,0x00,0x00,0x00,0x00,0x00,0x00,0x00,0x00,
    0x00,0x00,0x00,0x00,0x00,0x00,0x00,0x00,0x00,0x00,0x00,0x00,
    0x00,0x00,0x00,0x00,0x00,0x00,0x00,0x00,0x00,0x00,0x00,0x00,
    0x00,0x00,0x00,0x00,0x00,0x00,0x00,0x00,0x00,0x00,0x00,0x00,
    0x00,0x00,0x00,0x00,0x00,0x00,0x00,0x00,0x00,0x00,0x00,0x00,
    0x00,0x00,0x00,0x00,0x00,0x00,0x00,0x00,0x00,0x00,0x00,0x00,
    0x00,0x00,0x00,0x00,0x00,0x00,0x00,0x00,0x00,0x00,0x00,0x00,
    0x00,0x00,0x00,0x00,0x00,0x00,0x00,0x00,0x00,0x00,0x00,0x00,
    0x00,0x00,0x00,0x00,0x00,0x00,0x00,0x00,0x00,0x00,0x00,0x00,
    0x00,0x00,0x00,0x00,0x00,0x00,0x00,0x00,0x00,0x00,0x00,0x00,
    0x00,0x00,0x00,0x00,0x00,0x00,0x00,0x00,0x00,0x00,0x00,0x00,
    0x00,0x00,0x00,0x00,0x00,0x00,0x00,0x00,0x00,0x00,0x00,0x00,
    0x00,0x00,0x00,0x00,0x00,0x00,0x00,0x00,0x00,0x00,0x00,0x00,
    0x00,0x00,0x00,0x00,0x00,0x00,0x00,0x00,0x00,0x00,0x00,0x00,
    0x00,0x00,0x00,0x00,0x00,0x00,0x00,0x00,0x00,0x00,0x00,0x00,
    0x00,0x00,0x00,0x00,0x00,0x00,0x00,0x00,0x00,0x00,0x00,0x00,
    0x00,0x00,0x00,0x00,0x00,0x00,0x00,0x00,0x00,0x00,0x00,0x00,
    0x00,0x00,0x00,0x00,0x00,0x00,0x00,0x00,0x00,0x00,0x00,0x00,
    0x00,0x00,0x00,0x00,0x00,0x00,0x00,0x00,0x00,0x00,0x00,0x00,
    0x00,0x00,0x00,0x00,0x00,0x00,0x00,0x00,0x00,0x00,0x00,0x00,
    0x00,0x00,0x00,0x00,0x00,0x00,0x00,0x00,0x00,0x00,0x00,0x00,
    0x00,0x00,0x00,0x00,0x00,0x00,0x00,0x00,0x00,0x00,0x00,0x00,
    0x00,0x00,0x00,0x00,0x00,0x00,0x00,0x00,0x00,0x00,0x00,0x00,
    0x00,0x00,0x00,0x00,0x00,0x00,0x00,0x00,0x00,0x00,0x00,0x00,
    0x00,0x00,0x00,0x00,0x00,0x00,0x00,0x00,0x00,0x00,0x00,0x00,
    0x00,0x00,0x00,0x00,0x00,0x00,0x00,0x00,0x00,0x00,0x00,0x00,
    0x00,0x00,0x00,0x00,0x00,0x00,0x00,0x00,0x00,0x00,0x00,0x00,
    0x00,0x00,0x00,0x00,0x00,0x00,0x00,0x00,0x00,0x00,0x00,0x00,
    0x00,0x00,0x00,0x00,0x00,0x00,0x00,0x00,0x00,0x00,0x00,0x00,
    0x00,0x00,0x00,0x00,0x00,0x00,0x00,0x00,0x00,0x00,0x00,0x00,
    0x00,0x00,0x00,0x00,0x00,0x00,0x00,0x00,0x00,0x00,0x00,0x00,
    0x00,0x00,0x00,0x00,0x00,0x00,0x00,0x00,0x00,0x00,0x00,0x00,
    0x00,0x00,0x00,0x00,0x00,0x00,0x00,0x00,0x00,0x00,0x00,0x00,
    0x00,0x00,0x00,0x00,0x00,0x00,0x00,0x00,0x00,0x00,0x00,0x00,
    0x00,0x00,0x00,0x00,0x00,0x00,0x00,0x00,0x00,0x00,0x00,0x00,
    0x00,0x00,0x00,0x00,0x00,0x00,0x00,0x00,0x00,0x00,0x00,0x00,
    0x00,0x00,0x00,0x00,0x00,0x00,0x00,0x00,0x00,0x00,0x00,0x00,
    0x00,0x00,0x00,0x00,0x00,0x00,0x00,0x00,0x00,0x00,0x00,0x00,
    0x00,0x00,0x00,0x00,0x00,0x00,0x00,0x00,0x00,0x00,0x00,0x00,
    0x00,0x00,0x00,0x00,0x00,0x00,0x00,0x00,0x00,0x00,0x00,0x00,
    0x00,0x00,0x00,0x00,0x00,0x00,0x00,0x00,0x00,0x00,0x00,0x00,
    0x00,0x00,0x00,0x00,0x00,0x00,0x00,0x00,0x00,0x00,0x00,0x00,
    0x00,0x00,0x36,0x36,0x36,0x37,0x35,0x35,0x35,0x40,0x00,0x00,
    0x00,0x00,0x00,0x00,0x00,0x00,0x00,0x00,0x00,0x00,0x00,0x00,
    0x00,0x00,0x00,0x00,0x00,0x00,0x00,0x00,0x00,0x00,0x00,0x00,
    0x00,0x00,0x00,0x00,0x00,0x00,0x00,0x00,0x00,0x00,0x00,0x00,
    0x00,0x00,0x00,0x00,0x00,0x00,0x00,0x00,0x00,0x00,0x00,0x00,
    0x00,0x00,0x00,0x00,0x00,0x00,0x00,0x00,0x00,0x00,0x00,0x00,
    0x00,0x00,0x00,0x00,0x00,0x00,0x00,0x00,0x00,0x00,0x00,0x00,
    0x00,0x00,0x00,0x00,0x00,0x00,0x00,0x00,0x00,0x00,0x00,0x00,
    0x00,0x00,0x00,0x00,0x00,0x00,0x00,0x00,0x00,0x00,0x00,0x00,
    0x00,0x00,0x00,0x00,0x00,0x00,0x00,0x00,0x00,0x00,0x00,0x00,
    0x00,0x00,0x00,0x00,0x00,0x00,0x00,0x00,0x00,0x00,0x00,0x00,
    0x00,0x00,0x00,0x00,0x00,0x00,0x00,0x00,0x00,0x00,0x00,0x00,
    0x00,0x00,0x00,0x00,0x00,0x00,0x00,0x00,0x00,0x00,0x00,0x00,
    0x00,0x00,0x00,0x00,0x00,0x00,0x00,0x00,0x00,0x00,0x00,0x00,
    0x00,0x00,0x00,0x00,0x00,0x00,0x00,0x00,0x00,0x00,0x00,0x00,
    0x00,0x00,0x00,0x00,0x00,0x00,0x00,0x00,0x00,0x00,0x00,0x00,
    0x00,0x00,0x00,0x00,0x00,0x00,0x00,0x00,0x00,0x00,0x00,0x00,
    0x00,0x00,0x00,0x00,0x00,0x00,0x00,0x00,0x00,0x00,0x00,0x00,
    0x00,0x00,0x00,0x00,0x00,0x00,0x00,0x00,0x00,0x00,0x00,0x00,
    0x00,0x00,0x00,0x00,0x00,0x00,0x00,0x00,0x00,0x00,0x00,0x00,
    0x00,0x00,0x00,0x00,0x00,0x00,0x55,0x55,0x55,0x04,0x49,0x49,
    0x49,0x4F,0x3A,0x3A,0x3A,0xC1,0x4C,0x4C,0x4C,0xFC,0x5F,0x5F,
    0x5F,0xF9,0x4C,0x4C,0x4C,0x4A,0x00,0x00,0x00,0x00,0x00,0x00,
    0x00,0x00,0x00,0x00,0x00,0x00,0x00,0x00,0x00,0x00,0x00,0x00,
    0x00,0x00,0x00,0x00,0x00,0x00,0x00,0x00,0x00,0x00,0x00,0x00,
    0x00,0x00,0x00,0x00,0x00,0x00,0x00,0x00,0x00,0x00,0x00,0x00,
    0x00,0x00,0x00,0x00,0x00,0x00,0x00,0x00,0x00,0x00,0x00,0x00,
    0x00,0x00,0x00,0x00,0x00,0x00,0x00,0x00,0x00,0x00,0x00,0x00,
    0x00,0x00,0x00,0x00,0x00,0x00,0x00,0x00,0x00,0x00,0x00,0x00,
    0x00,0x00,0x00,0x00,0x00,0x00,0x00,0x00,0x00,0x00,0x00,0x00,
    0x00,0x00,0x00,0x00,0x00,0x00,0x00,0x00,0x00,0x00,0x00,0x00,
    0x00,0x00,0x00,0x00,0x00,0x00,0x00,0x00,0x00,0x00,0x00,0x00,
    0x00,0x00,0x00,0x00,0x00,0x00,0x00,0x00,0x00,0x00,0x00,0x00,
    0x00,0x00,0x00,0x00,0x00,0x00,0x00,0x00,0x00,0x00,0x00,0x00,
    0x00,0x00,0x00,0x00,0x00,0x00,0x00,0x00,0x00,0x00,0x00,0x00,
    0x00,0x00,0x00,0x00,0x00,0x00,0x00,0x00,0x00,0x00,0x00,0x00,
    0x00,0x00,0x00,0x00,0x00,0x00,0x00,0x00,0x00,0x00,0x00,0x00,
    0x00,0x00,0x00,0x00,0x00,0x00,0x00,0x00,0x00,0x00,0x00,0x00,
    0x00,0x00,0x00,0x00,0x00,0x00,0x00,0x00,0x00,0x00,0x00,0x00,
    0x00,0x00,0x00,0x00,0x00,0x00,0x00,0x00,0x00,0x00,0x00,0x00,
    0x00,0x00,0x00,0x00,0x00,0x00,0x00,0x00,0x00,0x00,0x00,0x00,
    0x00,0x00,0x58,0x58,0x58,0x0B,0x53,0x53,0x53,0x65,0x54,0x54,
    0x54,0xD5,0x67,0x67,0x67,0xFE,0x7F,0x7F,0x7F,0xFF,0x9C,0x9C,
    0x9C,0xFF,0x70,0x70,0x70,0xFF,0x79,0x79,0x79,0xF2,0x55,0x55,
    0x55,0x37,0x00,0x00,0x00,0x00,0x00,0x00,0x00,0x00,0x00,0x00,
    0x00,0x00,0x00,0x00,0x00,0x00,0x00,0x00,0x00,0x00,0x00,0x00,
    0x00,0x00,0x00,0x00,0x00,0x00,0x00,0x00,0x00,0x00,0x00,0x00,
    0x00,0x00,0x00,0x00,0x00,0x00,0x00,0x00,0x00,0x00,0x00,0x00,
    0x00,0x00,0x00,0x00,0x00,0x00,0x00,0x00,0x00,0x00,0x00,0x00,
    0x00,0x00,0x00,0x00,0x00,0x00,0x00,0x00,0x00,0x00,0x00,0x00,
    0x00,0x00,0x00,0x00,0x00,0x00,0x00,0x00,0x00,0x00,0x00,0x00,
    0x00,0x00,0x00,0x00,0x00,0x00,0x00,0x00,0x00,0x00,0x00,0x00,
    0x00,0x00,0x00,0x00,0x00,0x00,0x00,0x00,0x00,0x00,0x00,0x00,
    0x00,0x00,0x00,0x00,0x00,0x00,0x00,0x00,0x00,0x00,0x00,0x00,
    0x00,0x00,0x00,0x00,0x00,0x00,0x00,0x00,0x00,0x00,0x00,0x00,
    0x00,0x00,0x00,0x00,0x00,0x00,0x00,0x00,0x00,0x00,0x00,0x00,
    0x00,0x00,0x00,0x00,0x00,0x00,0x00,0x00,0x00,0x00,0x00,0x00,
    0x00,0x00,0x00,0x00,0x00,0x00,0x00,0x00,0x00,0x00,0x00,0x00,
    0x00,0x00,0x00,0x00,0x00,0x00,0x00,0x00,0x00,0x00,0x00,0x00,
    0x00,0x00,0x00,0x00,0x00,0x00,0x00,0x00,0x00,0x00,0x00,0x00,
    0x00,0x00,0x00,0x00,0x00,0x00,0x00,0x00,0x00,0x00,0x00,0x00,
    0x00,0x00,0x00,0x00,0x00,0x00,0x00,0x00,0x00,0x00,0x53,0x53,
    0x53,0x16,0x5E,0x5E,0x5E,0x7D,0x63,0x63,0x63,0xE5,0x72,0x72,
    0x72,0xFF,0x94,0x94,0x94,0xFF,0xAD,0xAD,0xAD,0xFF,0x9B,0x9B,
    0x9B,0xFF,0x69,0x69,0x69,0xFF,0x7D,0x7D,0x7D,0xFF,0x92,0x92,
    0x92,0xFF,0x72,0x72,0x72,0xE9,0x50,0x50,0x50,0x28,0x00,0x00,
    0x00,0x00,0x00,0x00,0x00,0x00,0x00,0x00,0x00,0x00,0x00,0x00,
    0x00,0x00,0x00,0x00,0x00,0x00,0x00,0x00,0x00,0x00,0x00,0x00,
    0x00,0x00,0x00,0x00,0x00,0x00,0x00,0x00,0x00,0x00,0x00,0x00,
    0x00,0x00,0x00,0x00,0x00,0x00,0x00,0x00,0x00,0x00,0x00,0x00,
    0x00,0x00,0x00,0x00,0x00,0x00,0x00,0x00,0x00,0x00,0x00,0x00,
    0x00,0x00,0x00,0x00,0x00,0x00,0x00,0x00,0x00,0x00,0x00,0x00,
    0x00,0x00,0x00,0x00,0x00,0x00,0x00,0x00,0x00,0x00,0x00,0x00,
    0x00,0x00,0x00,0x00,0x00,0x00,0x00,0x00,0x00,0x00,0x00,0x00,
    0x00,0x00,0x00,0x00,0x00,0x00,0x00,0x00,0x00,0x00,0x00,0x00,
    0x00,0x00,0x00,0x00,0x00,0x00,0x00,0x00,0x00,0x00,0x00,0x00,
    0x00,0x00,0x00,0x00,0x00,0x00,0x00,0x00,0x00,0x00,0x00,0x00,
    0x00,0x00,0x00,0x00,0x00,0x00,0x00,0x00,0x00,0x00,0x00,0x00,
    0x00,0x00,0x00,0x00,0x00,0x00,0x00,0x00,0x00,0x00,0x00,0x00,
    0x00,0x00,0x00,0x00,0x00,0x00,0x00,0x00,0x00,0x00,0x00,0x00,
    0x00,0x00,0x00,0x00,0x00,0x00,0x00,0x00,0x00,0x00,0x00,0x00,
    0x00,0x00,0x00,0x00,0x00,0x00,0x00,0x00,0x00,0x00,0x00,0x00,
    0x00,0x00,0x00,0x00,0x00,0x00,0x4D,0x4D,0x4D,0x25,0x63,0x63,
    0x63,0x93,0x74,0x74,0x74,0xF1,0x86,0x86,0x86,0xFF,0xA6,0xA6,
    0xA6,0xFF,0xBA,0xBA,0xBA,0xFF,0x9B,0x9B,0x9B,0xFF,0x5A,0x5A,
    0x5A,0xFF,0x31,0x31,0x31,0xFF,0x37,0x37,0x37,0xFF,0xA3,0xA3,
    0xA3,0xFF,0xA2,0xA2,0xA2,0xFF,0x92,0x92,0x92,0xFF,0x71,0x71,
    0x71,0xDD,0x60,0x60,0x60,0x1A,0x00,0x00,0x00,0x00,0x00,0x00,
    0x00,0x00,0x00,0x00,0x00,0x00,0x00,0x00,0x00,0x00,0x00,0x00,
    0x00,0x00,0x00,0x00,0x00,0x00,0x00,0x00,0x00,0x00,0x00,0x00,
    0x00,0x00,0x00,0x00,0x00,0x00,0x00,0x00,0x00,0x00,0x00,0x00,
    0x00,0x00,0x00,0x00,0x00,0x00,0x00,0x00,0x00,0x00,0x00,0x00,
    0x00,0x00,0x00,0x00,0x00,0x00,0x00,0x00,0x00,0x00,0x00,0x00,
    0x00,0x00,0x00,0x00,0x00,0x00,0x00,0x00,0x00,0x00,0x00,0x00,
    0x00,0x00,0x00,0x00,0x00,0x00,0x00,0x00,0x00,0x00,0x00,0x00,
    0x00,0x00,0x00,0x00,0x00,0x00,0x00,0x00,0x00,0x00,0x00,0x00,
    0x00,0x00,0x00,0x00,0x00,0x00,0x00,0x00,0x00,0x00,0x00,0x00,
    0x00,0x00,0x00,0x00,0x00,0x00,0x00,0x00,0x00,0x00,0x00,0x00,
    0x00,0x00,0x00,0x00,0x00,0x00,0x00,0x00,0x00,0x00,0x00,0x00,
    0x00,0x00,0x00,0x00,0x00,0x00,0x00,0x00,0x00,0x00,0x00,0x00,
    0x00,0x00,0x00,0x00,0x00,0x00,0x00,0x00,0x00,0x00,0x00,0x00,
    0x00,0x00,0x00,0x00,0x00,0x00,0x00,0x00,0x00,0x00,0x00,0x00,
    0x00,0x00,0x00,0x00,0x00,0x00,0x00,0x00,0x00,0x00,0x00,0x00,
    0x00,0x00,0x5B,0x5B,0x5B,0x38,0x5E,0x5E,0x5E,0xAA,0x7B,0x7B,
    0x7B,0xF8,0x92,0x92,0x92,0xFF,0xB8,0xB8,0xB8,0xFF,0xC4,0xC4,
    0xC4,0xFF,0x9A,0x9A,0x9A,0xFF,0x56,0x56,0x56,0xFF,0x36,0x36,
    0x36,0xFF,0x40,0x40,0x40,0xFF,0x88,0x88,0x88,0xFF,0xDA,0xDA,
    0xDA,0xFF,0xF5,0xF5,0xF5,0xFF,0xC0,0xC0,0xC0,0xFF,0xA3,0xA3,
    0xA3,0xFF,0x93,0x93,0x93,0xFF,0x67,0x67,0x67,0xCF,0x5E,0x5E,
    0x5E,0x10,0x00,0x00,0x00,0x00,0x00,0x00,0x00,0x00,0x00,0x00,
    0x00,0x00,0x00,0x00,0x00,0x00,0x00,0x00,0x00,0x00,0x00,0x00,
    0x00,0x00,0x00,0x00,0x00,0x00,0x00,0x00,0x00,0x00,0x00,0x00,
    0x00,0x00,0x00,0x00,0x00,0x00,0x00,0x00,0x00,0x00,0x00,0x00,
    0x00,0x00,0x00,0x00,0x00,0x00,0x00,0x00,0x00,0x00,0x00,0x00,
    0x00,0x00,0x00,0x00,0x00,0x00,0x00,0x00,0x00,0x00,0x00,0x00,
    0x00,0x00,0x00,0x00,0x00,0x00,0x00,0x00,0x00,0x00,0x00,0x00,
    0x00,0x00,0x00,0x00,0x00,0x00,0x00,0x00,0x00,0x00,0x00,0x00,
    0x00,0x00,0x00,0x00,0x00,0x00,0x00,0x00,0x00,0x00,0x00,0x00,
    0x00,0x00,0x00,0x00,0x00,0x00,0x00,0x00,0x00,0x00,0x00,0x00,
    0x00,0x00,0x00,0x00,0x00,0x00,0x00,0x00,0x00,0x00,0x00,0x00,
    0x00,0x00,0x00,0x00,0x00,0x00,0x00,0x00,0x00,0x00,0x00,0x00,
    0x00,0x00,0x00,0x00,0x00,0x00,0x00,0x00,0x00,0x00,0x00,0x00,
    0x00,0x00,0x00,0x00,0x00,0x00,0x00,0x00,0x00,0x00,0x00,0x00,
    0x00,0x00,0x00,0x00,0x00,0x00,0x00,0x00,0x00,0x00,0x00,0x00,
    0x00,0x00,0x61,0x61,0x61,0xB0,0x8B,0x8B,0x8B,0xFC,0xA4,0xA4,
    0xA4,0xFF,0xC9,0xC9,0xC9,0xFF,0xCC,0xCC,0xCC,0xFF,0x98,0x98,
    0x98,0xFF,0x55,0x55,0x55,0xFF,0x3D,0x3D,0x3D,0xFF,0x51,0x51,
    0x51,0xFF,0x9B,0x9B,0x9B,0xFF,0xD2,0xD2,0xD2,0xFF,0xD2,0xD2,
    0xD2,0xFF,0xD3,0xD3,0xD3,0xFF,0xE7,0xE7,0xE7,0xFF,0xF4,0xF4,
    0xF4,0xFF,0xC0,0xC0,0xC0,0xFF,0xA3,0xA3,0xA3,0xFF,0x92,0x92,
    0x92,0xFF,0x5C,0x5C,0x5C,0xBE,0x6B,0x6B,0x6B,0x08,0x00,0x00,
    0x00,0x00,0x00,0x00,0x00,0x00,0x00,0x00,0x00,0x00,0x00,0x00,
    0x00,0x00,0x00,0x00,0x00,0x00,0x00,0x00,0x00,0x00,0x00,0x00,
    0x00,0x00,0x00,0x00,0x00,0x00,0x00,0x00,0x00,0x00,0x00,0x00,
    0x00,0x00,0x00,0x00,0x00,0x00,0x00,0x00,0x00,0x00,0x00,0x00,
    0x00,0x00,0x00,0x00,0x00,0x00,0x00,0x00,0x00,0x00,0x00,0x00,
    0x00,0x00,0x00,0x00,0x00,0x00,0x00,0x00,0x00,0x00,0x00,0x00,
    0x00,0x00,0x00,0x00,0x00,0x00,0x00,0x00,0x00,0x00,0x00,0x00,
    0x00,0x00,0x00,0x00,0x00,0x00,0x00,0x00,0x00,0x00,0x00,0x00,
    0x00,0x00,0x00,0x00,0x00,0x00,0x00,0x00,0x00,0x00,0x00,0x00,
    0x00,0x00,0x00,0x00,0x00,0x00,0x00,0x00,0x00,0x00,0x00,0x00,
    0x00,0x00,0x00,0x00,0x00,0x00,0x00,0x00,0x00,0x00,0x00,0x00,
    0x00,0x00,0x00,0x00,0x00,0x00,0x00,0x00,0x00,0x00,0x00,0x00,
    0x00,0x00,0x00,0x00,0x00,0x00,0x00,0x00,0x00,0x00,0x00,0x00,
    0x00,0x00,0x00,0x00,0x00,0x00,0x00,0x00,0x00,0x00,0x00,0x00,
    0x00,0x00,0x00,0x00,0x00,0x00,0x6F,0x6F,0x6F,0xFE,0xD7,0xD7,
    0xD7,0xFF,0xD1,0xD1,0xD1,0xFF,0x95,0x95,0x95,0xFF,0x54,0x54,
    0x54,0xFF,0x44,0x44,0x44,0xFF,0x61,0x61,0x61,0xFF,0xA9,0xA9,
    0xA9,0xFF,0xD6,0xD6,0xD6,0xFF,0xD5,0xD5,0xD5,0xFF,0xD6,0xD6,
    0xD6,0xFF,0xD6,0xD6,0xD6,0xFF,0xD5,0xD5,0xD5,0xFF,0xD5,0xD5,
    0xD5,0xFF,0xE7,0xE7,0xE7,0xFF,0xF4,0xF4,0xF4,0xFF,0xBF,0xBF,
    0xBF,0xFF,0xA2,0xA2,0xA2,0xFF,0x93,0x93,0x93,0xFF,0x5F,0x5F,
    0x5F,0xAB,0x69,0x69,0x69,0x04,0x00,0x00,0x00,0x00,0x00,0x00,
    0x00,0x00,0x00,0x00,0x00,0x00,0x00,0x00,0x00,0x00,0x00,0x00,
    0x00,0x00,0x00,0x00,0x00,0x00,0x00,0x00,0x00,0x00,0x00,0x00,
    0x00,0x00,0x00,0x00,0x00,0x00,0x00,0x00,0x00,0x00,0x00,0x00,
    0x00,0x00,0x00,0x00,0x00,0x00,0x00,0x00,0x00,0x00,0x00,0x00,
    0x00,0x00,0x00,0x00,0x00,0x00,0x00,0x00,0x00,0x00,0x00,0x00,
    0x00,0x00,0x00,0x00,0x00,0x00,0x00,0x00,0x00,0x00,0x00,0x00,
    0x00,0x00,0x00,0x00,0x00,0x00,0x00,0x00,0x00,0x00,0x00,0x00,
    0x00,0x00,0x00,0x00,0x00,0x00,0x00,0x00,0x00,0x00,0x00,0x00,
    0x00,0x00,0x00,0x00,0x00,0x00,0x00,0x00,0x00,0x00,0x00,0x00,
    0x00,0x00,0x00,0x00,0x00,0x00,0x00,0x00,0x00,0x00,0x00,0x00,
    0x00,0x00,0x00,0x00,0x00,0x00,0x00,0x00,0x00,0x00,0x00,0x00,
    0x00,0x00,0x00,0x00,0x00,0x00,0x00,0x00,0x00,0x00,0x00,0x00,
    0x00,0x00,0x00,0x00,0x00,0x00,0x00,0x00,0x00,0x00,0x00,0x00,
    0x00,0x00,0x00,0x00,0x00,0x00,0x00,0x00,0x00,0x00,0x6B,0x6B,
    0x6B,0xFE,0x8B,0x8B,0x8B,0xFF,0x55,0x55,0x55,0xFF,0x4B,0x4B,
    0x4B,0xFF,0x72,0x72,0x72,0xFF,0xB0,0xB0,0xB0,0xFF,0xD0,0xD0,
    0xD0,0xFF,0xD4,0xD4,0xD4,0xFF,0xDA,0xDA,0xDA,0xFF,0xDE,0xDE,
    0xDE,0xFF,0xDE,0xDE,0xDE,0xFF,0xDC,0xDC,0xDC,0xFF,0xD9,0xD9,
    0xD9,0xFF,0xD5,0xD5,0xD5,0xFF,0xD4,0xD4,0xD4,0xFF,0xE7,0xE7,
    0xE7,0xFF,0xF4,0xF4,0xF4,0xFF,0xBE,0xBE,0xBE,0xFF,0xA2,0xA2,
    0xA2,0xFF,0x91,0x91,0x91,0xFF,0x54,0x54,0x54,0x99,0x6B,0x6B,
    0x6B,0x01,0x00,0x00,0x00,0x00,0x00,0x00,0x00,0x00,0x00,0x00,
    0x00,0x00,0x00,0x00,0x00,0x00,0x00,0x00,0x00,0x00,0x00,0x00,
    0x00,0x00,0x00,0x00,0x00,0x00,0x00,0x00,0x00,0x00,0x00,0x00,
    0x00,0x00,0x00,0x00,0x00,0x00,0x00,0x00,0x00,0x00,0x00,0x00,
    0x00,0x00,0x00,0x00,0x00,0x00,0x00,0x00,0x00,0x00,0x00,0x00,
    0x00,0x00,0x00,0x00,0x00,0x00,0x00,0x00,0x00,0x00,0x00,0x00,
    0x00,0x00,0x00,0x00,0x00,0x00,0x00,0x00,0x00,0x00,0x00,0x00,
    0x00,0x00,0x00,0x00,0x00,0x00,0x00,0x00,0x00,0x00,0x00,0x00,
    0x00,0x00,0x00,0x00,0x00,0x00,0x00,0x00,0x00,0x00,0x00,0x00,
    0x00,0x00,0x00,0x00,0x00,0x00,0x00,0x00,0x00,0x00,0x00,0x00,
    0x00,0x00,0x00,0x00,0x00,0x00,0x00,0x00,0x00,0x00,0x00,0x00,
    0x00,0x00,0x00,0x00,0x00,0x00,0x00,0x00,0x00,0x00,0x00,0x00,
    0x00,0x00,0x00,0x00,0x00,0x00,0x00,0x00,0x00,0x00,0x00,0x00,
    0x00,0x00,0x00,0x00,0x00,0x00,0x00,0x00,0x00,0x00,0x00,0x00,
    0x00,0x00,0x69,0x69,0x69,0xFE,0x36,0x36,0x36,0xFF,0x80,0x80,
    0x80,0xFF,0xB2,0xB2,0xB2,0xFF,0xC0,0xC0,0xC0,0xFF,0xC6,0xC6,
    0xC6,0xFF,0xD1,0xD1,0xD1,0xFF,0xDB,0xDB,0xDB,0xFF,0xE4,0xE4,
    0xE4,0xFF,0xE8,0xE8,0xE8,0xFF,0xE8,0xE8,0xE8,0xFF,0xE3,0xE3,
    0xE3,0xFF,0xDE,0xDE,0xDE,0xFF,0xD8,0xD8,0xD8,0xFF,0xD6,0xD6,
    0xD6,0xFF,0xC6,0xC6,0xC6,0xFF,0xE7,0xE7,0xE7,0xFF,0xF4,0xF4,
    0xF4,0xFF,0xBD,0xBD,0xBD,0xFF,0xA1,0xA1,0xA1,0xFF,0x91,0x91,
    0x91,0xFE,0x58,0x58,0x58,0x84,0x00,0x00,0x00,0x00,0x00,0x00,
    0x00,0x00,0x00,0x00,0x00,0x00,0x28,0x26,0x22,0x18,0x2A,0x27,
    0x24,0x65,0x2C,0x29,0x26,0x93,0x2B,0x29,0x25,0x85,0x32,0x30,
    0x2B,0x1E,0x00,0x00,0x00,0x00,0x00,0x00,0x00,0x00,0x00,0x00,
    0x00,0x00,0x00,0x00,0x00,0x00,0x00,0x00,0x00,0x00,0x00,0x00,
    0x00,0x00,0x00,0x00,0x00,0x00,0x00,0x00,0x00,0x00,0x00,0x00,
    0x00,0x00,0x00,0x00,0x00,0x00,0x00,0x00,0x00,0x00,0x00,0x00,
    0x00,0x00,0x00,0x00,0x00,0x00,0x00,0x00,0x00,0x00,0x00,0x00,
    0x00,0x00,0x00,0x00,0x00,0x00,0x00,0x00,0x00,0x00,0x00,0x00,
    0x00,0x00,0x00,0x00,0x00,0x00,0x00,0x00,0x00,0x00,0x00,0x00,
    0x00,0x00,0x00,0x00,0x00,0x00,0x00,0x00,0x00,0x00,0x00,0x00,
    0x00,0x00,0x00,0x00,0x00,0x00,0x00,0x00,0x00,0x00,0x00,0x00,
    0x00,0x00,0x00,0x00,0x00,0x00,0x00,0x00,0x00,0x00,0x00,0x00,
    0x00,0x00,0x00,0x00,0x00,0x00,0x00,0x00,0x00,0x00,0x00,0x00,
    0x00,0x00,0x00,0x00,0x00,0x00,0x9A,0x9A,0x9A,0xD5,0xAF,0xAF,
    0xAF,0xFF,0xB0,0xB0,0xB0,0xFF,0xB5,0xB5,0xB5,0xFF,0xBD,0xBD,
    0xBD,0xFF,0xC9,0xC9,0xC9,0xFF,0xD5,0xD5,0xD5,0xFF,0xE2,0xE2,
    0xE2,0xFF,0xEC,0xEC,0xEC,0xFF,0xF1,0xF1,0xF1,0xFF,0xF0,0xF0,
    0xF0,0xFF,0xEA,0xEA,0xEA,0xFF,0xCE,0xCE,0xCE,0xFF,0x83,0x83,
    0x83,0xFF,0x4C,0x4C,0x4C,0xFF,0x4C,0x4C,0x4C,0xFF,0xB6,0xB6,
    0xB6,0xFF,0xE7,0xE7,0xE7,0xFF,0xF3,0xF3,0xF3,0xFF,0xBB,0xBB,
    0xBB,0xFF,0xA1,0xA1,0xA1,0xFF,0x8E,0x8E,0x8E,0xFD,0x50,0x50,
    0x4F,0x70,0x3F,0x3D,0x3B,0x47,0x27,0x25,0x22,0xB3,0x26,0x24,
    0x20,0xFB,0x2A,0x28,0x24,0xFF,0x2B,0x29,0x25,0xFF,0x2D,0x2B,
    0x26,0xFE,0x32,0x2E,0x2A,0xF0,0x3C,0x39,0x33,0x3D,0x00,0x00,
    0x00,0x00,0x00,0x00,0x00,0x00,0x00,0x00,0x00,0x00,0x00,0x00,
    0x00,0x00,0x00,0x00,0x00,0x00,0x00,0x00,0x00,0x00,0x00,0x00,
    0x00,0x00,0x00,0x00,0x00,0x00,0x00,0x00,0x00,0x00,0x00,0x00,
    0x00,0x00,0x00,0x00,0x00,0x00,0x00,0x00,0x00,0x00,0x00,0x00,
    0x00,0x00,0x00,0x00,0x00,0x00,0x00,0x00,0x00,0x00,0x00,0x00,
    0x00,0x00,0x00,0x00,0x00,0x00,0x00,0x00,0x00,0x00,0x00,0x00,
    0x00,0x00,0x00,0x00,0x00,0x00,0x00,0x00,0x00,0x00,0x00,0x00,
    0x00,0x00,0x00,0x00,0x00,0x00,0x00,0x00,0x00,0x00,0x00,0x00,
    0x00,0x00,0x00,0x00,0x00,0x00,0x00,0x00,0x00,0x00,0x00,0x00,
    0x00,0x00,0x00,0x00,0x00,0x00,0x00,0x00,0x00,0x00,0x00,0x00,
    0x00,0x00,0x00,0x00,0x00,0x00,0x00,0x00,0x00,0x00,0x99,0x99,
    0x99,0x1B,0xA9,0xA9,0xA9,0xD9,0xAD,0xAD,0xAD,0xFF,0xB3,0xB3,
    0xB3,0xFF,0xBC,0xBC,0xBC,0xFF,0xCA,0xCA,0xCA,0xFF,0xD8,0xD8,
    0xD8,0xFF,0xE6,0xE6,0xE6,0xFF,0xF1,0xF1,0xF1,0xFF,0xF6,0xF6,
    0xF6,0xFF,0xF5,0xF5,0xF5,0xFF,0xEE,0xEE,0xEE,0xFF,0xAE,0xAE,
    0xAE,0xFF,0x20,0x20,0x20,0xFF,0x29,0x29,0x29,0xFF,0x2D,0x2D,
    0x2D,0xFF,0x48,0x48,0x48,0xFF,0xC9,0xC9,0xC9,0xFF,0xE7,0xE7,
    0xE7,0xFF,0xF3,0xF3,0xF3,0xFF,0xBB,0xBB,0xBB,0xFF,0xA1,0xA1,
    0xA1,0xFF,0x8D,0x8D,0x8D,0xFE,0x34,0x33,0x30,0xFF,0x28,0x26,
    0x22,0xFF,0x2D,0x2A,0x26,0xFF,0x30,0x2E,0x29,0xFF,0x33,0x30,
    0x2C,0xFF,0x37,0x33,0x2E,0xFF,0x35,0x32,0x2C,0xFF,0x3B,0x37,
    0x31,0xF3,0x44,0x3F,0x39,0x35,0x00,0x00,0x00,0x00,0x00,0x00,
    0x00,0x00,0x00,0x00,0x00,0x00,0x00,0x00,0x00,0x00,0x00,0x00,
    0x00,0x00,0x00,0x00,0x00,0x00,0x00,0x00,0x00,0x00,0x00,0x00,
    0x00,0x00,0x00,0x00,0x00,0x00,0x00,0x00,0x00,0x00,0x00,0x00,
    0x00,0x00,0x00,0x00,0x00,0x00,0x00,0x00,0x00,0x00,0x00,0x00,
    0x00,0x00,0x00,0x00,0x00,0x00,0x00,0x00,0x00,0x00,0x00,0x00,
    0x00,0x00,0x00,0x00,0x00,0x00,0x00,0x00,0x00,0x00,0x00,0x00,
    0x00,0x00,0x00,0x00,0x00,0x00,0x00,0x00,0x00,0x00,0x00,0x00,
    0x00,0x00,0x00,0x00,0x00,0x00,0x00,0x00,0x00,0x00,0x00,0x00,
    0x00,0x00,0x00,0x00,0x00,0x00,0x00,0x00,0x00,0x00,0x00,0x00,
    0x00,0x00,0x00,0x00,0x00,0x00,0x00,0x00,0x00,0x00,0x00,0x00,
    0x00,0x00,0x00,0x00,0x00,0x00,0xAB,0xAB,0xAB,0x1B,0xAB,0xAB,
    0xAB,0xD9,0xB2,0xB2,0xB2,0xFF,0xBA,0xBA,0xBA,0xFF,0xC7,0xC7,
    0xC7,0xFF,0xD6,0xD6,0xD6,0xFF,0xE7,0xE7,0xE7,0xFF,0xD4,0xD4,
    0xD4,0xFF,0xF5,0xF5,0xF5,0xFF,0xF4,0xF4,0xF4,0xFF,0xED,0xED,
    0xED,0xFF,0xE3,0xE3,0xE3,0xFF,0xA7,0xA7,0xA7,0xFF,0x59,0x59,
    0x59,0xFF,0xA0,0xA0,0xA0,0xFF,0xCC,0xCC,0xCC,0xFF,0xCC,0xCC,
    0xCC,0xFF,0xCF,0xCF,0xCF,0xFF,0xE7,0xE7,0xE7,0xFF,0xF2,0xF2,
    0xF2,0xFF,0xBB,0xBB,0xBB,0xFF,0xA0,0xA0,0xA0,0xFF,0x6A,0x69,
    0x67,0xFF,0x32,0x2F,0x2B,0xFF,0x37,0x34,0x2F,0xFF,0x3B,0x38,
    0x33,0xFF,0x41,0x3E,0x39,0xFF,0x38,0x34,0x2F,0xFF,0x38,0x34,
    0x2F,0xFF,0x3C,0x37,0x31,0xFF,0x40,0x3C,0x36,0xE8,0x43,0x3F,
    0x39,0x24,0x00,0x00,0x00,0x00,0x00,0x00,0x00,0x00,0x00,0x00,
    0x00,0x00,0x00,0x00,0x00,0x00,0x00,0x00,0x00,0x00,0x00,0x00,
    0x00,0x00,0x00,0x00,0x00,0x00,0x00,0x00,0x00,0x00,0x00,0x00,
    0x00,0x00,0x00,0x00,0x00,0x00,0x00,0x00,0x00,0x00,0x00,0x00,
    0x00,0x00,0x00,0x00,0x00,0x00,0x00,0x00,0x00,0x00,0x00,0x00,
    0x00,0x00,0x00,0x00,0x00,0x00,0x00,0x00,0x00,0x00,0x00,0x00,
    0x00,0x00,0x00,0x00,0x00,0x00,0x00,0x00,0x00,0x00,0x00,0x00,
    0x00,0x00,0x00,0x00,0x00,0x00,0x00,0x00,0x00,0x00,0x00,0x00,
    0x00,0x00,0x00,0x00,0x00,0x00,0x00,0x00,0x00,0x00,0x00,0x00,
    0x00,0x00,0x00,0x00,0x00,0x00,0x00,0x00,0x00,0x00,0x00,0x00,
    0x00,0x00,0x00,0x00,0x00,0x00,0x00,0x00,0x00,0x00,0x00,0x00,
    0x00,0x00,0xAE,0xAE,0xAE,0x1B,0xAF,0xAF,0xAF,0xD9,0xB7,0xB7,
    0xB7,0xFF,0xC0,0xC0,0xC0,0xFF,0x98,0x98,0x98,0xFF,0x5E,0x5E,
    0x5E,0xFF,0x45,0x45,0x45,0xFF,0x8E,0x8E,0x8E,0xFF,0xED,0xED,
    0xED,0xFF,0xE6,0xE6,0xE6,0xFF,0xDD,0xDD,0xDD,0xFF,0xD5,0xD5,
    0xD5,0xFF,0xCE,0xCE,0xCE,0xFF,0xCB,0xCB,0xCB,0xFF,0xCA,0xCA,
    0xCA,0xFF,0xCA,0xCA,0xCA,0xFF,0xCC,0xCC,0xCC,0xFF,0xCF,0xCF,
    0xCF,0xFF,0xE7,0xE7,0xE7,0xFF,0xF2,0xF2,0xF2,0xFF,0xB6,0xB6,
    0xB6,0xFF,0x6A,0x69,0x67,0xFF,0x3E,0x3B,0x36,0xFF,0x43,0x3F,
    0x3B,0xFF,0x44,0x41,0x3D,0xFF,0x49,0x46,0x40,0xFF,0x39,0x35,
    0x2F,0xFF,0x3A,0x36,0x31,0xFF,0x3B,0x37,0x31,0xFF,0x3B,0x36,
    0x31,0xFF,0x43,0x3F,0x39,0xDB,0x46,0x41,0x3B,0x15,0x00,0x00,
    0x00,0x00,0x00,0x00,0x00,0x00,0x00,0x00,0x00,0x00,0x00,0x00,
    0x00,0x00,0x00,0x00,0x00,0x00,0x00,0x00,0x00,0x00,0x00,0x00,
    0x00,0x00,0x00,0x00,0x00,0x00,0x00,0x00,0x00,0x00,0x00,0x00,
    0x00,0x00,0x00,0x00,0x00,0x00,0x00,0x00,0x00,0x00,0x00,0x00,
    0x00,0x00,0x00,0x00,0x00,0x00,0x00,0x00,0x00,0x00,0x00,0x00,
    0x00,0x00,0x00,0x00,0x00,0x00,0x00,0x00,0x00,0x00,0x00,0x00,
    0x00,0x00,0x00,0x00,0x00,0x00,0x00,0x00,0x00,0x00,0x00,0x00,
    0x00,0x00,0x00,0x00,0x00,0x00,0x00,0x00,0x00,0x00,0x00,0x00,
    0x00,0x00,0x00,0x00,0x00,0x00,0x00,0x00,0x00,0x00,0x00,0x00,
    0x00,0x00,0x00,0x00,0x00,0x00,0x00,0x00,0x00,0x00,0x00,0x00,
    0x00,0x00,0x00,0x00,0x00,0x00,0x00,0x00,0x00,0x00,0xB2,0xB2,
    0xB2,0x1A,0xB2,0xB2,0xB2,0xD9,0xB0,0xB0,0xB0,0xFF,0x3A,0x3A,
    0x3A,0xFF,0x23,0x23,0x23,0xFF,0x2F,0x2F,0x2F,0xFF,0x31,0x31,
    0x31,0xFF,0xAC,0xAC,0xAC,0xFF,0xDC,0xDC,0xDC,0xFF,0xD5,0xD5,
    0xD5,0xFF,0xCF,0xCF,0xCF,0xFF,0xCA,0xCA,0xCA,0xFF,0xC7,0xC7,
    0xC7,0xFF,0xC6,0xC6,0xC6,0xFF,0xC8,0xC8,0xC8,0xFF,0xC9,0xC9,
    0xC9,0xFF,0xCB,0xCB,0xCB,0xFF,0xCD,0xCD,0xCD,0xFF,0xDF,0xDF,
    0xDF,0xFF,0xDE,0xDD,0xDD,0xFF,0x65,0x63,0x5F,0xFF,0x49,0x46,
    0x41,0xFF,0x4C,0x4A,0x45,0xFF,0x5A,0x56,0x51,0xFF,0x55,0x50,
    0x49,0xFF,0x3C,0x38,0x32,0xFF,0x3C,0x37,0x31,0xFF,0x3C,0x38,
    0x32,0xFF,0x3C,0x38,0x32,0xFF,0x3C,0x38,0x32,0xFF,0x47,0x42,
    0x3C,0xCA,0x44,0x40,0x39,0x0B,0x00,0x00,0x00,0x00,0x00,0x00,
    0x00,0x00,0x00,0x00,0x00,0x00,0x00,0x00,0x00,0x00,0x00,0x00,
    0x00,0x00,0x00,0x00,0x00,0x00,0x00,0x00,0x00,0x00,0x00,0x00,
    0x00,0x00,0x00,0x00,0x00,0x00,0x00,0x00,0x00,0x00,0x00,0x00,
    0x00,0x00,0x00,0x00,0x00,0x00,0x00,0x00,0x00,0x00,0x00,0x00,
    0x00,0x00,0x00,0x00,0x00,0x00,0x00,0x00,0x00,0x00,0x00,0x00,
    0x00,0x00,0x00,0x00,0x00,0x00,0x00,0x00,0x00,0x00,0x00,0x00,
    0x00,0x00,0x00,0x00,0x00,0x00,0x00,0x00,0x00,0x00,0x00,0x00,
    0x00,0x00,0x00,0x00,0x00,0x00,0x00,0x00,0x00,0x00,0x00,0x00,
    0x00,0x00,0x00,0x00,0x00,0x00,0x00,0x00,0x00,0x00,0x00,0x00,
    0x00,0x00,0x00,0x00,0x00,0x00,0x00,0x00,0x00,0x00,0x00,0x00,
    0x00,0x00,0x00,0x00,0x00,0x00,0xAE,0xAE,0xAE,0x1B,0xB3,0xB3,
    0xB3,0xD9,0xB3,0xB3,0xB3,0xFF,0x52,0x52,0x52,0xFF,0x84,0x84,
    0x84,0xFF,0xC8,0xC8,0xC8,0xFF,0xD2,0xD2,0xD2,0xFF,0xCF,0xCF,
    0xCF,0xFF,0xCB,0xCB,0xCB,0xFF,0xC7,0xC7,0xC7,0xFF,0xC4,0xC4,
    0xC4,0xFF,0xC2,0xC2,0xC2,0xFF,0xC2,0xC2,0xC2,0xFF,0xC4,0xC4,
    0xC4,0xFF,0xC3,0xC3,0xC3,0xFF,0xBE,0xBE,0xBE,0xFF,0xBA,0xBA,
    0xBA,0xFF,0x99,0x98,0x96,0xFF,0x69,0x67,0x62,0xFF,0x51,0x4E,
    0x49,0xFF,0x59,0x55,0x50,0xFF,0x75,0x70,0x6A,0xFF,0x83,0x7D,
    0x75,0xFF,0x5A,0x55,0x4E,0xFF,0x4B,0x47,0x40,0xFF,0x3F,0x3B,
    0x35,0xFF,0x3C,0x38,0x32,0xFF,0x3C,0x38,0x32,0xFF,0x3D,0x38,
    0x33,0xFF,0x3D,0x39,0x33,0xFF,0x48,0x43,0x3C,0xB4,0x46,0x42,
    0x3B,0x04,0x00,0x00,0x00,0x00,0x00,0x00,0x00,0x00,0x00,0x00,
    0x00,0x00,0x00,0x00,0x00,0x00,0x00,0x00,0x00,0x00,0x00,0x00,
    0x00,0x00,0x00,0x00,0x00,0x00,0x00,0x00,0x00,0x00,0x00,0x00,
    0x00,0x00,0x00,0x00,0x00,0x00,0x00,0x00,0x00,0x00,0x00,0x00,
    0x00,0x00,0x00,0x00,0x00,0x00,0x00,0x00,0x00,0x00,0x00,0x00,
    0x00,0x00,0x00,0x00,0x00,0x00,0x00,0x00,0x00,0x00,0x00,0x00,
    0x00,0x00,0x00,0x00,0x00,0x00,0x00,0x00,0x00,0x00,0x00,0x00,
    0x00,0x00,0x00,0x00,0x00,0x00,0x00,0x00,0x00,0x00,0x00,0x00,
    0x00,0x00,0x00,0x00,0x00,0x00,0x00,0x00,0x00,0x00,0x00,0x00,
    0x00,0x00,0x00,0x00,0x00,0x00,0x00,0x00,0x00,0x00,0x00,0x00,
    0x00,0x00,0x00,0x00,0x00,0x00,0x00,0x00,0x00,0x00,0x00,0x00,
    0x00,0x00,0xA4,0xA4,0xA4,0x1A,0xB2,0xB2,0xB2,0xD8,0xBB,0xBB,
    0xBB,0xFF,0xBF,0xBF,0xBF,0xFF,0xC3,0xC3,0xC3,0xFF,0xC4,0xC4,
    0xC4,0xFF,0xC3,0xC3,0xC3,0xFF,0xC1,0xC1,0xC1,0xFF,0xBF,0xBF,
    0xBF,0xFF,0xBE,0xBE,0xBE,0xFF,0xBE,0xBE,0xBE,0xFF,0xBD,0xBD,
    0xBD,0xFF,0xB9,0xB9,0xB9,0xFF,0xB1,0xB1,0xB1,0xFF,0x8F,0x8E,
    0x8C,0xFF,0x62,0x60,0x5C,0xFF,0x51,0x4E,0x49,0xFF,0x5E,0x5A,
    0x55,0xFF,0x7E,0x79,0x72,0xFF,0x87,0x82,0x7A,0xFF,0x6C,0x68,
    0x61,0xFF,0x65,0x60,0x59,0xFF,0x67,0x62,0x5A,0xFF,0x5C,0x57,
    0x4F,0xFF,0x4C,0x47,0x40,0xFF,0x40,0x3C,0x36,0xFF,0x3E,0x3A,
    0x33,0xFF,0x3D,0x39,0x33,0xFF,0x3D,0x39,0x33,0xFF,0x3E,0x3A,
    0x34,0xFF,0x4D,0x48,0x41,0x9C,0x00,0x00,0x00,0x00,0x00,0x00,
    0x00,0x00,0x00,0x00,0x00,0x00,0x00,0x00,0x00,0x00,0x00,0x00,
    0x00,0x00,0x00,0x00,0x00,0x00,0x00,0x00,0x00,0x00,0x00,0x00,
    0x00,0x00,0x00,0x00,0x00,0x00,0x00,0x00,0x00,0x00,0x00,0x00,
    0x00,0x00,0x00,0x00,0x00,0x00,0x00,0x00,0x00,0x00,0x00,0x00,
    0x00,0x00,0x00,0x00,0x00,0x00,0x00,0x00,0x00,0x00,0x00,0x00,
    0x00,0x00,0x00,0x00,0x00,0x00,0x00,0x00,0x00,0x00,0x00,0x00,
    0x00,0x00,0x00,0x00,0x00,0x00,0x00,0x00,0x00,0x00,0x00,0x00,
    0x00,0x00,0x00,0x00,0x00,0x00,0x00,0x00,0x00,0x00,0x00,0x00,
    0x00,0x00,0x00,0x00,0x00,0x00,0x00,0x00,0x00,0x00,0x00,0x00,
    0x00,0x00,0x00,0x00,0x00,0x00,0x00,0x00,0x00,0x00,0x00,0x00,
    0x00,0x00,0x00,0x00,0x00,0x00,0x00,0x00,0x00,0x00,0x9A,0x9A,
    0x99,0x19,0xAC,0xAC,0xAC,0xD7,0xB4,0xB4,0xB4,0xFF,0xB7,0xB7,
    0xB7,0xFF,0xB9,0xB9,0xB9,0xFF,0xB9,0xB9,0xB9,0xFF,0xB9,0xB9,
    0xB9,0xFF,0xB9,0xB9,0xB9,0xFF,0xB6,0xB6,0xB6,0xFF,0xB1,0xB1,
    0xB1,0xFF,0xAB,0xAA,0xAA,0xFF,0x86,0x85,0x83,0xFF,0x5D,0x5A,
    0x55,0xFF,0x54,0x50,0x4B,0xFF,0x63,0x5F,0x59,0xFF,0x80,0x7B,
    0x73,0xFF,0x80,0x7B,0x74,0xFF,0x67,0x63,0x5D,0xFF,0x60,0x5C,
    0x56,0xFF,0x5F,0x5B,0x55,0xFF,0x5F,0x5B,0x55,0xFF,0x67,0x62,
    0x5B,0xFF,0x68,0x63,0x5B,0xFF,0x5D,0x57,0x50,0xFF,0x4D,0x49,
    0x42,0xFF,0x3F,0x3B,0x35,0xFF,0x3D,0x39,0x33,0xFF,0x3E,0x3A,
    0x33,0xFF,0x3E,0x3A,0x34,0xFF,0x3F,0x3B,0x34,0xFF,0x4A,0x45,
    0x3E,0x81,0x00,0x00,0x00,0x00,0x00,0x00,0x00,0x00,0x00,0x00,
    0x00,0x00,0x00,0x00,0x00,0x00,0x00,0x00,0x00,0x00,0x00,0x00,
    0x00,0x00,0x00,0x00,0x00,0x00,0x00,0x00,0x00,0x00,0x00,0x00,
    0x00,0x00,0x00,0x00,0x00,0x00,0x00,0x00,0x00,0x00,0x00,0x00,
    0x00,0x00,0x00,0x00,0x00,0x00,0x00,0x00,0x00,0x00,0x00,0x00,
    0x00,0x00,0x00,0x00,0x00,0x00,0x00,0x00,0x00,0x00,0x00,0x00,
    0x00,0x00,0x00,0x00,0x00,0x00,0x00,0x00,0x00,0x00,0x00,0x00,
    0x00,0x00,0x00,0x00,0x00,0x00,0x00,0x00,0x00,0x00,0x00,0x00,
    0x00,0x00,0x00,0x00,0x00,0x00,0x00,0x00,0x00,0x00,0x00,0x00,
    0x00,0x00,0x00,0x00,0x00,0x00,0x00,0x00,0x00,0x00,0x00,0x00,
    0x00,0x00,0x00,0x00,0x00,0x00,0x00,0x00,0x00,0x00,0x00,0x00,
    0x00,0x00,0x00,0x00,0x00,0x00,0x56,0x55,0x52,0x94,0x8E,0x8D,
    0x8D,0xFF,0xA9,0xA9,0xA9,0xFF,0xB1,0xB1,0xB1,0xFF,0xB1,0xB1,
    0xB1,0xFF,0xAE,0xAE,0xAE,0xFF,0xA9,0xA9,0xA9,0xFF,0xA0,0x9F,
    0x9F,0xFF,0x7D,0x7B,0x79,0xFF,0x5A,0x57,0x52,0xFF,0x55,0x51,
    0x4C,0xFF,0x6A,0x66,0x5F,0xFF,0x82,0x7C,0x74,0xFF,0x78,0x74,
    0x6C,0xFF,0x64,0x60,0x5A,0xFF,0x60,0x5C,0x56,0xFF,0x60,0x5C,
    0x56,0xFF,0x61,0x5D,0x57,0xFF,0x61,0x5D,0x57,0xFF,0x61,0x5D,
    0x57,0xFF,0x61,0x5D,0x57,0xFF,0x69,0x64,0x5D,0xFF,0x69,0x64,
    0x5C,0xFF,0x5D,0x58,0x50,0xFF,0x4C,0x48,0x42,0xFF,0x3F,0x3B,
    0x34,0xFF,0x3E,0x3A,0x34,0xFF,0x3F,0x3B,0x35,0xFF,0x3F,0x3B,
    0x34,0xFF,0x40,0x3C,0x35,0xFE,0x4C,0x48,0x41,0x65,0x00,0x00,
    0x00,0x00,0x00,0x00,0x00,0x00,0x00,0x00,0x00,0x00,0x00,0x00,
    0x00,0x00,0x00,0x00,0x00,0x00,0x00,0x00,0x00,0x00,0x00,0x00,
    0x00,0x00,0x00,0x00,0x00,0x00,0x00,0x00,0x00,0x00,0x00,0x00,
    0x00,0x00,0x00,0x00,0x00,0x00,0x00,0x00,0x00,0x00,0x00,0x00,
    0x00,0x00,0x00,0x00,0x00,0x00,0x00,0x00,0x00,0x00,0x00,0x00,
    0x00,0x00,0x00,0x00,0x00,0x00,0x00,0x00,0x00,0x00,0x00,0x00,
    0x00,0x00,0x00,0x00,0x00,0x00,0x00,0x00,0x00,0x00,0x00,0x00,
    0x00,0x00,0x00,0x00,0x00,0x00,0x00,0x00,0x00,0x00,0x00,0x00,
    0x00,0x00,0x00,0x00,0x00,0x00,0x00,0x00,0x00,0x00,0x00,0x00,
    0x00,0x00,0x00,0x00,0x00,0x00,0x00,0x00,0x00,0x00,0x00,0x00,
    0x00,0x00,0x00,0x00,0x00,0x00,0x4B,0x48,0x44,0x27,0x31,0x2E,
    0x2A,0xFD,0x3C,0x39,0x35,0xFF,0x8A,0x8A,0x89,0xFF,0xA0,0xA0,
    0xA0,0xFF,0xA0,0xA0,0xA0,0xFF,0x8D,0x8C,0x8B,0xFF,0x6E,0x6C,
    0x69,0xFF,0x54,0x51,0x4C,0xFF,0x57,0x53,0x4E,0xFF,0x71,0x6C,
    0x65,0xFF,0x84,0x7F,0x77,0xFF,0x73,0x6E,0x67,0xFF,0x60,0x5C,
    0x56,0xFF,0x5F,0x5B,0x55,0xFF,0x60,0x5C,0x56,0xFF,0x60,0x5C,
    0x56,0xFF,0x5F,0x5B,0x55,0xFF,0x61,0x5D,0x57,0xFF,0x63,0x5F,
    0x59,0xFF,0x62,0x5E,0x58,0xFF,0x62,0x5E,0x58,0xFF,0x63,0x5E,
    0x58,0xFF,0x69,0x64,0x5D,0xFF,0x69,0x64,0x5C,0xFF,0x5D,0x58,
    0x51,0xFF,0x4E,0x49,0x42,0xFF,0x41,0x3D,0x36,0xFF,0x3F,0x3B,
    0x35,0xFF,0x3F,0x3B,0x35,0xFF,0x3E,0x3A,0x34,0xFF,0x42,0x3D,
    0x37,0xFB,0x49,0x44,0x3E,0x4D,0x00,0x00,0x00,0x00,0x00,0x00,
    0x00,0x00,0x00,0x00,0x00,0x00,0x00,0x00,0x00,0x00,0x00,0x00,
    0x00,0x00,0x00,0x00,0x00,0x00,0x00,0x00,0x00,0x00,0x00,0x00,
    0x00,0x00,0x00,0x00,0x00,0x00,0x00,0x00,0x00,0x00,0x00,0x00,
    0x00,0x00,0x00,0x00,0x00,0x00,0x00,0x00,0x00,0x00,0x00,0x00,
    0x00,0x00,0x00,0x00,0x00,0x00,0x00,0x00,0x00,0x00,0x00,0x00,
    0x00,0x00,0x00,0x00,0x00,0x00,0x00,0x00,0x00,0x00,0x00,0x00,
    0x00,0x00,0x00,0x00,0x00,0x00,0x00,0x00,0x00,0x00,0x00,0x00,
    0x00,0x00,0x00,0x00,0x00,0x00,0x00,0x00,0x00,0x00,0x00,0x00,
    0x00,0x00,0x00,0x00,0x00,0x00,0x00,0x00,0x00,0x00,0x00,0x00,
    0x00,0x00,0x00,0x00,0x00,0x00,0x00,0x00,0x00,0x00,0x40,0x3D,
    0x38,0x8E,0x3B,0x38,0x34,0xFF,0x3F,0x3D,0x38,0xFF,0x4C,0x49,
    0x45,0xFF,0x75,0x73,0x71,0xFF,0x5C,0x59,0x56,0xFF,0x50,0x4D,
    0x48,0xFF,0x58,0x54,0x4E,0xFF,0x77,0x72,0x6B,0xFF,0x84,0x7F,
    0x77,0xFF,0x6F,0x6B,0x64,0xFF,0x5E,0x5A,0x54,0xFF,0x5E,0x5A,
    0x54,0xFF,0x5E,0x5B,0x55,0xFF,0x60,0x5D,0x57,0xFF,0x60,0x5C,
    0x56,0xFF,0x61,0x5D,0x57,0xFF,0x61,0x5E,0x58,0xFF,0x61,0x5E,
    0x58,0xFF,0x61,0x5E,0x58,0xFF,0x63,0x5F,0x59,0xFF,0x63,0x5F,
    0x59,0xFF,0x62,0x5E,0x58,0xFF,0x63,0x5E,0x58,0xFF,0x6B,0x66,
    0x5E,0xFF,0x6A,0x64,0x5C,0xFF,0x5E,0x59,0x51,0xFF,0x4D,0x48,
    0x42,0xFF,0x41,0x3D,0x37,0xFF,0x40,0x3C,0x35,0xFF,0x3F,0x3B,
    0x34,0xFF,0x3F,0x3B,0x34,0xFF,0x42,0x3E,0x37,0xF4,0x49,0x45,
    0x3E,0x37,0x00,0x00,0x00,0x00,0x00,0x00,0x00,0x00,0x00,0x00,
    0x00,0x00,0x00,0x00,0x00,0x00,0x00,0x00,0x00,0x00,0x00,0x00,
    0x00,0x00,0x00,0x00,0x00,0x00,0x00,0x00,0x00,0x00,0x00,0x00,
    0x00,0x00,0x00,0x00,0x00,0x00,0x00,0x00,0x00,0x00,0x00,0x00,
    0x00,0x00,0x00,0x00,0x00,0x00,0x00,0x00,0x00,0x00,0x00,0x00,
    0x00,0x00,0x00,0x00,0x00,0x00,0x00,0x00,0x00,0x00,0x00,0x00,
    0x00,0x00,0x00,0x00,0x00,0x00,0x00,0x00,0x00,0x00,0x00,0x00,
    0x00,0x00,0x00,0x00,0x00,0x00,0x00,0x00,0x00,0x00,0x00,0x00,
    0x00,0x00,0x00,0x00,0x00,0x00,0x00,0x00,0x00,0x00,0x00,0x00,
    0x00,0x00,0x00,0x00,0x00,0x00,0x00,0x00,0x00,0x00,0x00,0x00,
    0x00,0x00,0x4A,0x47,0x42,0xE0,0x48,0x46,0x40,0xFF,0x4D,0x49,
    0x44,0xFF,0x4F,0x4C,0x48,0xFF,0x51,0x4E,0x49,0xFF,0x5C,0x58,
    0x52,0xFF,0x7C,0x77,0x70,0xFF,0x82,0x7D,0x75,0xFF,0x6A,0x65,
    0x5E,0xFF,0x5A,0x57,0x51,0xFF,0x5C,0x59,0x53,0xFF,0x5E,0x5A,
    0x54,0xFF,0x5F,0x5B,0x55,0xFF,0x60,0x5C,0x56,0xFF,0x5F,0x5B,
    0x55,0xFF,0x61,0x5D,0x57,0xFF,0x60,0x5C,0x56,0xFF,0x62,0x5E,
    0x58,0xFF,0x63,0x5F,0x59,0xFF,0x63,0x5F,0x59,0xFF,0x62,0x5E,
    0x58,0xFF,0x63,0x5F,0x59,0xFF,0x64,0x60,0x5A,0xFF,0x64,0x60,
    0x5A,0xFF,0x63,0x5F,0x59,0xFF,0x6B,0x67,0x5F,0xFF,0x6A,0x65,
    0x5D,0xFF,0x5F,0x59,0x51,0xFF,0x4D,0x48,0x41,0xFF,0x40,0x3C,
    0x36,0xFF,0x3F,0x3B,0x34,0xFF,0x3E,0x3A,0x33,0xFF,0x3E,0x3A,
    0x34,0xFF,0x44,0x40,0x39,0xEB,0x49,0x44,0x3D,0x25,0x00,0x00,
    0x00,0x00,0x00,0x00,0x00,0x00,0x00,0x00,0x00,0x00,0x00,0x00,
    0x00,0x00,0x00,0x00,0x00,0x00,0x00,0x00,0x00,0x00,0x00,0x00,
    0x00,0x00,0x00,0x00,0x00,0x00,0x00,0x00,0x00,0x00,0x00,0x00,
    0x00,0x00,0x00,0x00,0x00,0x00,0x00,0x00,0x00,0x00,0x00,0x00,
    0x00,0x00,0x00,0x00,0x00,0x00,0x00,0x00,0x00,0x00,0x00,0x00,
    0x00,0x00,0x00,0x00,0x00,0x00,0x00,0x00,0x00,0x00,0x00,0x00,
    0x00,0x00,0x00,0x00,0x00,0x00,0x00,0x00,0x00,0x00,0x00,0x00,
    0x00,0x00,0x00,0x00,0x00,0x00,0x00,0x00,0x00,0x00,0x00,0x00,
    0x00,0x00,0x00,0x00,0x00,0x00,0x00,0x00,0x00,0x00,0x00,0x00,
    0x00,0x00,0x59,0x55,0x50,0x26,0x50,0x4C,0x48,0xFF,0x51,0x4D,
    0x48,0xFF,0x51,0x4E,0x49,0xFF,0x5F,0x5B,0x55,0xFF,0x7B,0x77,
    0x6F,0xFF,0x7E,0x79,0x71,0xFF,0x61,0x5D,0x57,0xFF,0x59,0x55,
    0x4F,0xFF,0x5A,0x56,0x50,0xFF,0x5C,0x58,0x52,0xFF,0x5D,0x59,
    0x53,0xFF,0x5E,0x5A,0x54,0xFF,0x5E,0x5A,0x54,0xFF,0x5F,0x5B,
    0x55,0xFF,0x60,0x5C,0x56,0xFF,0x60,0x5C,0x56,0xFF,0x61,0x5D,
    0x57,0xFF,0x61,0x5D,0x57,0xFF,0x62,0x5E,0x58,0xFF,0x63,0x5F,
    0x59,0xFF,0x63,0x5F,0x59,0xFF,0x63,0x5F,0x59,0xFF,0x63,0x5F,
    0x59,0xFF,0x64,0x60,0x5A,0xFF,0x63,0x5F,0x59,0xFF,0x64,0x60,
    0x5A,0xFF,0x6D,0x67,0x60,0xFF,0x6A,0x64,0x5C,0xFF,0x5E,0x58,
    0x51,0xFF,0x4C,0x48,0x41,0xFF,0x40,0x3B,0x35,0xFF,0x40,0x3C,
    0x35,0xFF,0x3E,0x3A,0x33,0xFF,0x3F,0x3B,0x35,0xFF,0x45,0x41,
    0x3A,0xDD,0x48,0x43,0x3C,0x18,0x00,0x00,0x00,0x00,0x00,0x00,
    0x00,0x00,0x00,0x00,0x00,0x00,0x00,0x00,0x00,0x00,0x00,0x00,
    0x00,0x00,0x00,0x00,0x00,0x00,0x00,0x00,0x00,0x00,0x00,0x00,
    0x00,0x00,0x00,0x00,0x00,0x00,0x00,0x00,0x00,0x00,0x00,0x00,
    0x00,0x00,0x00,0x00,0x00,0x00,0x00,0x00,0x00,0x00,0x00,0x00,
    0x00,0x00,0x00,0x00,0x00,0x00,0x00,0x00,0x00,0x00,0x00,0x00,
    0x00,0x00,0x00,0x00,0x00,0x00,0x00,0x00,0x00,0x00,0x00,0x00,
    0x00,0x00,0x00,0x00,0x00,0x00,0x00,0x00,0x00,0x00,0x00,0x00,
    0x00,0x00,0x00,0x00,0x00,0x00,0x00,0x00,0x00,0x00,0x00,0x00,
    0x00,0x00,0x00,0x00,0x00,0x00,0x5A,0x56,0x50,0x36,0x5B,0x57,
    0x51,0xFE,0x64,0x60,0x59,0xFF,0x78,0x73,0x6B,0xFF,0x6F,0x6A,
    0x63,0xFF,0x57,0x53,0x4E,0xFF,0x53,0x4F,0x4A,0xFF,0x55,0x51,
    0x4B,0xFF,0x58,0x54,0x4E,0xFF,0x5A,0x56,0x50,0xFF,0x5B,0x57,
    0x51,0xFF,0x5D,0x59,0x53,0xFF,0x5E,0x5A,0x54,0xFF,0x5E,0x5A,
    0x54,0xFF,0x5E,0x5A,0x54,0xFF,0x60,0x5C,0x56,0xFF,0x61,0x5D,
    0x57,0xFF,0x61,0x5D,0x57,0xFF,0x62,0x5E,0x59,0xFF,0x62,0x5E,
    0x58,0xFF,0x62,0x5F,0x59,0xFF,0x64,0x60,0x5A,0xFF,0x63,0x5F,
    0x59,0xFF,0x63,0x5F,0x59,0xFF,0x64,0x60,0x5A,0xFF,0x64,0x60,
    0x5A,0xFF,0x62,0x5E,0x58,0xFF,0x65,0x61,0x5A,0xFF,0x6E,0x68,
    0x61,0xFF,0x6A,0x65,0x5D,0xFF,0x5E,0x59,0x51,0xFF,0x4C,0x47,
    0x41,0xFF,0x41,0x3C,0x36,0xFF,0x3E,0x3A,0x34,0xFF,0x3E,0x3A,
    0x34,0xFF,0x3F,0x3B,0x35,0xFF,0x48,0x44,0x3D,0xCC,0x47,0x43,
    0x3C,0x0C,0x00,0x00,0x00,0x00,0x00,0x00,0x00,0x00,0x00,0x00,
    0x00,0x00,0x00,0x00,0x00,0x00,0x00,0x00,0x00,0x00,0x00,0x00,
    0x00,0x00,0x00,0x00,0x00,0x00,0x00,0x00,0x00,0x00,0x00,0x00,
    0x00,0x00,0x00,0x00,0x00,0x00,0x00,0x00,0x00,0x00,0x00,0x00,
    0x00,0x00,0x00,0x00,0x00,0x00,0x00,0x00,0x00,0x00,0x00,0x00,
    0x00,0x00,0x00,0x00,0x00,0x00,0x00,0x00,0x00,0x00,0x00,0x00,
    0x00,0x00,0x00,0x00,0x00,0x00,0x00,0x00,0x00,0x00,0x00,0x00,
    0x00,0x00,0x00,0x00,0x00,0x00,0x00,0x00,0x00,0x00,0x00,0x00,
    0x00,0x00,0x00,0x00,0x00,0x00,0x00,0x00,0x00,0x00,0x00,0x00,
    0x00,0x00,0x57,0x53,0x4D,0x77,0x59,0x54,0x4E,0xFE,0x4D,0x4A,
    0x44,0xFF,0x4C,0x48,0x43,0xFF,0x4E,0x4B,0x46,0xFF,0x51,0x4D,
    0x48,0xFF,0x54,0x50,0x4A,0xFF,0x57,0x53,0x4D,0xFF,0x59,0x55,
    0x4F,0xFF,0x5A,0x56,0x50,0xFF,0x5B,0x57,0x51,0xFF,0x5C,0x59,
    0x53,0xFF,0x5D,0x59,0x53,0xFF,0x5F,0x5B,0x55,0xFF,0x5F,0x5B,
    0x55,0xFF,0x60,0x5C,0x56,0xFF,0x61,0x5D,0x57,0xFF,0x62,0x5E,
    0x58,0xFF,0x63,0x5F,0x59,0xFF,0x62,0x5E,0x58,0xFF,0x63,0x5F,
    0x59,0xFF,0x63,0x5F,0x59,0xFF,0x63,0x5F,0x59,0xFF,0x64,0x60,
    0x5A,0xFF,0x64,0x60,0x5A,0xFF,0x64,0x60,0x5A,0xFF,0x62,0x5E,
    0x58,0xFF,0x65,0x61,0x5A,0xFF,0x6D,0x68,0x60,0xFF,0x6A,0x65,
    0x5D,0xFF,0x5E,0x58,0x51,0xFF,0x4B,0x47,0x40,0xFF,0x40,0x3C,
    0x36,0xFF,0x3E,0x3A,0x33,0xFF,0x3F,0x3B,0x35,0xFF,0x3E,0x3A,
    0x34,0xFF,0x48,0x43,0x3C,0xB9,0x47,0x42,0x3B,0x05,0x00,0x00,
    0x00,0x00,0x00,0x00,0x00,0x00,0x00,0x00,0x00,0x00,0x00,0x00,
    0x00,0x00,0x00,0x00,0x00,0x00,0x00,0x00,0x00,0x00,0x00,0x00,
    0x00,0x00,0x00,0x00,0x00,0x00,0x00,0x00,0x00,0x00,0x00,0x00,
    0x00,0x00,0x00,0x00,0x00,0x00,0x00,0x00,0x00,0x00,0x00,0x00,
    0x00,0x00,0x00,0x00,0x00,0x00,0x00,0x00,0x00,0x00,0x00,0x00,
    0x00,0x00,0x00,0x00,0x00,0x00,0x00,0x00,0x00,0x00,0x00,0x00,
    0x00,0x00,0x00,0x00,0x00,0x00,0x00,0x00,0x00,0x00,0x00,0x00,
    0x00,0x00,0x00,0x00,0x00,0x00,0x00,0x00,0x00,0x00,0x00,0x00,
    0x00,0x00,0x00,0x00,0x00,0x00,0x00,0x00,0x00,0x00,0x51,0x4D,
    0x48,0x68,0x4A,0x46,0x41,0xFC,0x4B,0x48,0x43,0xFF,0x4D,0x49,
    0x44,0xFF,0x4F,0x4B,0x46,0xFF,0x52,0x4E,0x49,0xFF,0x54,0x50,
    0x4A,0xFF,0x57,0x53,0x4E,0xFF,0x59,0x55,0x4F,0xFF,0x5B,0x57,
    0x51,0xFF,0x5A,0x56,0x50,0xFF,0x5E,0x5A,0x54,0xFF,0x5E,0x5A,
    0x54,0xFF,0x5F,0x5B,0x55,0xFF,0x5F,0x5C,0x56,0xFF,0x60,0x5C,
    0x56,0xFF,0x60,0x5C,0x57,0xFF,0x62,0x5E,0x58,0xFF,0x63,0x5F,
    0x59,0xFF,0x63,0x5F,0x59,0xFF,0x63,0x5F,0x59,0xFF,0x63,0x5F,
    0x59,0xFF,0x63,0x5F,0x59,0xFF,0x63,0x5F,0x59,0xFF,0x63,0x60,
    0x5A,0xFF,0x64,0x60,0x5A,0xFF,0x63,0x5F,0x59,0xFF,0x66,0x62,
    0x5B,0xFF,0x6D,0x68,0x60,0xFF,0x6A,0x65,0x5D,0xFF,0x5D,0x57,
    0x50,0xFF,0x4B,0x46,0x3F,0xFF,0x3F,0x3B,0x34,0xFF,0x3F,0x3B,
    0x34,0xFF,0x3F,0x3B,0x34,0xFF,0x3E,0x3A,0x34,0xFF,0x4C,0x47,
    0x40,0xA0,0x47,0x43,0x3C,0x01,0x00,0x00,0x00,0x00,0x00,0x00,
    0x00,0x00,0x00,0x00,0x00,0x00,0x00,0x00,0x00,0x00,0x00,0x00,
    0x00,0x00,0x00,0x00,0x00,0x00,0x00,0x00,0x00,0x00,0x00,0x00,
    0x00,0x00,0x00,0x00,0x00,0x00,0x00,0x00,0x00,0x00,0x00,0x00,
    0x00,0x00,0x00,0x00,0x00,0x00,0x00,0x00,0x00,0x00,0x00,0x00,
    0x00,0x00,0x00,0x00,0x00,0x00,0x00,0x00,0x00,0x00,0x00,0x00,
    0x00,0x00,0x00,0x00,0x00,0x00,0x00,0x00,0x00,0x00,0x00,0x00,
    0x00,0x00,0x00,0x00,0x00,0x00,0x00,0x00,0x00,0x00,0x00,0x00,
    0x00,0x00,0x00,0x00,0x00,0x00,0x00,0x00,0x00,0x00,0x00,0x00,
    0x00,0x00,0x00,0x00,0x00,0x00,0x4D,0x4A,0x45,0x58,0x4A,0x47,
    0x41,0xF9,0x4B,0x49,0x43,0xFF,0x4D,0x49,0x44,0xFF,0x4F,0x4C,
    0x46,0xFF,0x52,0x4E,0x49,0xFF,0x54,0x51,0x4B,0xFF,0x57,0x54,
    0x4E,0xFF,0x59,0x55,0x4F,0xFF,0x5B,0x57,0x51,0xFF,0x5C,0x58,
    0x52,0xFF,0x5E,0x5A,0x54,0xFF,0x5F,0x5B,0x55,0xFF,0x5F,0x5B,
    0x55,0xFF,0x60,0x5C,0x56,0xFF,0x61,0x5D,0x57,0xFF,0x61,0x5D,
    0x57,0xFF,0x62,0x5E,0x58,0xFF,0x62,0x5E,0x58,0xFF,0x62,0x5E,
    0x58,0xFF,0x62,0x5E,0x58,0xFF,0x63,0x5F,0x59,0xFF,0x63,0x5F,
    0x59,0xFF,0x64,0x60,0x5A,0xFF,0x63,0x5F,0x59,0xFF,0x63,0x5F,
    0x59,0xFF,0x63,0x5F,0x59,0xFF,0x65,0x61,0x5A,0xFF,0x6F,0x6A,
    0x62,0xFF,0x6A,0x65,0x5D,0xFF,0x5D,0x58,0x50,0xFF,0x4B,0x46,
    0x40,0xFF,0x3F,0x3B,0x35,0xFF,0x3F,0x3B,0x34,0xFF,0x3E,0x3A,
    0x34,0xFF,0x3F,0x3B,0x34,0xFF,0x49,0x45,0x3E,0x86,0x00,0x00,
    0x00,0x00,0x00,0x00,0x00,0x00,0x00,0x00,0x00,0x00,0x00,0x00,
    0x00,0x00,0x00,0x00,0x00,0x00,0x00,0x00,0x00,0x00,0x00,0x00,
    0x00,0x00,0x00,0x00,0x00,0x00,0x00,0x00,0x00,0x00,0x00,0x00,
    0x00,0x00,0x00,0x00,0x00,0x00,0x00,0x00,0x00,0x00,0x00,0x00,
    0x00,0x00,0x00,0x00,0x00,0x00,0x00,0x00,0x00,0x00,0x00,0x00,
    0x00,0x00,0x00,0x00,0x00,0x00,0x00,0x00,0x00,0x00,0x00,0x00,
    0x00,0x00,0x00,0x00,0x00,0x00,0x00,0x00,0x00,0x00,0x00,0x00,
    0x00,0x00,0x00,0x00,0x00,0x00,0x00,0x00,0x00,0x00,0x00,0x00,
    0x00,0x00,0x00,0x00,0x00,0x00,0x00,0x00,0x00,0x00,0x00,0x00,
    0x00,0x00,0x4A,0x47,0x42,0x49,0x4A,0x46,0x41,0xF5,0x4A,0x47,
    0x42,0xFF,0x4D,0x49,0x44,0xFF,0x4F,0x4B,0x46,0xFF,0x52,0x4F,
    0x4A,0xFF,0x54,0x51,0x4B,0xFF,0x57,0x53,0x4D,0xFF,0x59,0x55,
    0x4F,0xFF,0x5B,0x57,0x51,0xFF,0x5C,0x58,0x52,0xFF,0x5D,0x59,
    0x53,0xFF,0x5F,0x5B,0x55,0xFF,0x5F,0x5B,0x55,0xFF,0x60,0x5C,
    0x56,0xFF,0x60,0x5C,0x56,0xFF,0x61,0x5D,0x57,0xFF,0x61,0x5D,
    0x57,0xFF,0x61,0x5D,0x57,0xFF,0x62,0x5E,0x58,0xFF,0x64,0x60,
    0x5A,0xFF,0x63,0x5F,0x59,0xFF,0x63,0x5F,0x59,0xFF,0x63,0x5F,
    0x59,0xFF,0x62,0x5E,0x58,0xFF,0x63,0x5F,0x5A,0xFF,0x62,0x5E,
    0x58,0xFF,0x67,0x62,0x5C,0xFF,0x6E,0x69,0x62,0xFF,0x6A,0x65,
    0x5D,0xFF,0x5D,0x58,0x50,0xFF,0x48,0x44,0x3E,0xFF,0x3F,0x3C,
    0x35,0xFF,0x3E,0x3A,0x33,0xFF,0x3F,0x3B,0x35,0xFF,0x3F,0x3B,
    0x34,0xFE,0x4C,0x48,0x41,0x68,0x00,0x00,0x00,0x00,0x00,0x00,
    0x00,0x00,0x00,0x00,0x00,0x00,0x00,0x00,0x00,0x00,0x00,0x00,
    0x00,0x00,0x00,0x00,0x00,0x00,0x00,0x00,0x00,0x00,0x00,0x00,
    0x00,0x00,0x00,0x00,0x00,0x00,0x00,0x00,0x00,0x00,0x00,0x00,
    0x00,0x00,0x00,0x00,0x00,0x00,0x00,0x00,0x00,0x00,0x00,0x00,
    0x00,0x00,0x00,0x00,0x00,0x00,0x00,0x00,0x00,0x00,0x00,0x00,
    0x00,0x00,0x00,0x00,0x00,0x00,0x00,0x00,0x00,0x00,0x00,0x00,
    0x00,0x00,0x00,0x00,0x00,0x00,0x00,0x00,0x00,0x00,0x00,0x00,
    0x00,0x00,0x00,0x00,0x00,0x00,0x00,0x00,0x00,0x00,0x00,0x00,
    0x00,0x00,0x00,0x00,0x00,0x00,0x00,0x00,0x00,0x00,0x4C,0x49,
    0x44,0x3C,0x4A,0x47,0x41,0xEF,0x4C,0x49,0x44,0xFF,0x4E,0x4A,
    0x45,0xFF,0x50,0x4C,0x47,0xFF,0x52,0x4F,0x4A,0xFF,0x56,0x52,
    0x4C,0xFF,0x57,0x53,0x4E,0xFF,0x59,0x55,0x4F,0xFF,0x5B,0x57,
    0x51,0xFF,0x5B,0x57,0x51,0xFF,0x5D,0x59,0x53,0xFF,0x5E,0x5A,
    0x54,0xFF,0x5F,0x5B,0x55,0xFF,0x60,0x5C,0x56,0xFF,0x60,0x5C,
    0x56,0xFF,0x61,0x5D,0x57,0xFF,0x61,0x5D,0x57,0xFF,0x62,0x5E,
    0x58,0xFF,0x61,0x5D,0x57,0xFF,0x63,0x5F,0x59,0xFF,0x6A,0x66,
    0x61,0xFF,0x8B,0x89,0x86,0xFF,0xBF,0xBF,0xBE,0xFF,0xB7,0xB7,
    0xB7,0xFF,0x78,0x76,0x72,0xFF,0x63,0x5F,0x59,0xFF,0x67,0x63,
    0x5C,0xFF,0x70,0x6B,0x63,0xFF,0x6A,0x64,0x5C,0xFF,0x5C,0x57,
    0x50,0xFF,0x49,0x45,0x3E,0xFF,0x40,0x3C,0x36,0xFF,0x3F,0x3B,
    0x34,0xFF,0x3E,0x3A,0x34,0xFF,0x41,0x3C,0x36,0xFB,0x4B,0x46,
    0x3F,0x51,0x00,0x00,0x00,0x00,0x00,0x00,0x00,0x00,0x00,0x00,
    0x00,0x00,0x00,0x00,0x00,0x00,0x00,0x00,0x00,0x00,0x00,0x00,
    0x00,0x00,0x00,0x00,0x00,0x00,0x00,0x00,0x00,0x00,0x00,0x00,
    0x00,0x00,0x00,0x00,0x00,0x00,0x00,0x00,0x00,0x00,0x00,0x00,
    0x00,0x00,0x00,0x00,0x00,0x00,0x00,0x00,0x00,0x00,0x00,0x00,
    0x00,0x00,0x00,0x00,0x00,0x00,0x00,0x00,0x00,0x00,0x00,0x00,
    0x00,0x00,0x00,0x00,0x00,0x00,0x00,0x00,0x00,0x00,0x00,0x00,
    0x00,0x00,0x00,0x00,0x00,0x00,0x00,0x00,0x00,0x00,0x00,0x00,
    0x00,0x00,0x00,0x00,0x00,0x00,0x00,0x00,0x00,0x00,0x00,0x00,
    0x00,0x00,0x00,0x00,0x00,0x00,0x4C,0x49,0x44,0x30,0x4C,0x49,
    0x44,0xE8,0x4B,0x48,0x43,0xFF,0x4D,0x4A,0x45,0xFF,0x50,0x4C,
    0x47,0xFF,0x52,0x4F,0x49,0xFF,0x56,0x52,0x4D,0xFF,0x58,0x54,
    0x4E,0xFF,0x5A,0x56,0x50,0xFF,0x5B,0x57,0x51,0xFF,0x5C,0x58,
    0x52,0xFF,0x5D,0x59,0x53,0xFF,0x5D,0x59,0x53,0xFF,0x5F,0x5B,
    0x55,0xFF,0x60,0x5C,0x56,0xFF,0x60,0x5C,0x56,0xFF,0x60,0x5C,
    0x56,0xFF,0x62,0x5E,0x58,0xFF,0x72,0x6F,0x6B,0xFF,0x9B,0x9A,
    0x98,0xFF,0xBD,0xBD,0xBD,0xFF,0xCC,0xCC,0xCC,0xFF,0xD2,0xD2,
    0xD2,0xFF,0xC8,0xC8,0xC8,0xFF,0xB4,0xB4,0xB4,0xFF,0x6B,0x69,
    0x65,0xFF,0x62,0x5E,0x58,0xFF,0x66,0x62,0x5B,0xFF,0x70,0x6A,
    0x63,0xFF,0x6B,0x65,0x5D,0xFF,0x5B,0x56,0x4F,0xFF,0x48,0x44,
    0x3E,0xFF,0x40,0x3C,0x36,0xFF,0x3F,0x3B,0x34,0xFF,0x3F,0x3B,
    0x34,0xFF,0x41,0x3D,0x37,0xF5,0x4B,0x46,0x3F,0x39,0x00,0x00,
    0x00,0x00,0x00,0x00,0x00,0x00,0x00,0x00,0x00,0x00,0x00,0x00,
    0x00,0x00,0x00,0x00,0x00,0x00,0x00,0x00,0x00,0x00,0x00,0x00,
    0x00,0x00,0x00,0x00,0x00,0x00,0x00,0x00,0x00,0x00,0x00,0x00,
    0x00,0x00,0x00,0x00,0x00,0x00,0x00,0x00,0x00,0x00,0x00,0x00,
    0x00,0x00,0x00,0x00,0x00,0x00,0x00,0x00,0x00,0x00,0x00,0x00,
    0x00,0x00,0x00,0x00,0x00,0x00,0x00,0x00,0x00,0x00,0x00,0x00,
    0x00,0x00,0x00,0x00,0x00,0x00,0x00,0x00,0x00,0x00,0x00,0x00,
    0x00,0x00,0x00,0x00,0x00,0x00,0x00,0x00,0x00,0x00,0x00,0x00,
    0x00,0x00,0x00,0x00,0x00,0x00,0x00,0x00,0x00,0x00,0x00,0x00,
    0x00,0x00,0x4C,0x49,0x43,0x25,0x4C,0x48,0x43,0xDF,0x4B,0x49,
    0x43,0xFF,0x4D,0x4A,0x45,0xFF,0x50,0x4C,0x47,0xFF,0x52,0x4F,
    0x49,0xFF,0x54,0x50,0x4B,0xFF,0x58,0x54,0x4E,0xFF,0x59,0x55,
    0x4F,0xFF,0x5B,0x57,0x51,0xFF,0x5D,0x59,0x53,0xFF,0x5E,0x5A,
    0x54,0xFF,0x5E,0x5A,0x54,0xFF,0x5E,0x5A,0x54,0xFF,0x61,0x5D,
    0x58,0xFF,0x82,0x7F,0x7C,0xFF,0xAB,0xAA,0xA9,0xFF,0xC4,0xC4,
    0xC4,0xFF,0xCF,0xCF,0xCF,0xFF,0xCD,0xCD,0xCD,0xFF,0xC1,0xC1,
    0xC1,0xFF,0xC3,0xC3,0xC3,0xFF,0xCA,0xCA,0xCA,0xFF,0xCB,0xCB,
    0xCB,0xFF,0x9D,0x9C,0x9C,0xFF,0x74,0x71,0x6D,0xFF,0x64,0x60,
    0x5A,0xFF,0x67,0x63,0x5C,0xFF,0x70,0x6B,0x63,0xFF,0x6A,0x64,
    0x5C,0xFF,0x5B,0x56,0x4F,0xFF,0x47,0x43,0x3C,0xFF,0x3F,0x3B,
    0x35,0xFF,0x3E,0x3A,0x33,0xFF,0x3F,0x3B,0x34,0xFF,0x44,0x3F,
    0x39,0xEB,0x49,0x45,0x3E,0x27,0x00,0x00,0x00,0x00,0x00,0x00,
    0x00,0x00,0x00,0x00,0x00,0x00,0x00,0x00,0x00,0x00,0x00,0x00,
    0x00,0x00,0x00,0x00,0x00,0x00,0x00,0x00,0x00,0x00,0x00,0x00,
    0x00,0x00,0x00,0x00,0x00,0x00,0x00,0x00,0x00,0x00,0x00,0x00,
    0x00,0x00,0x00,0x00,0x00,0x00,0x00,0x00,0x00,0x00,0x00,0x00,
    0x00,0x00,0x00,0x00,0x00,0x00,0x00,0x00,0x00,0x00,0x00,0x00,
    0x00,0x00,0x00,0x00,0x00,0x00,0x00,0x00,0x00,0x00,0x00,0x00,
    0x00,0x00,0x00,0x00,0x00,0x00,0x00,0x00,0x00,0x00,0x00,0x00,
    0x00,0x00,0x00,0x00,0x00,0x00,0x00,0x00,0x00,0x00,0x00,0x00,
    0x00,0x00,0x00,0x00,0x00,0x00,0x00,0x00,0x00,0x00,0x4C,0x49,
    0x44,0x1C,0x4B,0x48,0x42,0xD5,0x4C,0x49,0x44,0xFF,0x4E,0x4A,
    0x45,0xFF,0x4F,0x4C,0x47,0xFF,0x53,0x4F,0x4A,0xFF,0x55,0x51,
    0x4C,0xFF,0x57,0x53,0x4D,0xFF,0x5A,0x56,0x50,0xFF,0x5A,0x56,
    0x50,0xFF,0x5B,0x57,0x51,0xFF,0x65,0x62,0x5C,0xFF,0x8E,0x8D,
    0x8A,0xFF,0xB7,0xB7,0xB6,0xFF,0xCB,0xCB,0xCB,0xFF,0xCF,0xCF,
    0xCF,0xFF,0xCC,0xCC,0xCC,0xFF,0xC4,0xC4,0xC4,0xFF,0xCA,0xCA,
    0xCA,0xFF,0xCE,0xCE,0xCE,0xFF,0xD2,0xD2,0xD2,0xFF,0xD3,0xD3,
    0xD3,0xFF,0xD1,0xD1,0xD1,0xFF,0xB3,0xB3,0xB3,0xFF,0xB4,0xB4,
    0xB4,0xFF,0x74,0x72,0x6D,0xFF,0x63,0x5F,0x59,0xFF,0x69,0x65,
    0x5E,0xFF,0x70,0x6B,0x63,0xFF,0x6A,0x65,0x5D,0xFF,0x5A,0x55,
    0x4D,0xFF,0x47,0x43,0x3C,0xFF,0x3F,0x3B,0x34,0xFF,0x3E,0x3A,
    0x34,0xFF,0x3F,0x3B,0x34,0xFF,0x44,0x40,0x39,0xDE,0x49,0x44,
    0x3D,0x18,0x00,0x00,0x00,0x00,0x00,0x00,0x00,0x00,0x00,0x00,
    0x00,0x00,0x00,0x00,0x00,0x00,0x00,0x00,0x00,0x00,0x00,0x00,
    0x00,0x00,0x00,0x00,0x00,0x00,0x00,0x00,0x00,0x00,0x00,0x00,
    0x00,0x00,0x00,0x00,0x00,0x00,0x00,0x00,0x00,0x00,0x00,0x00,
    0x00,0x00,0x00,0x00,0x00,0x00,0x00,0x00,0x00,0x00,0x00,0x00,
    0x00,0x00,0x00,0x00,0x00,0x00,0x00,0x00,0x00,0x00,0x00,0x00,
    0x00,0x00,0x00,0x00,0x00,0x00,0x00,0x00,0x00,0x00,0x00,0x00,
    0x00,0x00,0x00,0x00,0x00,0x00,0x00,0x00,0x00,0x00,0x00,0x00,
    0x00,0x00,0x00,0x00,0x00,0x00,0x00,0x00,0x00,0x00,0x00,0x00,
    0x00,0x00,0x00,0x00,0x00,0x00,0x4C,0x49,0x44,0x14,0x4D,0x4A,
    0x45,0xCA,0x4B,0x48,0x43,0xFF,0x4D,0x4A,0x44,0xFF,0x50,0x4C,
    0x47,0xFF,0x53,0x4F,0x4A,0xFF,0x57,0x53,0x4D,0xFF,0x59,0x55,
    0x4F,0xFF,0x68,0x65,0x61,0xFF,0x98,0x97,0x95,0xFF,0xBF,0xBF,
    0xBF,0xFF,0xCE,0xCE,0xCE,0xFF,0xCD,0xCD,0xCD,0xFF,0xC6,0xC6,
    0xC6,0xFF,0xC7,0xC7,0xC7,0xFF,0xCD,0xCD,0xCD,0xFF,0xD2,0xD2,
    0xD2,0xFF,0xD4,0xD4,0xD4,0xFF,0xD4,0xD4,0xD4,0xFF,0xCF,0xCF,
    0xCF,0xFF,0xC3,0xC3,0xC3,0xFF,0xBC,0xBC,0xBC,0xFF,0xBE,0xBE,
    0xBE,0xFF,0xBE,0xBE,0xBE,0xFF,0xB5,0xB5,0xB5,0xFF,0x72,0x6F,
    0x6A,0xFF,0x63,0x5F,0x59,0xFF,0x6A,0x65,0x5E,0xFF,0x70,0x6B,
    0x63,0xFF,0x6A,0x65,0x5D,0xFF,0x5A,0x55,0x4E,0xFF,0x48,0x44,
    0x3D,0xFF,0x3F,0x3B,0x35,0xFF,0x3F,0x3B,0x35,0xFF,0x3F,0x3B,
    0x34,0xFF,0x47,0x43,0x3C,0xCC,0x48,0x44,0x3D,0x0C,0x00,0x00,
    0x00,0x00,0x00,0x00,0x00,0x00,0x00,0x00,0x00,0x00,0x00,0x00,
    0x00,0x00,0x00,0x00,0x00,0x00,0x00,0x00,0x00,0x00,0x00,0x00,
    0x00,0x00,0x00,0x00,0x00,0x00,0x00,0x00,0x00,0x00,0x00,0x00,
    0x00,0x00,0x00,0x00,0x00,0x00,0x00,0x00,0x00,0x00,0x00,0x00,
    0x00,0x00,0x00,0x00,0x00,0x00,0x00,0x00,0x00,0x00,0x00,0x00,
    0x00,0x00,0x00,0x00,0x00,0x00,0x00,0x00,0x00,0x00,0x00,0x00,
    0x00,0x00,0x00,0x00,0x00,0x00,0x00,0x00,0x00,0x00,0x00,0x00,
    0x00,0x00,0x00,0x00,0x00,0x00,0x00,0x00,0x00,0x00,0x00,0x00,
    0x00,0x00,0x00,0x00,0x00,0x00,0x00,0x00,0x00,0x00,0x00,0x00,
    0x00,0x00,0x4E,0x4B,0x46,0x0D,0x4C,0x49,0x43,0xBE,0x4C,0x49,
    0x44,0xFF,0x4E,0x4B,0x46,0xFF,0x50,0x4C,0x47,0xFF,0x54,0x50,
    0x4B,0xFF,0x6E,0x6C,0x6A,0xFF,0xAD,0xAD,0xAD,0xFF,0xCA,0xCA,
    0xCA,0xFF,0xC8,0xC8,0xC8,0xFF,0xBF,0xBF,0xBF,0xFF,0xC7,0xC7,
    0xC7,0xFF,0xCF,0xCF,0xCF,0xFF,0xD3,0xD3,0xD3,0xFF,0xD5,0xD5,
    0xD5,0xFF,0xD4,0xD4,0xD4,0xFF,0xC9,0xC9,0xC9,0xFF,0xBF,0xBF,
    0xBF,0xFF,0xBD,0xBD,0xBD,0xFF,0xC3,0xC3,0xC3,0xFF,0xC5,0xC5,
    0xC5,0xFF,0xC4,0xC4,0xC4,0xFF,0xC2,0xC2,0xC2,0xFF,0xBE,0xBE,
    0xBE,0xFF,0xB2,0xB2,0xB2,0xFF,0x70,0x6C,0x67,0xFF,0x63,0x5F,
    0x59,0xFF,0x6A,0x66,0x5F,0xFF,0x71,0x6C,0x64,0xFF,0x6A,0x65,
    0x5D,0xFF,0x59,0x55,0x4D,0xFF,0x45,0x41,0x3B,0xFF,0x3F,0x3B,
    0x35,0xFF,0x40,0x3C,0x35,0xFF,0x3F,0x3B,0x34,0xFF,0x48,0x43,
    0x3C,0xB9,0x47,0x43,0x3C,0x05,0x00,0x00,0x00,0x00,0x00,0x00,
    0x00,0x00,0x00,0x00,0x00,0x00,0x00,0x00,0x00,0x00,0x00,0x00,
    0x00,0x00,0x00,0x00,0x00,0x00,0x00,0x00,0x00,0x00,0x00,0x00,
    0x00,0x00,0x00,0x00,0x00,0x00,0x00,0x00,0x00,0x00,0x00,0x00,
    0x00,0x00,0x00,0x00,0x00,0x00,0x00,0x00,0x00,0x00,0x00,0x00,
    0x00,0x00,0x00,0x00,0x00,0x00,0x00,0x00,0x00,0x00,0x00,0x00,
    0x00,0x00,0x00,0x00,0x00,0x00,0x00,0x00,0x00,0x00,0x00,0x00,
    0x00,0x00,0x00,0x00,0x00,0x00,0x00,0x00,0x00,0x00,0x00,0x00,
    0x00,0x00,0x00,0x00,0x00,0x00,0x00,0x00,0x00,0x00,0x00,0x00,
    0x00,0x00,0x00,0x00,0x00,0x00,0x00,0x00,0x00,0x00,0x4C,0x49,
    0x44,0x08,0x4C,0x49,0x44,0xAF,0x4C,0x49,0x44,0xFF,0x4F,0x4B,
    0x46,0xFF,0x44,0x41,0x3E,0xFF,0x81,0x81,0x81,0xFF,0xBE,0xBE,
    0xBE,0xFF,0xBC,0xBC,0xBC,0xFF,0xC6,0xC6,0xC6,0xFF,0xCE,0xCE,
    0xCE,0xFF,0xD2,0xD2,0xD2,0xFF,0xD3,0xD3,0xD3,0xFF,0xD0,0xD0,
    0xD0,0xFF,0xC2,0xC2,0xC2,0xFF,0xB9,0xB9,0xB9,0xFF,0xBF,0xBF,
    0xBF,0xFF,0xC7,0xC7,0xC7,0xFF,0xCB,0xCB,0xCB,0xFF,0xCB,0xCB,
    0xCB,0xFF,0xCB,0xCB,0xCB,0xFF,0xC8,0xC8,0xC8,0xFF,0xC4,0xC4,
    0xC4,0xFF,0xC1,0xC1,0xC1,0xFF,0xBD,0xBD,0xBD,0xFF,0xAE,0xAE,
    0xAE,0xFF,0x6D,0x6A,0x65,0xFF,0x64,0x60,0x5A,0xFF,0x6B,0x66,
    0x5F,0xFF,0x71,0x6C,0x64,0xFF,0x69,0x64,0x5C,0xFF,0x59,0x54,
    0x4C,0xFF,0x46,0x42,0x3C,0xFF,0x3F,0x3B,0x35,0xFF,0x3F,0x3B,
    0x34,0xFF,0x3F,0x3B,0x34,0xFF,0x4B,0x47,0x40,0xA0,0x00,0x00,
    0x00,0x00,0x00,0x00,0x00,0x00,0x00,0x00,0x00,0x00,0x00,0x00,
    0x00,0x00,0x00,0x00,0x00,0x00,0x00,0x00,0x00,0x00,0x00,0x00,
    0x00,0x00,0x00,0x00,0x00,0x00,0x00,0x00,0x00,0x00,0x00,0x00,
    0x00,0x00,0x00,0x00,0x00,0x00,0x00,0x00,0x00,0x00,0x00,0x00,
    0x00,0x00,0x00,0x00,0x00,0x00,0x00,0x00,0x00,0x00,0x00,0x00,
    0x00,0x00,0x00,0x00,0x00,0x00,0x00,0x00,0x00,0x00,0x00,0x00,
    0x00,0x00,0x00,0x00,0x00,0x00,0x00,0x00,0x00,0x00,0x00,0x00,
    0x00,0x00,0x00,0x00,0x00,0x00,0x00,0x00,0x00,0x00,0x00,0x00,
    0x00,0x00,0x00,0x00,0x00,0x00,0x00,0x00,0x00,0x00,0x00,0x00,
    0x00,0x00,0x00,0x00,0x00,0x00,0x4D,0x4A,0x44,0x04,0x4C,0x49,
    0x44,0xA0,0x4D,0x4A,0x45,0xFF,0x4D,0x4A,0x45,0xFF,0x26,0x26,
    0x25,0xFF,0x8F,0x8F,0x8F,0xFF,0xCD,0xCD,0xCD,0xFF,0xD0,0xD0,
    0xD0,0xFF,0xD1,0xD1,0xD1,0xFF,0xC7,0xC7,0xC7,0xFF,0xB7,0xB7,
    0xB7,0xFF,0xB2,0xB2,0xB2,0xFF,0xBE,0xBE,0xBE,0xFF,0xC7,0xC7,
    0xC7,0xFF,0xCC,0xCC,0xCC,0xFF,0xCE,0xCE,0xCE,0xFF,0xCF,0xCF,
    0xCF,0xFF,0xCE,0xCE,0xCE,0xFF,0xCD,0xCD,0xCD,0xFF,0xCA,0xCA,
    0xCA,0xFF,0xC8,0xC8,0xC8,0xFF,0xC2,0xC2,0xC2,0xFF,0xBE,0xBE,
    0xBE,0xFF,0xB9,0xB9,0xB9,0xFF,0xA9,0xA8,0xA8,0xFF,0x6B,0x68,
    0x62,0xFF,0x64,0x60,0x5A,0xFF,0x6C,0x68,0x61,0xFF,0x72,0x6D,
    0x65,0xFF,0x6A,0x64,0x5C,0xFF,0x58,0x53,0x4C,0xFF,0x45,0x41,
    0x3B,0xFF,0x3F,0x3B,0x35,0xFF,0x3F,0x3B,0x34,0xFF,0x3E,0x3A,
    0x34,0xFF,0x49,0x45,0x3D,0x84,0x00,0x00,0x00,0x00,0x00,0x00,
    0x00,0x00,0x00,0x00,0x00,0x00,0x00,0x00,0x00,0x00,0x00,0x00,
    0x00,0x00,0x00,0x00,0x00,0x00,0x00,0x00,0x00,0x00,0x00,0x00,
    0x00,0x00,0x00,0x00,0x00,0x00,0x00,0x00,0x00,0x00,0x00,0x00,
    0x00,0x00,0x00,0x00,0x00,0x00,0x00,0x00,0x00,0x00,0x00,0x00,
    0x00,0x00,0x00,0x00,0x00,0x00,0x00,0x00,0x00,0x00,0x00,0x00,
    0x00,0x00,0x00,0x00,0x00,0x00,0x00,0x00,0x00,0x00,0x00,0x00,
    0x00,0x00,0x00,0x00,0x00,0x00,0x00,0x00,0x00,0x00,0x00,0x00,
    0x00,0x00,0x00,0x00,0x00,0x00,0x00,0x00,0x00,0x00,0x00,0x00,
    0x00,0x00,0x00,0x00,0x00,0x00,0x00,0x00,0x00,0x00,0x00,0x00,
    0x00,0x00,0x4D,0x4A,0x44,0x01,0x4D,0x4A,0x45,0x90,0x4B,0x48,
    0x42,0xFF,0x4C,0x49,0x45,0xFF,0x2A,0x2A,0x29,0xFF,0x95,0x95,
    0x95,0xFF,0xC3,0xC3,0xC3,0xFF,0xBA,0xBA,0xBA,0xFF,0xB7,0xB7,
    0xB7,0xFF,0xBC,0xBC,0xBC,0xFF,0xC3,0xC3,0xC3,0xFF,0xC9,0xC9,
    0xC9,0xFF,0xCD,0xCD,0xCD,0xFF,0xD0,0xD0,0xD0,0xFF,0xD1,0xD1,
    0xD1,0xFF,0xD2,0xD2,0xD2,0xFF,0xD1,0xD1,0xD1,0xFF,0xCE,0xCE,
    0xCE,0xFF,0xCB,0xCB,0xCB,0xFF,0xC8,0xC8,0xC8,0xFF,0xC2,0xC2,
    0xC2,0xFF,0xBE,0xBE,0xBE,0xFF,0xB8,0xB8,0xB8,0xFF,0xB3,0xB3,
    0xB3,0xFF,0xA1,0xA0,0x9F,0xFF,0x68,0x65,0x5F,0xFF,0x64,0x60,
    0x5A,0xFF,0x6D,0x68,0x61,0xFF,0x71,0x6C,0x64,0xFF,0x69,0x63,
    0x5B,0xFF,0x58,0x53,0x4C,0xFF,0x47,0x43,0x3C,0xFF,0x3F,0x3B,
    0x34,0xFF,0x3F,0x3B,0x34,0xFF,0x3F,0x3B,0x35,0xFE,0x4C,0x47,
    0x40,0x68,0x00,0x00,0x00,0x00,0x00,0x00,0x00,0x00,0x00,0x00,
    0x00,0x00,0x00,0x00,0x00,0x00,0x00,0x00,0x00,0x00,0x00,0x00,
    0x00,0x00,0x00,0x00,0x00,0x00,0x00,0x00,0x00,0x00,0x00,0x00,
    0x00,0x00,0x00,0x00,0x00,0x00,0x00,0x00,0x00,0x00,0x00,0x00,
    0x00,0x00,0x00,0x00,0x00,0x00,0x00,0x00,0x00,0x00,0x00,0x00,
    0x00,0x00,0x00,0x00,0x00,0x00,0x00,0x00,0x00,0x00,0x00,0x00,
    0x00,0x00,0x00,0x00,0x00,0x00,0x00,0x00,0x00,0x00,0x00,0x00,
    0x00,0x00,0x00,0x00,0x00,0x00,0x00,0x00,0x00,0x00,0x00,0x00,
    0x00,0x00,0x00,0x00,0x00,0x00,0x00,0x00,0x00,0x00,0x00,0x00,
    0x00,0x00,0x00,0x00,0x00,0x00,0x00,0x00,0x00,0x00,0x00,0x00,
    0x00,0x00,0x4C,0x49,0x44,0x7F,0x4C,0x49,0x43,0xFE,0x4E,0x4A,
    0x46,0xFF,0x2B,0x2B,0x2A,0xFF,0x84,0x84,0x84,0xFF,0xB9,0xB9,
    0xB9,0xFF,0xBE,0xBE,0xBE,0xFF,0xC4,0xC4,0xC4,0xFF,0xC9,0xC9,
    0xC9,0xFF,0xCD,0xCD,0xCD,0xFF,0xD1,0xD1,0xD1,0xFF,0xD3,0xD3,
    0xD3,0xFF,0xD4,0xD4,0xD4,0xFF,0xD3,0xD3,0xD3,0xFF,0xD2,0xD2,
    0xD2,0xFF,0xCF,0xCF,0xCF,0xFF,0xCD,0xCD,0xCD,0xFF,0xC8,0xC8,
    0xC8,0xFF,0xC2,0xC2,0xC2,0xFF,0xBD,0xBD,0xBD,0xFF,0xB7,0xB7,
    0xB7,0xFF,0xB1,0xB1,0xB1,0xFF,0xAD,0xAD,0xAD,0xFF,0x99,0x99,
    0x98,0xFF,0x68,0x64,0x5F,0xFF,0x64,0x60,0x5A,0xFF,0x6D,0x68,
    0x61,0xFF,0x72,0x6C,0x64,0xFF,0x69,0x64,0x5C,0xFF,0x57,0x52,
    0x4B,0xFF,0x46,0x42,0x3B,0xFF,0x40,0x3C,0x35,0xFF,0x3F,0x3B,
    0x34,0xFF,0x41,0x3D,0x36,0xFB,0x4A,0x45,0x3E,0x4C,0x00,0x00,
    0x00,0x00,0x00,0x00,0x00,0x00,0x00,0x00,0x00,0x00,0x00,0x00,
    0x00,0x00,0x00,0x00,0x00,0x00,0x00,0x00,0x00,0x00,0x00,0x00,
    0x00,0x00,0x00,0x00,0x00,0x00,0x00,0x00,0x00,0x00,0x00,0x00,
    0x00,0x00,0x00,0x00,0x00,0x00,0x00,0x00,0x00,0x00,0x00,0x00,
    0x00,0x00,0x00,0x00,0x00,0x00,0x00,0x00,0x00,0x00,0x00,0x00,
    0x00,0x00,0x00,0x00,0x00,0x00,0x00,0x00,0x00,0x00,0x00,0x00,
    0x00,0x00,0x00,0x00,0x00,0x00,0x00,0x00,0x00,0x00,0x00,0x00,
    0x00,0x00,0x00,0x00,0x00,0x00,0x00,0x00,0x00,0x00,0x00,0x00,
    0x00,0x00,0x00,0x00,0x00,0x00,0x00,0x00,0x00,0x00,0x00,0x00,
    0x00,0x00,0x00,0x00,0x00,0x00,0x00,0x00,0x00,0x00,0x4C,0x49,
    0x44,0x6D,0x4D,0x4A,0x44,0xFD,0x4F,0x4B,0x47,0xFF,0x2F,0x2F,
    0x2E,0xFF,0x84,0x84,0x84,0xFF,0xC2,0xC2,0xC2,0xFF,0xC7,0xC7,
    0xC7,0xFF,0xCC,0xCC,0xCC,0xFF,0xCF,0xCF,0xCF,0xFF,0xD2,0xD2,
    0xD2,0xFF,0xD4,0xD4,0xD4,0xFF,0xD4,0xD4,0xD4,0xFF,0xD4,0xD4,
    0xD4,0xFF,0xD2,0xD2,0xD2,0xFF,0xCF,0xCF,0xCF,0xFF,0xCC,0xCC,
    0xCC,0xFF,0xC8,0xC8,0xC8,0xFF,0xC2,0xC2,0xC2,0xFF,0xBC,0xBC,
    0xBC,0xFF,0xB6,0xB6,0xB6,0xFF,0xB0,0xB0,0xB0,0xFF,0xAB,0xAB,
    0xAB,0xFF,0xA5,0xA5,0xA5,0xFF,0x92,0x92,0x90,0xFF,0x66,0x62,
    0x5D,0xFF,0x65,0x61,0x5B,0xFF,0x6D,0x68,0x61,0xFF,0x73,0x6D,
    0x65,0xFF,0x69,0x63,0x5B,0xFF,0x57,0x52,0x4B,0xFF,0x44,0x40,
    0x3A,0xFF,0x3E,0x3A,0x34,0xFF,0x3D,0x39,0x33,0xFF,0x40,0x3C,
    0x35,0xF3,0x49,0x45,0x3E,0x34,0x00,0x00,0x00,0x00,0x00,0x00,
    0x00,0x00,0x00,0x00,0x00,0x00,0x00,0x00,0x00,0x00,0x00,0x00,
    0x00,0x00,0x00,0x00,0x00,0x00,0x00,0x00,0x00,0x00,0x00,0x00,
    0x00,0x00,0x00,0x00,0x00,0x00,0x00,0x00,0x00,0x00,0x00,0x00,
    0x00,0x00,0x00,0x00,0x00,0x00,0x00,0x00,0x00,0x00,0x00,0x00,
    0x00,0x00,0x00,0x00,0x00,0x00,0x00,0x00,0x00,0x00,0x00,0x00,
    0x00,0x00,0x00,0x00,0x00,0x00,0x00,0x00,0x00,0x00,0x00,0x00,
    0x00,0x00,0x00,0x00,0x00,0x00,0x00,0x00,0x00,0x00,0x00,0x00,
    0x00,0x00,0x00,0x00,0x00,0x00,0x00,0x00,0x00,0x00,0x00,0x00,
    0x00,0x00,0x00,0x00,0x00,0x00,0x00,0x00,0x00,0x00,0x00,0x00,
    0x00,0x00,0x00,0x00,0x00,0x00,0x4D,0x4A,0x45,0x5D,0x4D,0x49,
    0x44,0xFB,0x4F,0x4C,0x47,0xFF,0x33,0x32,0x31,0xFF,0x83,0x83,
    0x83,0xFF,0xCA,0xCA,0xCA,0xFF,0xCE,0xCE,0xCE,0xFF,0xD1,0xD1,
    0xD1,0xFF,0xD3,0xD3,0xD3,0xFF,0xD4,0xD4,0xD4,0xFF,0xD4,0xD4,
    0xD4,0xFF,0xD3,0xD3,0xD3,0xFF,0xD1,0xD1,0xD1,0xFF,0xCE,0xCE,
    0xCE,0xFF,0xCB,0xCB,0xCB,0xFF,0xC5,0xC5,0xC5,0xFF,0xBF,0xBF,
    0xBF,0xFF,0xB9,0xB9,0xB9,0xFF,0xB4,0xB4,0xB4,0xFF,0xAE,0xAE,
    0xAE,0xFF,0xA8,0xA8,0xA8,0xFF,0xA3,0xA3,0xA3,0xFF,0x9F,0x9F,
    0x9F,0xFF,0x82,0x81,0x80,0xFF,0x63,0x5F,0x59,0xFF,0x65,0x61,
    0x5B,0xFF,0x6E,0x69,0x62,0xFF,0x72,0x6D,0x65,0xFF,0x6A,0x64,
    0x5C,0xFF,0x57,0x52,0x4B,0xFF,0x45,0x41,0x3B,0xFF,0x3F,0x3B,
    0x35,0xFF,0x3F,0x3B,0x35,0xFF,0x42,0x3E,0x37,0xE8,0x45,0x40,
    0x3A,0x22,0x00,0x00,0x00,0x00,0x00,0x00,0x00,0x00,0x00,0x00,
    0x00,0x00,0x00,0x00,0x00,0x00,0x00,0x00,0x00,0x00,0x00,0x00,
    0x00,0x00,0x00,0x00,0x00,0x00,0x00,0x00,0x00,0x00,0x00,0x00,
    0x00,0x00,0x00,0x00,0x00,0x00,0x00,0x00,0x00,0x00,0x00,0x00,
    0x00,0x00,0x00,0x00,0x00,0x00,0x00,0x00,0x00,0x00,0x00,0x00,
    0x00,0x00,0x00,0x00,0x00,0x00,0x00,0x00,0x00,0x00,0x00,0x00,
    0x00,0x00,0x00,0x00,0x00,0x00,0x00,0x00,0x00,0x00,0x00,0x00,
    0x00,0x00,0x00,0x00,0x00,0x00,0x00,0x00,0x00,0x00,0x00,0x00,
    0x00,0x00,0x00,0x00,0x00,0x00,0x00,0x00,0x00,0x00,0x00,0x00,
    0x00,0x00,0x00,0x00,0x00,0x00,0x00,0x00,0x00,0x00,0x00,0x00,
    0x00,0x00,0x4D,0x4A,0x45,0x4F,0x4E,0x4B,0x45,0xF7,0x50,0x4D,
    0x48,0xFF,0x39,0x39,0x37,0xFF,0x7E,0x7E,0x7E,0xFF,0xCE,0xCE,
    0xCE,0xFF,0xD1,0xD1,0xD1,0xFF,0xD2,0xD2,0xD2,0xFF,0xD2,0xD2,
    0xD2,0xFF,0xD2,0xD2,0xD2,0xFF,0xD1,0xD1,0xD1,0xFF,0xCF,0xCF,
    0xCF,0xFF,0xCC,0xCC,0xCC,0xFF,0xC9,0xC9,0xC9,0xFF,0xC2,0xC2,
    0xC2,0xFF,0xBD,0xBD,0xBD,0xFF,0xB7,0xB7,0xB7,0xFF,0xB1,0xB1,
    0xB1,0xFF,0xAB,0xAB,0xAB,0xFF,0xA5,0xA5,0xA5,0xFF,0xA1,0xA1,
    0xA1,0xFF,0x9D,0x9D,0x9D,0xFF,0x5C,0x5C,0x5C,0xFF,0x3F,0x3D,
    0x3B,0xFF,0x63,0x5F,0x5A,0xFF,0x65,0x61,0x5B,0xFF,0x6F,0x6A,
    0x63,0xFF,0x72,0x6C,0x64,0xFF,0x6A,0x64,0x5C,0xFF,0x56,0x52,
    0x4B,0xFF,0x45,0x41,0x3B,0xFF,0x3F,0x3B,0x34,0xFF,0x3D,0x38,
    0x32,0xFF,0x41,0x3D,0x37,0xD9,0x42,0x3E,0x38,0x12,0x00,0x00,
    0x00,0x00,0x00,0x00,0x00,0x00,0x00,0x00,0x00,0x00,0x00,0x00,
    0x00,0x00,0x00,0x00,0x00,0x00,0x00,0x00,0x00,0x00,0x00,0x00,
    0x00,0x00,0x00,0x00,0x00,0x00,0x00,0x00,0x00,0x00,0x00,0x00,
    0x00,0x00,0x00,0x00,0x00,0x00,0x00,0x00,0x00,0x00,0x00,0x00,
    0x00,0x00,0x00,0x00,0x00,0x00,0x00,0x00,0x00,0x00,0x00,0x00,
    0x00,0x00,0x00,0x00,0x00,0x00,0x00,0x00,0x00,0x00,0x00,0x00,
    0x00,0x00,0x00,0x00,0x00,0x00,0x00,0x00,0x00,0x00,0x00,0x00,
    0x00,0x00,0x00,0x00,0x00,0x00,0x00,0x00,0x00,0x00,0x00,0x00,
    0x00,0x00,0x00,0x00,0x00,0x00,0x00,0x00,0x00,0x00,0x00,0x00,
    0x00,0x00,0x00,0x00,0x00,0x00,0x00,0x00,0x00,0x00,0x4D,0x4A,
    0x45,0x42,0x4E,0x4B,0x45,0xF2,0x52,0x4E,0x4A,0xFF,0x41,0x40,
    0x3F,0xFF,0x7A,0x7A,0x7A,0xFF,0xCE,0xCE,0xCE,0xFF,0xD0,0xD0,
    0xD0,0xFF,0xD0,0xD0,0xD0,0xFF,0xD0,0xD0,0xD0,0xFF,0xCF,0xCF,
    0xCF,0xFF,0xCD,0xCD,0xCD,0xFF,0xC9,0xC9,0xC9,0xFF,0xC5,0xC5,
    0xC5,0xFF,0xBF,0xBF,0xBF,0xFF,0xBA,0xBA,0xBA,0xFF,0xB4,0xB4,
    0xB4,0xFF,0xAE,0xAE,0xAE,0xFF,0xA9,0xA9,0xA9,0xFF,0xA3,0xA3,
    0xA3,0xFF,0x8A,0x8A,0x8A,0xFF,0x53,0x53,0x53,0xFF,0x2F,0x2F,
    0x2F,0xFF,0x37,0x36,0x34,0xFF,0x64,0x60,0x5A,0xFF,0x64,0x60,
    0x5A,0xFF,0x65,0x61,0x5B,0xFF,0x6F,0x6A,0x63,0xFF,0x72,0x6D,
    0x65,0xFF,0x69,0x63,0x5B,0xFF,0x56,0x51,0x4A,0xFF,0x44,0x40,
    0x39,0xFF,0x3E,0x3A,0x34,0xFF,0x3C,0x38,0x32,0xFF,0x40,0x3C,
    0x36,0xC3,0x3E,0x3A,0x34,0x08,0x00,0x00,0x00,0x00,0x00,0x00,
    0x00,0x00,0x00,0x00,0x00,0x00,0x00,0x00,0x00,0x00,0x00,0x00,
    0x00,0x00,0x00,0x00,0x00,0x00,0x00,0x00,0x00,0x00,0x00,0x00,
    0x00,0x00,0x00,0x00,0x00,0x00,0x00,0x00,0x00,0x00,0x00,0x00,
    0x00,0x00,0x00,0x00,0x00,0x00,0x00,0x00,0x00,0x00,0x00,0x00,
    0x00,0x00,0x00,0x00,0x00,0x00,0x00,0x00,0x00,0x00,0x00,0x00,
    0x00,0x00,0x00,0x00,0x00,0x00,0x00,0x00,0x00,0x00,0x00,0x00,
    0x00,0x00,0x00,0x00,0x00,0x00,0x00,0x00,0x00,0x00,0x00,0x00,
    0x00,0x00,0x00,0x00,0x00,0x00,0x00,0x00,0x00,0x00,0x00,0x00,
    0x00,0x00,0x00,0x00,0x00,0x00,0x00,0x00,0x00,0x00,0x00,0x00,
    0x00,0x00,0x00,0x00,0x00,0x00,0x4E,0x4B,0x46,0x36,0x4E,0x4B,
    0x45,0xEC,0x52,0x4E,0x4A,0xFF,0x47,0x46,0x45,0xFF,0x75,0x75,
    0x75,0xFF,0xCC,0xCC,0xCC,0xFF,0xCD,0xCD,0xCD,0xFF,0xCC,0xCC,
    0xCC,0xFF,0xCB,0xCB,0xCB,0xFF,0xC9,0xC9,0xC9,0xFF,0xC4,0xC4,
    0xC4,0xFF,0xC0,0xC0,0xC0,0xFF,0xBA,0xBA,0xBA,0xFF,0xB5,0xB5,
    0xB5,0xFF,0xB0,0xB0,0xB0,0xFF,0xA2,0xA2,0xA2,0xFF,0x73,0x73,
    0x73,0xFF,0x48,0x48,0x48,0xFF,0x33,0x33,0x33,0xFF,0x33,0x33,
    0x33,0xFF,0x36,0x36,0x36,0xFF,0x5B,0x58,0x53,0xFF,0x64,0x60,
    0x5A,0xFF,0x63,0x60,0x5A,0xFF,0x64,0x60,0x5A,0xFF,0x67,0x62,
    0x5C,0xFF,0x70,0x6B,0x64,0xFF,0x71,0x6C,0x64,0xFF,0x69,0x64,
    0x5C,0xFF,0x55,0x51,0x4A,0xFF,0x43,0x3F,0x38,0xFF,0x3D,0x38,
    0x32,0xFF,0x38,0x34,0x2F,0xFF,0x3E,0x3A,0x35,0x91,0x00,0x00,
    0x00,0x00,0x00,0x00,0x00,0x00,0x00,0x00,0x00,0x00,0x00,0x00,
    0x00,0x00,0x00,0x00,0x00,0x00,0x00,0x00,0x00,0x00,0x00,0x00,
    0x00,0x00,0x00,0x00,0x00,0x00,0x00,0x00,0x00,0x00,0x00,0x00,
    0x00,0x00,0x00,0x00,0x00,0x00,0x00,0x00,0x00,0x00,0x00,0x00,
    0x00,0x00,0x00,0x00,0x00,0x00,0x00,0x00,0x00,0x00,0x00,0x00,
    0x00,0x00,0x00,0x00,0x00,0x00,0x00,0x00,0x00,0x00,0x00,0x00,
    0x00,0x00,0x00,0x00,0x00,0x00,0x00,0x00,0x00,0x00,0x00,0x00,
    0x00,0x00,0x00,0x00,0x00,0x00,0x00,0x00,0x00,0x00,0x00,0x00,
    0x00,0x00,0x00,0x00,0x00,0x00,0x00,0x00,0x00,0x00,0x00,0x00,
    0x00,0x00,0x00,0x00,0x00,0x00,0x00,0x00,0x00,0x00,0x00,0x00,
    0x00,0x00,0x50,0x4D,0x48,0x2B,0x4D,0x4A,0x45,0xE4,0x52,0x4F,
    0x4A,0xFF,0x4C,0x4B,0x49,0xFF,0x70,0x70,0x70,0xFF,0xC6,0xC6,
    0xC6,0xFF,0xC7,0xC7,0xC7,0xFF,0xC6,0xC6,0xC6,0xFF,0xC2,0xC2,
    0xC2,0xFF,0xBF,0xBF,0xBF,0xFF,0xBB,0xBB,0xBB,0xFF,0xB4,0xB4,
    0xB4,0xFF,0x89,0x89,0x89,0xFF,0x56,0x56,0x56,0xFF,0x31,0x31,
    0x31,0xFF,0x30,0x30,0x30,0xFF,0x32,0x32,0x32,0xFF,0x3B,0x3B,
    0x3A,0xFF,0x52,0x50,0x4D,0xFF,0x64,0x61,0x5B,0xFF,0x63,0x5F,
    0x59,0xFF,0x63,0x5F,0x59,0xFF,0x63,0x5F,0x59,0xFF,0x63,0x5F,
    0x5A,0xFF,0x64,0x60,0x5A,0xFF,0x66,0x62,0x5B,0xFF,0x6F,0x6A,
    0x63,0xFF,0x72,0x6D,0x65,0xFF,0x68,0x63,0x5B,0xFF,0x54,0x4F,
    0x49,0xFF,0x42,0x3E,0x38,0xFF,0x3B,0x36,0x31,0xFF,0x36,0x33,
    0x2D,0xFC,0x3C,0x38,0x33,0x22,0x00,0x00,0x00,0x00,0x00,0x00,
    0x00,0x00,0x00,0x00,0x00,0x00,0x00,0x00,0x00,0x00,0x00,0x00,
    0x00,0x00,0x00,0x00,0x00,0x00,0x00,0x00,0x00,0x00,0x00,0x00,
    0x00,0x00,0x00,0x00,0x00,0x00,0x00,0x00,0x00,0x00,0x00,0x00,
    0x00,0x00,0x00,0x00,0x00,0x00,0x00,0x00,0x00,0x00,0x00,0x00,
    0x00,0x00,0x00,0x00,0x00,0x00,0x00,0x00,0x00,0x00,0x00,0x00,
    0x00,0x00,0x00,0x00,0x00,0x00,0x00,0x00,0x00,0x00,0x00,0x00,
    0x00,0x00,0x00,0x00,0x00,0x00,0x00,0x00,0x00,0x00,0x00,0x00,
    0x00,0x00,0x00,0x00,0x00,0x00,0x00,0x00,0x00,0x00,0x00,0x00,
    0x00,0x00,0x00,0x00,0x00,0x00,0x00,0x00,0x00,0x00,0x00,0x00,
    0x00,0x00,0x00,0x00,0x00,0x00,0x00,0x00,0x00,0x00,0x4F,0x4C,
    0x47,0x21,0x4E,0x4B,0x46,0xDC,0x52,0x4F,0x4A,0xFF,0x50,0x4E,
    0x4D,0xFF,0x6C,0x6C,0x6C,0xFF,0xBE,0xBE,0xBE,0xFF,0xBF,0xBF,
    0xBF,0xFF,0xBD,0xBD,0xBD,0xFF,0xA0,0xA0,0xA0,0xFF,0x67,0x67,
    0x67,0xFF,0x35,0x35,0x35,0xFF,0x29,0x29,0x29,0xFF,0x2B,0x2B,
    0x2B,0xFF,0x30,0x30,0x30,0xFF,0x47,0x45,0x43,0xFF,0x5C,0x59,
    0x55,0xFF,0x64,0x60,0x5A,0xFF,0x62,0x5E,0x58,0xFF,0x62,0x5F,
    0x59,0xFF,0x62,0x5E,0x58,0xFF,0x63,0x5F,0x59,0xFF,0x62,0x5E,
    0x58,0xFF,0x63,0x5F,0x59,0xFF,0x63,0x5F,0x59,0xFF,0x65,0x60,
    0x5B,0xFF,0x67,0x63,0x5C,0xFF,0x71,0x6C,0x65,0xFF,0x74,0x6E,
    0x66,0xFF,0x68,0x63,0x5B,0xFF,0x52,0x4E,0x47,0xFF,0x40,0x3C,
    0x36,0xFF,0x37,0x33,0x2E,0xFF,0x39,0x36,0x31,0x8B,0x00,0x00,
    0x00,0x00,0x00,0x00,0x00,0x00,0x00,0x00,0x00,0x00,0x00,0x00,
    0x00,0x00,0x00,0x00,0x00,0x00,0x00,0x00,0x00,0x00,0x00,0x00,
    0x00,0x00,0x00,0x00,0x00,0x00,0x00,0x00,0x00,0x00,0x00,0x00,
    0x00,0x00,0x00,0x00,0x00,0x00,0x00,0x00,0x00,0x00,0x00,0x00,
    0x00,0x00,0x00,0x00,0x00,0x00,0x00,0x00,0x00,0x00,0x00,0x00,
    0x00,0x00,0x00,0x00,0x00,0x00,0x00,0x00,0x00,0x00,0x00,0x00,
    0x00,0x00,0x00,0x00,0x00,0x00,0x00,0x00,0x00,0x00,0x00,0x00,
    0x00,0x00,0x00,0x00,0x00,0x00,0x00,0x00,0x00,0x00,0x00,0x00,
    0x00,0x00,0x00,0x00,0x00,0x00,0x00,0x00,0x00,0x00,0x00,0x00,
    0x00,0x00,0x00,0x00,0x00,0x00,0x00,0x00,0x00,0x00,0x00,0x00,
    0x00,0x00,0x00,0x00,0x00,0x00,0x50,0x4C,0x48,0x19,0x4E,0x4B,
    0x45,0xD2,0x53,0x4F,0x4A,0xFF,0x52,0x51,0x4F,0xFF,0x5A,0x5A,
    0x5A,0xFF,0x77,0x77,0x77,0xFF,0x43,0x43,0x43,0xFF,0x27,0x27,
    0x27,0xFF,0x27,0x27,0x27,0xFF,0x27,0x27,0x27,0xFF,0x39,0x38,
    0x37,0xFF,0x50,0x4E,0x4A,0xFF,0x62,0x5E,0x59,0xFF,0x61,0x5D,
    0x57,0xFF,0x60,0x5C,0x56,0xFF,0x61,0x5D,0x57,0xFF,0x61,0x5D,
    0x57,0xFF,0x62,0x5E,0x58,0xFF,0x62,0x5E,0x58,0xFF,0x62,0x5E,
    0x58,0xFF,0x63,0x5F,0x59,0xFF,0x64,0x60,0x5A,0xFF,0x64,0x60,
    0x5A,0xFF,0x64,0x60,0x5A,0xFF,0x64,0x60,0x5A,0xFF,0x67,0x63,
    0x5D,0xFF,0x71,0x6C,0x65,0xFF,0x73,0x6D,0x65,0xFF,0x65,0x60,
    0x59,0xFF,0x4E,0x4A,0x43,0xFF,0x3B,0x38,0x32,0xFF,0x36,0x33,
    0x2E,0xD2,0x00,0x00,0x00,0x00,0x00,0x00,0x00,0x00,0x00,0x00,
    0x00,0x00,0x00,0x00,0x00,0x00,0x00,0x00,0x00,0x00,0x00,0x00,
    0x00,0x00,0x00,0x00,0x00,0x00,0x00,0x00,0x00,0x00,0x00,0x00,
    0x00,0x00,0x00,0x00,0x00,0x00,0x00,0x00,0x00,0x00,0x00,0x00,
    0x00,0x00,0x00,0x00,0x00,0x00,0x00,0x00,0x00,0x00,0x00,0x00,
    0x00,0x00,0x00,0x00,0x00,0x00,0x00,0x00,0x00,0x00,0x00,0x00,
    0x00,0x00,0x00,0x00,0x00,0x00,0x00,0x00,0x00,0x00,0x00,0x00,
    0x00,0x00,0x00,0x00,0x00,0x00,0x00,0x00,0x00,0x00,0x00,0x00,
    0x00,0x00,0x00,0x00,0x00,0x00,0x00,0x00,0x00,0x00,0x00,0x00,
    0x00,0x00,0x00,0x00,0x00,0x00,0x00,0x00,0x00,0x00,0x00,0x00,
    0x00,0x00,0x00,0x00,0x00,0x00,0x00,0x00,0x00,0x00,0x00,0x00,
    0x00,0x00,0x51,0x4E,0x49,0x12,0x51,0x4E,0x48,0xC7,0x51,0x4E,
    0x49,0xFF,0x4F,0x4E,0x4B,0xFF,0x31,0x31,0x31,0xFF,0x27,0x27,
    0x27,0xFF,0x2C,0x2C,0x2B,0xFF,0x46,0x44,0x41,0xFF,0x59,0x56,
    0x51,0xFF,0x5F,0x5B,0x55,0xFF,0x5D,0x59,0x53,0xFF,0x5D,0x59,
    0x53,0xFF,0x5E,0x5A,0x54,0xFF,0x60,0x5C,0x56,0xFF,0x60,0x5C,
    0x56,0xFF,0x60,0x5C,0x56,0xFF,0x61,0x5D,0x57,0xFF,0x62,0x5E,
    0x58,0xFF,0x62,0x5E,0x58,0xFF,0x63,0x5F,0x59,0xFF,0x62,0x5E,
    0x58,0xFF,0x63,0x5F,0x59,0xFF,0x63,0x60,0x5A,0xFF,0x65,0x61,
    0x5B,0xFF,0x64,0x60,0x5A,0xFF,0x68,0x64,0x5D,0xFF,0x71,0x6C,
    0x65,0xFF,0x6F,0x6A,0x62,0xFF,0x62,0x5D,0x55,0xFF,0x48,0x44,
    0x3E,0xFF,0x35,0x31,0x2D,0xF3,0x00,0x00,0x00,0x00,0x00,0x00,
    0x00,0x00,0x00,0x00,0x00,0x00,0x00,0x00,0x00,0x00,0x00,0x00,
    0x00,0x00,0x00,0x00,0x00,0x00,0x00,0x00,0x00,0x00,0x00,0x00,
    0x00,0x00,0x00,0x00,0x00,0x00,0x00,0x00,0x00,0x00,0x00,0x00,
    0x00,0x00,0x00,0x00,0x00,0x00,0x00,0x00,0x00,0x00,0x00,0x00,
    0x00,0x00,0x00,0x00,0x00,0x00,0x00,0x00,0x00,0x00,0x00,0x00,
    0x00,0x00,0x00,0x00,0x00,0x00,0x00,0x00,0x00,0x00,0x00,0x00,
    0x00,0x00,0x00,0x00,0x00,0x00,0x00,0x00,0x00,0x00,0x00,0x00,
    0x00,0x00,0x00,0x00,0x00,0x00,0x00,0x00,0x00,0x00,0x00,0x00,
    0x00,0x00,0x00,0x00,0x00,0x00,0x00,0x00,0x00,0x00,0x00,0x00,
    0x00,0x00,0x00,0x00,0x00,0x00,0x00,0x00,0x00,0x00,0x00,0x00,
    0x00,0x00,0x00,0x00,0x00,0x00,0x00,0x00,0x00,0x00,0x51,0x4E,
    0x4A,0x0B,0x4E,0x4B,0x46,0xBB,0x51,0x4E,0x48,0xFF,0x4E,0x4C,
    0x48,0xFF,0x4F,0x4C,0x48,0xFF,0x5C,0x58,0x52,0xFF,0x59,0x55,
    0x4F,0xFF,0x5A,0x56,0x50,0xFF,0x5B,0x57,0x51,0xFF,0x5D,0x59,
    0x53,0xFF,0x5E,0x5A,0x54,0xFF,0x5F,0x5B,0x55,0xFF,0x5E,0x5A,
    0x54,0xFF,0x61,0x5D,0x57,0xFF,0x60,0x5C,0x56,0xFF,0x61,0x5D,
    0x57,0xFF,0x61,0x5D,0x57,0xFF,0x61,0x5D,0x58,0xFF,0x62,0x5E,
    0x58,0xFF,0x63,0x5F,0x59,0xFF,0x62,0x5E,0x58,0xFF,0x64,0x60,
    0x5A,0xFF,0x62,0x5E,0x58,0xFF,0x63,0x5F,0x59,0xFF,0x63,0x5F,
    0x59,0xFF,0x65,0x61,0x5B,0xFF,0x6B,0x67,0x60,0xFF,0x67,0x62,
    0x5B,0xFF,0x54,0x4F,0x49,0xFF,0x41,0x3D,0x38,0xE5,0x00,0x00,
    0x00,0x00,0x00,0x00,0x00,0x00,0x00,0x00,0x00,0x00,0x00,0x00,
    0x00,0x00,0x00,0x00,0x00,0x00,0x00,0x00,0x00,0x00,0x00,0x00,
    0x00,0x00,0x00,0x00,0x00,0x00,0x00,0x00,0x00,0x00,0x00,0x00,
    0x00,0x00,0x00,0x00,0x00,0x00,0x00,0x00,0x00,0x00,0x00,0x00,
    0x00,0x00,0x00,0x00,0x00,0x00,0x00,0x00,0x00,0x00,0x00,0x00,
    0x00,0x00,0x00,0x00,0x00,0x00,0x00,0x00,0x00,0x00,0x00,0x00,
    0x00,0x00,0x00,0x00,0x00,0x00,0x00,0x00,0x00,0x00,0x00,0x00,
    0x00,0x00,0x00,0x00,0x00,0x00,0x00,0x00,0x00,0x00,0x00,0x00,
    0x00,0x00,0x00,0x00,0x00,0x00,0x00,0x00,0x00,0x00,0x00,0x00,
    0x00,0x00,0x00,0x00,0x00,0x00,0x00,0x00,0x00,0x00,0x00,0x00,
    0x00,0x00,0x00,0x00,0x00,0x00,0x00,0x00,0x00,0x00,0x00,0x00,
    0x00,0x00,0x00,0x00,0x00,0x00,0x4F,0x4C,0x47,0x07,0x4E,0x4B,
    0x45,0xAE,0x50,0x4D,0x47,0xFF,0x51,0x4E,0x48,0xFF,0x55,0x51,
    0x4C,0xFF,0x57,0x53,0x4D,0xFF,0x59,0x55,0x4F,0xFF,0x5A,0x56,
    0x51,0xFF,0x5B,0x57,0x51,0xFF,0x5C,0x58,0x52,0xFF,0x5E,0x5A,
    0x54,0xFF,0x5F,0x5B,0x55,0xFF,0x5F,0x5B,0x55,0xFF,0x5F,0x5B,
    0x55,0xFF,0x60,0x5C,0x56,0xFF,0x61,0x5D,0x57,0xFF,0x61,0x5D,
    0x57,0xFF,0x62,0x5E,0x58,0xFF,0x62,0x5E,0x58,0xFF,0x62,0x5E,
    0x58,0xFF,0x62,0x5E,0x58,0xFF,0x61,0x5D,0x57,0xFF,0x5F,0x5B,
    0x55,0xFF,0x5E,0x5A,0x55,0xFF,0x5D,0x59,0x53,0xFF,0x5A,0x57,
    0x51,0xFF,0x5C,0x58,0x53,0xFF,0x53,0x4F,0x4A,0xFF,0x49,0x46,
    0x41,0x9D,0x00,0x00,0x00,0x00,0x00,0x00,0x00,0x00,0x00,0x00,
    0x00,0x00,0x00,0x00,0x00,0x00,0x00,0x00,0x00,0x00,0x00,0x00,
    0x00,0x00,0x00,0x00,0x00,0x00,0x00,0x00,0x00,0x00,0x00,0x00,
    0x00,0x00,0x00,0x00,0x00,0x00,0x00,0x00,0x00,0x00,0x00,0x00,
    0x00,0x00,0x00,0x00,0x00,0x00,0x00,0x00,0x00,0x00,0x00,0x00,
    0x00,0x00,0x00,0x00,0x00,0x00,0x00,0x00,0x00,0x00,0x00,0x00,
    0x00,0x00,0x00,0x00,0x00,0x00,0x00,0x00,0x00,0x00,0x00,0x00,
    0x00,0x00,0x00,0x00,0x00,0x00,0x00,0x00,0x00,0x00,0x00,0x00,
    0x00,0x00,0x00,0x00,0x00,0x00,0x00,0x00,0x00,0x00,0x00,0x00,
    0x00,0x00,0x00,0x00,0x00,0x00,0x00,0x00,0x00,0x00,0x00,0x00,
    0x00,0x00,0x00,0x00,0x00,0x00,0x00,0x00,0x00,0x00,0x00,0x00,
    0x00,0x00,0x00,0x00,0x00,0x00,0x00,0x00,0x00,0x00,0x00,0x00,
    0x00,0x00,0x4F,0x4C,0x47,0x03,0x50,0x4C,0x47,0x9F,0x50,0x4D,
    0x48,0xFF,0x53,0x4F,0x4A,0xFF,0x55,0x52,0x4C,0xFF,0x57,0x53,
    0x4D,0xFF,0x59,0x55,0x4F,0xFF,0x5A,0x56,0x50,0xFF,0x5C,0x58,
    0x52,0xFF,0x5C,0x58,0x52,0xFF,0x5D,0x59,0x53,0xFF,0x5E,0x5A,
    0x54,0xFF,0x5E,0x5A,0x55,0xFF,0x5F,0x5B,0x55,0xFF,0x5F,0x5B,
    0x55,0xFF,0x60,0x5C,0x56,0xFF,0x60,0x5C,0x56,0xFF,0x60,0x5C,
    0x56,0xFF,0x5F,0x5B,0x56,0xFF,0x5F,0x5B,0x56,0xFF,0x5D,0x59,
    0x54,0xFF,0x5B,0x57,0x52,0xFF,0x58,0x54,0x4F,0xFF,0x54,0x51,
    0x4C,0xFF,0x4F,0x4C,0x47,0xFF,0x4B,0x48,0x43,0xFF,0x46,0x43,
    0x3E,0xFC,0x4C,0x49,0x44,0x36,0x00,0x00,0x00,0x00,0x00,0x00,
    0x00,0x00,0x00,0x00,0x00,0x00,0x00,0x00,0x00,0x00,0x00,0x00,
    0x00,0x00,0x00,0x00,0x00,0x00,0x00,0x00,0x00,0x00,0x00,0x00,
    0x00,0x00,0x00,0x00,0x00,0x00,0x00,0x00,0x00,0x00,0x00,0x00,
    0x00,0x00,0x00,0x00,0x00,0x00,0x00,0x00,0x00,0x00,0x00,0x00,
    0x00,0x00,0x00,0x00,0x00,0x00,0x00,0x00,0x00,0x00,0x00,0x00,
    0x00,0x00,0x00,0x00,0x00,0x00,0x00,0x00,0x00,0x00,0x00,0x00,
    0x00,0x00,0x00,0x00,0x00,0x00,0x00,0x00,0x00,0x00,0x00,0x00,
    0x00,0x00,0x00,0x00,0x00,0x00,0x00,0x00,0x00,0x00,0x00,0x00,
    0x00,0x00,0x00,0x00,0x00,0x00,0x00,0x00,0x00,0x00,0x00,0x00,
    0x00,0x00,0x00,0x00,0x00,0x00,0x00,0x00,0x00,0x00,0x00,0x00,
    0x00,0x00,0x00,0x00,0x00,0x00,0x00,0x00,0x00,0x00,0x00,0x00,
    0x00,0x00,0x00,0x00,0x00,0x00,0x00,0x00,0x00,0x00,0x50,0x4D,
    0x47,0x01,0x52,0x4E,0x49,0x8F,0x50,0x4C,0x47,0xFF,0x53,0x4F,
    0x4A,0xFF,0x56,0x52,0x4C,0xFF,0x57,0x53,0x4D,0xFF,0x58,0x54,
    0x4E,0xFF,0x59,0x55,0x4F,0xFF,0x5B,0x57,0x51,0xFF,0x5B,0x57,
    0x51,0xFF,0x5D,0x59,0x53,0xFF,0x5D,0x59,0x53,0xFF,0x5D,0x59,
    0x53,0xFF,0x5E,0x5A,0x54,0xFF,0x5C,0x58,0x52,0xFF,0x5D,0x59,
    0x53,0xFF,0x5C,0x58,0x52,0xFF,0x5A,0x56,0x51,0xFF,0x58,0x55,
    0x50,0xFF,0x56,0x53,0x4E,0xFF,0x53,0x4F,0x4B,0xFF,0x4F,0x4C,
    0x48,0xFF,0x49,0x47,0x42,0xFF,0x46,0x43,0x3F,0xFF,0x41,0x3F,
    0x3B,0xEC,0x44,0x41,0x3D,0x54,0x00,0x00,0x00,0x00,0x00,0x00,
    0x00,0x00,0x00,0x00,0x00,0x00,0x00,0x00,0x00,0x00,0x00,0x00,
    0x00,0x00,0x00,0x00,0x00,0x00,0x00,0x00,0x00,0x00,0x00,0x00,
    0x00,0x00,0x00,0x00,0x00,0x00,0x00,0x00,0x00,0x00,0x00,0x00,
    0x00,0x00,0x00,0x00,0x00,0x00,0x00,0x00,0x00,0x00,0x00,0x00,
    0x00,0x00,0x00,0x00,0x00,0x00,0x00,0x00,0x00,0x00,0x00,0x00,
    0x00,0x00,0x00,0x00,0x00,0x00,0x00,0x00,0x00,0x00,0x00,0x00,
    0x00,0x00,0x00,0x00,0x00,0x00,0x00,0x00,0x00,0x00,0x00,0x00,
    0x00,0x00,0x00,0x00,0x00,0x00,0x00,0x00,0x00,0x00,0x00,0x00,
    0x00,0x00,0x00,0x00,0x00,0x00,0x00,0x00,0x00,0x00,0x00,0x00,
    0x00,0x00,0x00,0x00,0x00,0x00,0x00,0x00,0x00,0x00,0x00,0x00,
    0x00,0x00,0x00,0x00,0x00,0x00,0x00,0x00,0x00,0x00,0x00,0x00,
    0x00,0x00,0x00,0x00,0x00,0x00,0x00,0x00,0x00,0x00,0x00,0x00,
    0x00,0x00,0x00,0x00,0x00,0x00,0x00,0x00,0x00,0x00,0x4F,0x4C,
    0x46,0x7F,0x4F,0x4C,0x47,0xFE,0x53,0x4F,0x4A,0xFF,0x54,0x50,
    0x4B,0xFF,0x57,0x53,0x4D,0xFF,0x57,0x53,0x4D,0xFF,0x58,0x54,
    0x4F,0xFF,0x58,0x54,0x4E,0xFF,0x58,0x55,0x4F,0xFF,0x59,0x55,
    0x50,0xFF,0x58,0x54,0x4F,0xFF,0x56,0x52,0x4C,0xFF,0x56,0x52,
    0x4D,0xFF,0x54,0x51,0x4C,0xFF,0x52,0x4E,0x4A,0xFF,0x51,0x4D,
    0x49,0xFF,0x4E,0x4B,0x46,0xFF,0x4C,0x49,0x44,0xFF,0x49,0x46,
    0x42,0xFF,0x44,0x41,0x3D,0xFF,0x43,0x41,0x3C,0xE4,0x42,0x3F,
    0x3B,0x7E,0x44,0x42,0x3E,0x11,0x00,0x00,0x00,0x00,0x00,0x00,
    0x00,0x00,0x00,0x00,0x00,0x00,0x00,0x00,0x00,0x00,0x00,0x00,
    0x00,0x00,0x00,0x00,0x00,0x00,0x00,0x00,0x00,0x00,0x00,0x00,
    0x00,0x00,0x00,0x00,0x00,0x00,0x00,0x00,0x00,0x00,0x00,0x00,
    0x00,0x00,0x00,0x00,0x00,0x00,0x00,0x00,0x00,0x00,0x00,0x00,
    0x00,0x00,0x00,0x00,0x00,0x00,0x00,0x00,0x00,0x00,0x00,0x00,
    0x00,0x00,0x00,0x00,0x00,0x00,0x00,0x00,0x00,0x00,0x00,0x00,
    0x00,0x00,0x00,0x00,0x00,0x00,0x00,0x00,0x00,0x00,0x00,0x00,
    0x00,0x00,0x00,0x00,0x00,0x00,0x00,0x00,0x00,0x00,0x00,0x00,
    0x00,0x00,0x00,0x00,0x00,0x00,0x00,0x00,0x00,0x00,0x00,0x00,
    0x00,0x00,0x00,0x00,0x00,0x00,0x00,0x00,0x00,0x00,0x00,0x00,
    0x00,0x00,0x00,0x00,0x00,0x00,0x00,0x00,0x00,0x00,0x00,0x00,
    0x00,0x00,0x00,0x00,0x00,0x00,0x00,0x00,0x00,0x00,0x00,0x00,
    0x00,0x00,0x00,0x00,0x00,0x00,0x00,0x00,0x00,0x00,0x00,0x00,
    0x00,0x00,0x00,0x00,0x00,0x00,0x51,0x4D,0x48,0x6D,0x4F,0x4C,
    0x46,0xFD,0x52,0x4E,0x49,0xFF,0x52,0x4F,0x49,0xFF,0x53,0x4F,
    0x49,0xFF,0x52,0x4E,0x49,0xFF,0x51,0x4E,0x49,0xFF,0x51,0x4D,
    0x48,0xFF,0x50,0x4D,0x48,0xFF,0x50,0x4D,0x48,0xFF,0x4E,0x4B,
    0x46,0xFF,0x4C,0x49,0x44,0xFF,0x4A,0x47,0x42,0xFF,0x48,0x45,
    0x41,0xFF,0x45,0x42,0x3E,0xFF,0x43,0x41,0x3D,0xFF,0x42,0x40,
    0x3C,0xF5,0x42,0x40,0x3C,0xA6,0x44,0x42,0x3E,0x4C,0x45,0x42,
    0x3E,0x03,0x00,0x00,0x00,0x00,0x00,0x00,0x00,0x00,0x00,0x00,
    0x00,0x00,0x00,0x00,0x00,0x00,0x00,0x00,0x00,0x00,0x00,0x00,
    0x00,0x00,0x00,0x00,0x00,0x00,0x00,0x00,0x00,0x00,0x00,0x00,
    0x00,0x00,0x00,0x00,0x00,0x00,0x00,0x00,0x00,0x00,0x00,0x00,
    0x00,0x00,0x00,0x00,0x00,0x00,0x00,0x00,0x00,0x00,0x00,0x00,
    0x00,0x00,0x00,0x00,0x00,0x00,0x00,0x00,0x00,0x00,0x00,0x00,
    0x00,0x00,0x00,0x00,0x00,0x00,0x00,0x00,0x00,0x00,0x00,0x00,
    0x00,0x00,0x00,0x00,0x00,0x00,0x00,0x00,0x00,0x00,0x00,0x00,
    0x00,0x00,0x00,0x00,0x00,0x00,0x00,0x00,0x00,0x00,0x00,0x00,
    0x00,0x00,0x00,0x00,0x00,0x00,0x00,0x00,0x00,0x00,0x00,0x00,
    0x00,0x00,0x00,0x00,0x00,0x00,0x00,0x00,0x00,0x00,0x00,0x00,
    0x00,0x00,0x00,0x00,0x00,0x00,0x00,0x00,0x00,0x00,0x00,0x00,
    0x00,0x00,0x00,0x00,0x00,0x00,0x00,0x00,0x00,0x00,0x00,0x00,
    0x00,0x00,0x00,0x00,0x00,0x00,0x00,0x00,0x00,0x00,0x00,0x00,
    0x00,0x00,0x00,0x00,0x00,0x00,0x00,0x00,0x00,0x00,0x00,0x00,
    0x00,0x00,0x52,0x4F,0x4A,0x5B,0x4D,0x4A,0x45,0xFA,0x4D,0x4A,
    0x45,0xFF,0x4C,0x49,0x44,0xFF,0x4B,0x48,0x43,0xFF,0x4A,0x47,
    0x42,0xFF,0x49,0x46,0x41,0xFF,0x48,0x46,0x41,0xFF,0x46,0x43,
    0x3E,0xFF,0x44,0x41,0x3D,0xFF,0x42,0x3F,0x3B,0xFF,0x41,0x3E,
    0x3A,0xFF,0x3D,0x3B,0x37,0xF8,0x3F,0x3D,0x38,0xB4,0x41,0x3F,
    0x3A,0x5D,0x44,0x41,0x3D,0x0D,0x00,0x00,0x00,0x00,0x00,0x00,
    0x00,0x00,0x00,0x00,0x00,0x00,0x00,0x00,0x00,0x00,0x00,0x00,
    0x00,0x00,0x00,0x00,0x00,0x00,0x00,0x00,0x00,0x00,0x00,0x00,
    0x00,0x00,0x00,0x00,0x00,0x00,0x00,0x00,0x00,0x00,0x00,0x00,
    0x00,0x00,0x00,0x00,0x00,0x00,0x00,0x00,0x00,0x00,0x00,0x00,
    0x00,0x00,0x00,0x00,0x00,0x00,0x00,0x00,0x00,0x00,0x00,0x00,
    0x00,0x00,0x00,0x00,0x00,0x00,0x00,0x00,0x00,0x00,0x00,0x00,
    0x00,0x00,0x00,0x00,0x00,0x00,0x00,0x00,0x00,0x00,0x00,0x00,
    0x00,0x00,0x00,0x00,0x00,0x00,0x00,0x00,0x00,0x00,0x00,0x00,
    0x00,0x00,0x00,0x00,0x00,0x00,0x00,0x00,0x00,0x00,0x00,0x00,
    0x00,0x00,0x00,0x00,0x00,0x00,0x00,0x00,0x00,0x00,0x00,0x00,
    0x00,0x00,0x00,0x00,0x00,0x00,0x00,0x00,0x00,0x00,0x00,0x00,
    0x00,0x00,0x00,0x00,0x00,0x00,0x00,0x00,0x00,0x00,0x00,0x00,
    0x00,0x00,0x00,0x00,0x00,0x00,0x00,0x00,0x00,0x00,0x00,0x00,
    0x00,0x00,0x00,0x00,0x00,0x00,0x00,0x00,0x00,0x00,0x00,0x00,
    0x00,0x00,0x00,0x00,0x00,0x00,0x00,0x00,0x00,0x00,0x00,0x00,
    0x00,0x00,0x00,0x00,0x00,0x00,0x00,0x00,0x00,0x00,0x4C,0x49,
    0x44,0x45,0x47,0x44,0x3F,0xEE,0x43,0x40,0x3B,0xFF,0x42,0x3F,
    0x3B,0xFF,0x41,0x3E,0x39,0xFF,0x3F,0x3C,0x38,0xFF,0x3E,0x3B,
    0x36,0xFF,0x3C,0x3A,0x35,0xFF,0x3B,0x39,0x34,0xF5,0x3E,0x3C,
    0x37,0xAE,0x3E,0x3C,0x38,0x5C,0x40,0x3E,0x3A,0x0F,0x00,0x00,
    0x00,0x00,0x00,0x00,0x00,0x00,0x00,0x00,0x00,0x00,0x00,0x00,
    0x00,0x00,0x00,0x00,0x00,0x00,0x00,0x00,0x00,0x00,0x00,0x00,
    0x00,0x00,0x00,0x00,0x00,0x00,0x00,0x00,0x00,0x00,0x00,0x00,
    0x00,0x00,0x00,0x00,0x00,0x00,0x00,0x00,0x00,0x00,0x00,0x00,
    0x00,0x00,0x00,0x00,0x00,0x00,0x00,0x00,0x00,0x00,0x00,0x00,
    0x00,0x00,0x00,0x00,0x00,0x00,0x00,0x00,0x00,0x00,0x00,0x00,
    0x00,0x00,0x00,0x00,0x00,0x00,0x00,0x00,0x00,0x00,0x00,0x00,
    0x00,0x00,0x00,0x00,0x00,0x00,0x00,0x00,0x00,0x00,0x00,0x00,
    0x00,0x00,0x00,0x00,0x00,0x00,0x00,0x00,0x00,0x00,0x00,0x00,
    0x00,0x00,0x00,0x00,0x00,0x00,0x00,0x00,0x00,0x00,0x00,0x00,
    0x00,0x00,0x00,0x00,0x00,0x00,0x00,0x00,0x00,0x00,0x00,0x00,
    0x00,0x00,0x00,0x00,0x00,0x00,0x00,0x00,0x00,0x00,0x00,0x00,
    0x00,0x00,0x00,0x00,0x00,0x00,0x00,0x00,0x00,0x00,0x00,0x00,
    0x00,0x00,0x00,0x00,0x00,0x00,0x00,0x00,0x00,0x00,0x00,0x00,
    0x00,0x00,0x00,0x00,0x00,0x00,0x00,0x00,0x00,0x00,0x00,0x00,
    0x00,0x00,0x00,0x00,0x00,0x00,0x00,0x00,0x00,0x00,0x00,0x00,
    0x00,0x00,0x00,0x00,0x00,0x00,0x00,0x00,0x00,0x00,0x00,0x00,
    0x00,0x00,0x00,0x00,0x00,0x00,0x46,0x43,0x3F,0x24,0x3F,0x3D,
    0x38,0xC1,0x3A,0x37,0x33,0xFF,0x39,0x37,0x33,0xFF,0x3B,0x39,
    0x35,0xDE,0x3C,0x39,0x35,0x98,0x3C,0x3A,0x36,0x4C,0x3F,0x3C,
    0x38,0x08,0x00,0x00,0x00,0x00,0x00,0x00,0x00,0x00,0x00,0x00,
    0x00,0x00,0x00,0x00,0x00,0x00,0x00,0x00,0x00,0x00,0x00,0x00,
    0x00,0x00,0x00,0x00,0x00,0x00,0x00,0x00,0x00,0x00,0x00,0x00,
    0x00,0x00,0x00,0x00,0x00,0x00,0x00,0x00,0x00,0x00,0x00,0x00,
    0x00,0x00,0x00,0x00,0x00,0x00,0x00,0x00,0x00,0x00,0x00,0x00,
    0x00,0x00,0x00,0x00,0x00,0x00,0x00,0x00,0x00,0x00,0x00,0x00,
    0x00,0x00,0x00,0x00,0x00,0x00,0x00,0x00,0x00,0x00,0x00,0x00,
    0x00,0x00,0x00,0x00,0x00,0x00,0x00,0x00,0x00,0x00,0x00,0x00,
    0x00,0x00,0x00,0x00,0x00,0x00,0x00,0x00,0x00,0x00,0x00,0x00,
    0x00,0x00,0x00,0x00,0x00,0x00,0x00,0x00,0x00,0x00,0x00,0x00,
    0x00,0x00,0x00,0x00,0x00,0x00,0x00,0x00,0x00,0x00,0x00,0x00,
    0x00,0x00,0x00,0x00,0x00,0x00,0x00,0x00,0x00,0x00,0x00,0x00,
    0x00,0x00,0x00,0x00,0x00,0x00,0x00,0x00,0x00,0x00,0x00,0x00,
    0x00,0x00,0x00,0x00,0x00,0x00,0x00,0x00,0x00,0x00,0x00,0x00,
    0x00,0x00,0x00,0x00,0x00,0x00,0x00,0x00,0x00,0x00,0x00,0x00,
    0x00,0x00,0x00,0x00,0x00,0x00,0x00,0x00,0x00,0x00,0x00,0x00,
    0x00,0x00,0x00,0x00,0x00,0x00,0x00,0x00,0x00,0x00,0x00,0x00,
    0x00,0x00,0x00,0x00,0x00,0x00,0x00,0x00,0x00,0x00,0x00,0x00,
    0x00,0x00,0x00,0x00,0x00,0x00,0x00,0x00,0x00,0x00,0x00,0x00,
    0x00,0x00,0x00,0x00,0x00,0x00,0x3D,0x3A,0x36,0x27,0x3D,0x3A,
    0x36,0x21,0x00,0x00,0x00,0x00,0x00,0x00,0x00,0x00,0x00,0x00,
    0x00,0x00,0x00,0x00,0x00,0x00,0x00,0x00,0x00,0x00,0x00,0x00,
    0x00,0x00,0x00,0x00,0x00,0x00,0x00,0x00,0x00,0x00,0x00,0x00,
    0x00,0x00,0x00,0x00,0x00,0x00,0x00,0x00,0x00,0x00,0x00,0x00,
    0x00,0x00,0x00,0x00,0x00,0x00,0x00,0x00,0x00,0x00,0x00,0x00,
    0x00,0x00,0x00,0x00,0x00,0x00,0x00,0x00,0x00,0x00,0x00,0x00,
    0x00,0x00,0x00,0x00,0x00,0x00,0x00,0x00,0x00,0x00,0x00,0x00,
    0x00,0x00,0x00,0x00,0x00,0x00,0x00,0x00,0x00,0x00,0x00,0x00,
    0x00,0x00,0x00,0x00,0x00,0x00,0x00,0x00,0x00,0x00,0x00,0x00,
    0x00,0x00,0x00,0x00,0x00,0x00,0x00,0x00,0x00,0x00,0x00,0x00,
    0x00,0x00,0x00,0x00,0x00,0x00,0x00,0x00,0x00,0x00,0x00,0x00,
    0x00,0x00,0x00,0x00,0x00,0x00,0x00,0x00,0x00,0x00,0x00,0x00,
    0x00,0x00,0x00,0x00,0x00,0x00,0x00,0x00,0x00,0x00,0x00,0x00,
    0x00,0x00,0x00,0x00,0x00,0x00,0x00,0x00,0x00,0x00,0x00,0x00,
    0x00,0x00,0x00,0x00,0x00,0x00,0x00,0x00,0x00,0x00,0x00,0x00,
    0x00,0x00,0x00,0x00,0x00,0x00,0x00,0x00,0x00,0x00,0x00,0x00,
    0x00,0x00,0x00,0x00,0x00,0x00,0x00,0x00,0x00,0x00,0x00,0x00,
    0x00,0x00,0x00,0x00,0x00,0x00,0x00,0x00,0x00,0x00,0x00,0x00,
    0x00,0x00,0x00,0x00,0x00,0x00,0x00,0x00,0x00,0x00,0x00,0x00,
    0x00,0x00,0x00,0x00,0x00,0x00,0x00,0x00,0x00,0x00,0x00,0x00,
    0x00,0x00,0x00,0x00,0x00,0x00,0x00,0x00,0x00,0x00,0x00,0x00,
    0x00,0x00,0x00,0x00,0x00,0x00,0x00,0x00,0x00,0x00,0x00,0x00,
    0x00,0x00,0x00,0x00,0x00,0x00,0x00,0x00,0x00,0x00,0x00,0x00,
    0x00,0x00,0x00,0x00,0x00,0x00,0x00,0x00,0x00,0x00,0x00,0x00,
    0x00,0x00,0x00,0x00,0x00,0x00,0x00,0x00,0x00,0x00,0x00,0x00,
    0x00,0x00,0x00,0x00,0x00,0x00,0x00,0x00,0x00,0x00,0x00,0x00,
    0x00,0x00,0x00,0x00,0x00,0x00,0x00,0x00,0x00,0x00,0x00,0x00,
    0x00,0x00,0x00,0x00,0x00,0x00,0x00,0x00,0x00,0x00,0x00,0x00,
    0x00,0x00,0x00,0x00,0x00,0x00,0x00,0x00,0x00,0x00,0x00,0x00,
    0x00,0x00,0x00,0x00,0x00,0x00,0x00,0x00,0x00,0x00,0x00,0x00,
    0x00,0x00,0x00,0x00,0x00,0x00,0x00,0x00,0x00,0x00,0x00,0x00,
    0x00,0x00,0x00,0x00,0x00,0x00,0x00,0x00,0x00,0x00,0x00,0x00,
    0x00,0x00,0x00,0x00,0x00,0x00,0x00,0x00,0x00,0x00,0x00,0x00,
    0x00,0x00,0x00,0x00,0x00,0x00,0x00,0x00,0x00,0x00,0x00,0x00,
    0x00,0x00,0x00,0x00,0x00,0x00,0x00,0x00,0x00,0x00,0x00,0x00,
    0x00,0x00,0x00,0x00,0x00,0x00,0x00,0x00,0x00,0x00,0x00,0x00,
    0x00,0x00,0x00,0x00,0x00,0x00,0x00,0x00,0x00,0x00,0x00,0x00,
    0x00,0x00,0x00,0x00,0x00,0x00,0x00,0x00,0x00,0x00,0x00,0x00,
    0x00,0x00,0x00,0x00,0x00,0x00,0x00,0x00,0x00,0x00,0x00,0x00,
    0x00,0x00,0x00,0x00,0x00,0x00,0x00,0x00,0x00,0x00,0x00,0x00,
    0x00,0x00,0x00,0x00,0x00,0x00,0x00,0x00,0x00,0x00,0x00,0x00,
    0x00,0x00,0x00,0x00,0x00,0x00,0x00,0x00,0x00,0x00,0x00,0x00,
    0x00,0x00,0x00,0x00,0x00,0x00,0x00,0x00,0x00,0x00,0x00,0x00,
    0x00,0x00,0x00,0x00,0x00,0x00,0x00,0x00,0x00,0x00,0x00,0x00,
    0x00,0x00,0x00,0x00,0x00,0x00,0x00,0x00,0x00,0x00,0x00,0x00,
    0x00,0x00,0x00,0x00,0x00,0x00,0x00,0x00,0x00,0x00,0x00,0x00,
    0x00,0x00,0x00,0x00,0x00,0x00,0x00,0x00,0x00,0x00,0x00,0x00,
    0x00,0x00,0x00,0x00,0x00,0x00,0x00,0x00,0x00,0x00,0x00,0x00,
    0x00,0x00,0x00,0x00,0x00,0x00,0x00,0x00,0x00,0x00,0x00,0x00,
    0x00,0x00,0x00,0x00,0x00,0x00,0x00,0x00,0x00,0x00,0x00,0x00,
    0x00,0x00,0x00,0x00,0x00,0x00,0x00,0x00,0x00,0x00,0x00,0x00,
    0x00,0x00,0x00,0x00,0x00,0x00,0x00,0x00,0x00,0x00,0x00,0x00,
    0x00,0x00,0x00,0x00,0x00,0x00,0x00,0x00,0x00,0x00,0x00,0x00,
    0x00,0x00,0x00,0x00,0x00,0x00,0x00,0x00,0x00,0x00,0x00,0x00,
    0x00,0x00,0x00,0x00,0x00,0x00,0x00,0x00,0x00,0x00,0x00,0x00,
    0x00,0x00,0x00,0x00,0x00,0x00,0x00,0x00,0x00,0x00,0x00,0x00,
    0x00,0x00,0x00,0x00,0x00,0x00,0x00,0x00,0x00,0x00,0x00,0x00,
    0x00,0x00,0x00,0x00,0x00,0x00,0x00,0x00,0x00,0x00,0x00,0x00,
    0x00,0x00,0x00,0x00,0x00,0x00,0x00,0x00,0x00,0x00,0x00,0x00,
    0x00,0x00,0x00,0x00,0x00,0x00,0x00,0x00,0x00,0x00,0x00,0x00,
    0x00,0x00,0x00,0x00,0x00,0x00,0x00,0x00,0x00,0x00,0x00,0x00,
    0x00,0x00,0x00,0x00,0x00,0x00,0x00,0x00,0x00,0x00,0x00,0x00,
    0x00,0x00,0x00,0x00,0x00,0x00,0x00,0x00,0x00,0x00,0x00,0x00,
    0x00,0x00,0x00,0x00,0x00,0x00,0x00,0x00,0x00,0x00,0x00,0x00,
    0x00,0x00,0x00,0x00,0x00,0x00,0x00,0x00,0x00,0x00,0x00,0x00,
    0x00,0x00,0x00,0x00,0x00,0x00,0x00,0x00,0x00,0x00,0x00,0x00,
    0x00,0x00,0x00,0x00,0x00,0x00,0x00,0x00,0x00,0x00,0x00,0x00,
    0x00,0x00,0x00,0x00,0x00,0x00,0x00,0x00,0x00,0x00,0x00,0x00,
    0x00,0x00,0x00,0x00,0x00,0x00,0x00,0x00,0x00,0x00,0x00,0x00,
    0x00,0x00,0x00,0x00,0x00,0x00,0x00,0x00,0x00,0x00,0x00,0x00,
    0x00,0x00,0x00,0x00,0x00,0x00,0x00,0x00,0x00,0x00,0x00,0x00,
    0x00,0x00,0x00,0x00,0x00,0x00,0x00,0x00,0x00,0x00,0x00,0x00,
    0x00,0x00,0x00,0x00,0x00,0x00,0x00,0x00,0x00,0x00,0x00,0x00,
    0x00,0x00,0x00,0x00,0x00,0x00,0x00,0x00,0x00,0x00,0x00,0x00,
    0x00,0x00,0x00,0x00,0x00,0x00,0x00,0x00,0x00,0x00,0x00,0x00,
    0x00,0x00,0x00,0x00,0x00,0x00,0x00,0x00,0x00,0x00,0x00,0x00,
    0x00,0x00,0x00,0x00,0x00,0x00,0x00,0x00,0x00,0x00,0x00,0x00,
    0x00,0x00,0x00,0x00,0x00,0x00,0x00,0x00,0x00,0x00,0x00,0x00,
    0x00,0x00,0x00,0x00,0x00,0x00,0x00,0x00,0x00,0x00,0x00,0x00,
    0x00,0x00,0x00,0x00,0x00,0x00,0x00,0x00,0x00,0x00,0x00,0x00,
    0x00,0x00,0x00,0x00,0x00,0x00,0x00,0x00,0x00,0x00,0x00,0x00,
    0x00,0x00,0x00,0x00,0x00,0x00,0x00,0x00,0x00,0x00,0x00,0x00,
    0x00,0x00,0x00,0x00,0x00,0x00,0x00,0x00,0x00,0x00,0x00,0x00,
    0x00,0x00,0x00,0x00,0x00,0x00,0x00,0x00,0x00,0x00,0x00,0x00,
    0x00,0x00,0x00,0x00,0x00,0x00,0x00,0x00,0x00,0x00,0x00,0x00,
    0x00,0x00,0x00,0x00,0x00,0x00,0x00,0x00,0x00,0x00,0x00,0x00,
    0x00,0x00,0x00,0x00,0x00,0x00,0x00,0x00,0x00,0x00,0x00,0x00,
    0x00,0x00,0x00,0x00,0x00,0x00,0x00,0x00,0x00,0x00,0x00,0x00,
    0x00,0x00,0x00,0x00,0x00,0x00,0x00,0x00,0x00,0x00,0x00,0x00,
    0x00,0x00,0x00,0x00,0x00,0x00,0x00,0x00,0x00,0x00,0x00,0x00,
    0x00,0x00,0x00,0x00,0x00,0x00,0x00,0x00,0x00,0x00,0x00,0x00,
    0x00,0x00,0x00,0x00,0x00,0x00,0x00,0x00,0x00,0x00,0xFF,0xFF,
    0xFF,0xFF,0xFF,0xFF,0xFF,0xFF,0xFF,0xFF,0xFF,0xFF,0xFF,0xFF,
    0xFF,0xFF,0xFF,0xFF,0xFF,0xFF,0xFF,0xFF,0xFF,0xFF,0xFF,0xFC,
    0xFF,0xFF,0xFF,0xFF,0xFF,0xFF,0xFF,0xE0,0x7F,0xFF,0xFF,0xFF,
    0xFF,0xFF,0xFF,0x80,0x3F,0xFF,0xFF,0xFF,0xFF,0xFF,0xFE,0x00,
    0x1F,0xFF,0xFF,0xFF,0xFF,0xFF,0xF8,0x00,0x0F,0xFF,0xFF,0xFF,
    0xFF,0xFF,0xE0,0x00,0x07,0xFF,0xFF,0xFF,0xFF,0xFF,0xC0,0x00,
    0x03,0xFF,0xFF,0xFF,0xFF,0xFF,0xC0,0x00,0x01,0xFF,0xFF,0xFF,
    0xFF,0xFF,0xC0,0x00,0x00,0xFF,0xFF,0xFF,0xFF,0xFF,0xC0,0x00,
    0x00,0xE0,0xFF,0xFF,0xFF,0xFF,0xC0,0x00,0x00,0x00,0x7F,0xFF,
    0xFF,0xFF,0xC0,0x00,0x00,0x00,0x3F,0xFF,0xFF,0xFF,0xE0,0x00,
    0x00,0x00,0x1F,0xFF,0xFF,0xFF,0xF0,0x00,0x00,0x00,0x0F,0xFF,
    0xFF,0xFF,0xF8,0x00,0x00,0x00,0x07,0xFF,0xFF,0xFF,0xFC,0x00,
    0x00,0x00,0x03,0xFF,0xFF,0xFF,0xFE,0x00,0x00,0x00,0x03,0xFF,
    0xFF,0xFF,0xFF,0x00,0x00,0x00,0x01,0xFF,0xFF,0xFF,0xFF,0x80,
    0x00,0x00,0x00,0xFF,0xFF,0xFF,0xFF,0x00,0x00,0x00,0x00,0x7F,
    0xFF,0xFF,0xFF,0x00,0x00,0x00,0x00,0x3F,0xFF,0xFF,0xFF,0x00,
    0x00,0x00,0x00,0x1F,0xFF,0xFF,0xFE,0x00,0x00,0x00,0x00,0x0F,
    0xFF,0xFF,0xFE,0x00,0x00,0x00,0x00,0x07,0xFF,0xFF,0xFF,0x00,
    0x00,0x00,0x00,0x03,0xFF,0xFF,0xFF,0x80,0x00,0x00,0x00,0x01,
    0xFF,0xFF,0xFF,0xC0,0x00,0x00,0x00,0x01,0xFF,0xFF,0xFF,0xE0,
    0x00,0x00,0x00,0x00,0xFF,0xFF,0xFF,0xF0,0x00,0x00,0x00,0x00,
    0x7F,0xFF,0xFF,0xF8,0x00,0x00,0x00,0x00,0x3F,0xFF,0xFF,0xFC,
    0x00,0x00,0x00,0x00,0x1F,0xFF,0xFF,0xFE,0x00,0x00,0x00,0x00,
    0x0F,0xFF,0xFF,0xFF,0x00,0x00,0x00,0x00,0x07,0xFF,0xFF,0xFF,
    0x80,0x00,0x00,0x00,0x03,0xFF,0xFF,0xFF,0xC0,0x00,0x00,0x00,
    0x03,0xFF,0xFF,0xFF,0xE0,0x00,0x00,0x00,0x01,0xFF,0xFF,0xFF,
    0xF0,0x00,0x00,0x00,0x00,0xFF,0xFF,0xFF,0xFC,0x00,0x00,0x00,
    0x00,0x7F,0xFF,0xFF,0xFE,0x00,0x00,0x00,0x00,0x3F,0xFF,0xFF,
    0xFF,0x00,0x00,0x00,0x00,0x1F,0xFF,0xFF,0xFF,0x80,0x00,0x00,
    0x00,0x0F,0xFF,0xFF,0xFF,0xC0,0x00,0x00,0x00,0x07,0xFF,0xFF,
    0xFF,0xE0,0x00,0x00,0x00,0x07,0xFF,0xFF,0xFF,0xF0,0x00,0x00,
    0x00,0x03,0xFF,0xFF,0xFF,0xF8,0x00,0x00,0x00,0x03,0xFF,0xFF,
    0xFF,0xFC,0x00,0x00,0x00,0x03,0xFF,0xFF,0xFF,0xFE,0x00,0x00,
    0x00,0x03,0xFF,0xFF,0xFF,0xFF,0x00,0x00,0x00,0x03,0xFF,0xFF,
    0xFF,0xFF,0x80,0x00,0x00,0x03,0xFF,0xFF,0xFF,0xFF,0xC0,0x00,
    0x00,0x03,0xFF,0xFF,0xFF,0xFF,0xE0,0x00,0x00,0x07,0xFF,0xFF,
    0xFF,0xFF,0xF8,0x00,0x00,0x0F,0xFF,0xFF,0xFF,0xFF,0xFC,0x00,
    0x00,0x3F,0xFF,0xFF,0xFF,0xFF,0xFE,0x00,0x01,0xFF,0xFF,0xFF,
    0xFF,0xFF,0xFF,0x00,0x0F,0xFF,0xFF,0xFF,0xFF,0xFF,0xFF,0x80,
    0x7F,0xFF,0xFF,0xFF,0xFF,0xFF,0xFF,0xE7,0xFF,0xFF,0xFF,0xFF,
    0xFF,0xFF,0xFF,0xFF,0xFF,0xFF,0xFF,0xFF,0xFF,0xFF,0xFF,0xFF,
    0xFF,0xFF,0xFF,0xFF,0xFF,0xFF,0xFF,0xFF,0xFF,0xFF,0xFF,0xFF,
    0xFF,0xFF,0xFF,0xFF,0xFF,0xFF,0x28,0x00,0x00,0x00,0x30,0x00,
    0x00,0x00,0x60,0x00,0x00,0x00,0x01,0x00,0x20,0x00,0x00,0x00,
    0x00,0x00,0x80,0x25,0x00,0x00,0x00,0x00,0x00,0x00,0x00,0x00,
    0x00,0x00,0x00,0x00,0x00,0x00,0x00,0x00,0x00,0x00,0x00,0x00,
    0x00,0x00,0x00,0x00,0x00,0x00,0x00,0x00,0x00,0x00,0x00,0x00,
    0x00,0x00,0x00,0x00,0x00,0x00,0x00,0x00,0x00,0x00,0x00,0x00,
    0x00,0x00,0x00,0x00,0x00,0x00,0x00,0x00,0x00,0x00,0x00,0x00,
    0x00,0x00,0x00,0x00,0x00,0x00,0x00,0x00,0x00,0x00,0x00,0x00,
    0x00,0x00,0x00,0x00,0x00,0x00,0x00,0x00,0x00,0x00,0x00,0x00,
    0x00,0x00,0x00,0x00,0x00,0x00,0x00,0x00,0x00,0x00,0x00,0x00,
    0x00,0x00,0x00,0x00,0x00,0x00,0x00,0x00,0x00,0x00,0x00,0x00,
    0x00,0x00,0x00,0x00,0x00,0x00,0x00,0x00,0x00,0x00,0x00,0x00,
    0x00,0x00,0x00,0x00,0x00,0x00,0x00,0x00,0x00,0x00,0x00,0x00,
    0x00,0x00,0x00,0x00,0x00,0x00,0x00,0x00,0x00,0x00,0x00,0x00,
    0x00,0x00,0x00,0x00,0x00,0x00,0x00,0x00,0x00,0x00,0x00,0x00,
    0x00,0x00,0x00,0x00,0x00,0x00,0x00,0x00,0x00,0x00,0x00,0x00,
    0x00,0x00,0x00,0x00,0x00,0x00,0x00,0x00,0x00,0x00,0x00,0x00,
    0x00,0x00,0x00,0x00,0x00,0x00,0x00,0x00,0x00,0x00,0x00,0x00,
    0x00,0x00,0x00,0x00,0x00,0x00,0x00,0x00,0x00,0x00,0x00,0x00,
    0x00,0x00,0x00,0x00,0x00,0x00,0x00,0x00,0x00,0x00,0x00,0x00,
    0x00,0x00,0x00,0x00,0x00,0x00,0x00,0x00,0x00,0x00,0x00,0x00,
    0x00,0x00,0x00,0x00,0x00,0x00,0x00,0x00,0x00,0x00,0x00,0x00,
    0x00,0x00,0x00,0x00,0x00,0x00,0x00,0x00,0x00,0x00,0x00,0x00,
    0x00,0x00,0x00,0x00,0x00,0x00,0x00,0x00,0x00,0x00,0x00,0x00,
    0x00,0x00,0x00,0x00,0x00,0x00,0x00,0x00,0x00,0x00,0x00,0x00,
    0x00,0x00,0x00,0x00,0x00,0x00,0x00,0x00,0x00,0x00,0x00,0x00,
    0x00,0x00,0x00,0x00,0x00,0x00,0x00,0x00,0x00,0x00,0x00,0x00,
    0x00,0x00,0x00,0x00,0x00,0x00,0x00,0x00,0x00,0x00,0x00,0x00,
    0x00,0x00,0x00,0x00,0x00,0x00,0x00,0x00,0x00,0x00,0x00,0x00,
    0x00,0x00,0x00,0x00,0x00,0x00,0x00,0x00,0x00,0x00,0x00,0x00,
    0x00,0x00,0x00,0x00,0x00,0x00,0x00,0x00,0x00,0x00,0x00,0x00,
    0x00,0x00,0x00,0x00,0x00,0x00,0x00,0x00,0x00,0x00,0x00,0x00,
    0x00,0x00,0x00,0x00,0x00,0x00,0x00,0x00,0x00,0x00,0x00,0x00,
    0x00,0x00,0x00,0x00,0x00,0x00,0x00,0x00,0x00,0x00,0x00,0x00,
    0x00,0x00,0x00,0x00,0x00,0x00,0x00,0x00,0x00,0x00,0x00,0x00,
    0x00,0x00,0x00,0x00,0x00,0x00,0x00,0x00,0x00,0x00,0x00,0x00,
    0x00,0x00,0x00,0x00,0x00,0x00,0x00,0x00,0x00,0x00,0x00,0x00,
    0x00,0x00,0x00,0x00,0x00,0x00,0x00,0x00,0x00,0x00,0x00,0x00,
    0x00,0x00,0x00,0x00,0x00,0x00,0x00,0x00,0x00,0x00,0x00,0x00,
    0x00,0x00,0x38,0x38,0x38,0x0F,0x36,0x36,0x36,0x34,0x00,0x00,
    0x00,0x00,0x00,0x00,0x00,0x00,0x00,0x00,0x00,0x00,0x00,0x00,
    0x00,0x00,0x00,0x00,0x00,0x00,0x00,0x00,0x00,0x00,0x00,0x00,
    0x00,0x00,0x00,0x00,0x00,0x00,0x00,0x00,0x00,0x00,0x00,0x00,
    0x00,0x00,0x00,0x00,0x00,0x00,0x00,0x00,0x00,0x00,0x00,0x00,
    0x00,0x00,0x00,0x00,0x00,0x00,0x00,0x00,0x00,0x00,0x00,0x00,
    0x00,0x00,0x00,0x00,0x00,0x00,0x00,0x00,0x00,0x00,0x00,0x00,
    0x00,0x00,0x00,0x00,0x00,0x00,0x00,0x00,0x00,0x00,0x00,0x00,
    0x00,0x00,0x00,0x00,0x00,0x00,0x00,0x00,0x00,0x00,0x00,0x00,
    0x00,0x00,0x00,0x00,0x00,0x00,0x00,0x00,0x00,0x00,0x00,0x00,
    0x00,0x00,0x00,0x00,0x00,0x00,0x00,0x00,0x00,0x00,0x00,0x00,
    0x00,0x00,0x00,0x00,0x00,0x00,0x00,0x00,0x00,0x00,0x00,0x00,
    0x00,0x00,0x00,0x00,0x00,0x00,0x00,0x00,0x00,0x00,0x00,0x00,
    0x00,0x00,0x00,0x00,0x00,0x00,0x00,0x00,0x00,0x00,0x00,0x00,
    0x00,0x00,0x00,0x00,0x00,0x00,0x00,0x00,0x00,0x00,0x00,0x00,
    0x00,0x00,0x00,0x00,0x00,0x00,0x50,0x50,0x50,0x1F,0x4F,0x4F,
    0x4F,0x89,0x4E,0x4E,0x4E,0xED,0x61,0x61,0x61,0xFB,0x54,0x54,
    0x54,0x53,0x00,0x00,0x00,0x00,0x00,0x00,0x00,0x00,0x00,0x00,
    0x00,0x00,0x00,0x00,0x00,0x00,0x00,0x00,0x00,0x00,0x00,0x00,
    0x00,0x00,0x00,0x00,0x00,0x00,0x00,0x00,0x00,0x00,0x00,0x00,
    0x00,0x00,0x00,0x00,0x00,0x00,0x00,0x00,0x00,0x00,0x00,0x00,
    0x00,0x00,0x00,0x00,0x00,0x00,0x00,0x00,0x00,0x00,0x00,0x00,
    0x00,0x00,0x00,0x00,0x00,0x00,0x00,0x00,0x00,0x00,0x00,0x00,
    0x00,0x00,0x00,0x00,0x00,0x00,0x00,0x00,0x00,0x00,0x00,0x00,
    0x00,0x00,0x00,0x00,0x00,0x00,0x00,0x00,0x00,0x00,0x00,0x00,
    0x00,0x00,0x00,0x00,0x00,0x00,0x00,0x00,0x00,0x00,0x00,0x00,
    0x00,0x00,0x00,0x00,0x00,0x00,0x00,0x00,0x00,0x00,0x00,0x00,
    0x00,0x00,0x00,0x00,0x00,0x00,0x00,0x00,0x00,0x00,0x00,0x00,
    0x00,0x00,0x00,0x00,0x00,0x00,0x00,0x00,0x00,0x00,0x00,0x00,
    0x00,0x00,0x00,0x00,0x00,0x00,0x00,0x00,0x00,0x00,0x00,0x00,
    0x00,0x00,0x00,0x00,0x00,0x00,0x00,0x00,0x00,0x00,0x57,0x57,
    0x57,0x31,0x5A,0x5A,0x5A,0xA0,0x6F,0x6F,0x6F,0xF5,0x88,0x88,
    0x88,0xFF,0x9E,0x9E,0x9E,0xFE,0x7B,0x7B,0x7B,0xFF,0x81,0x81,
    0x81,0xF4,0x58,0x58,0x58,0x41,0x00,0x00,0x00,0x00,0x00,0x00,
    0x00,0x00,0x00,0x00,0x00,0x00,0x00,0x00,0x00,0x00,0x00,0x00,
    0x00,0x00,0x00,0x00,0x00,0x00,0x00,0x00,0x00,0x00,0x00,0x00,
    0x00,0x00,0x00,0x00,0x00,0x00,0x00,0x00,0x00,0x00,0x00,0x00,
    0x00,0x00,0x00,0x00,0x00,0x00,0x00,0x00,0x00,0x00,0x00,0x00,
    0x00,0x00,0x00,0x00,0x00,0x00,0x00,0x00,0x00,0x00,0x00,0x00,
    0x00,0x00,0x00,0x00,0x00,0x00,0x00,0x00,0x00,0x00,0x00,0x00,
    0x00,0x00,0x00,0x00,0x00,0x00,0x00,0x00,0x00,0x00,0x00,0x00,
    0x00,0x00,0x00,0x00,0x00,0x00,0x00,0x00,0x00,0x00,0x00,0x00,
    0x00,0x00,0x00,0x00,0x00,0x00,0x00,0x00,0x00,0x00,0x00,0x00,
    0x00,0x00,0x00,0x00,0x00,0x00,0x00,0x00,0x00,0x00,0x00,0x00,
    0x00,0x00,0x00,0x00,0x00,0x00,0x00,0x00,0x00,0x00,0x00,0x00,
    0x00,0x00,0x00,0x00,0x00,0x00,0x00,0x00,0x00,0x00,0x5F,0x5F,
    0x5F,0x01,0x5C,0x5C,0x5C,0x44,0x63,0x63,0x63,0xB6,0x88,0x88,
    0x88,0xFA,0xA2,0xA2,0xA2,0xFE,0xA5,0xA5,0xA5,0xFE,0x6B,0x6B,
    0x6B,0xFF,0x33,0x33,0x33,0xFE,0x87,0x87,0x87,0xFF,0x9D,0x9D,
    0x9D,0xFE,0x7C,0x7C,0x7C,0xEC,0x61,0x61,0x61,0x2F,0x00,0x00,
    0x00,0x00,0x00,0x00,0x00,0x00,0x00,0x00,0x00,0x00,0x00,0x00,
    0x00,0x00,0x00,0x00,0x00,0x00,0x00,0x00,0x00,0x00,0x00,0x00,
    0x00,0x00,0x00,0x00,0x00,0x00,0x00,0x00,0x00,0x00,0x00,0x00,
    0x00,0x00,0x00,0x00,0x00,0x00,0x00,0x00,0x00,0x00,0x00,0x00,
    0x00,0x00,0x00,0x00,0x00,0x00,0x00,0x00,0x00,0x00,0x00,0x00,
    0x00,0x00,0x00,0x00,0x00,0x00,0x00,0x00,0x00,0x00,0x00,0x00,
    0x00,0x00,0x00,0x00,0x00,0x00,0x00,0x00,0x00,0x00,0x00,0x00,
    0x00,0x00,0x00,0x00,0x00,0x00,0x00,0x00,0x00,0x00,0x00,0x00,
    0x00,0x00,0x00,0x00,0x00,0x00,0x00,0x00,0x00,0x00,0x00,0x00,
    0x00,0x00,0x00,0x00,0x00,0x00,0x00,0x00,0x00,0x00,0x00,0x00,
    0x00,0x00,0x00,0x00,0x00,0x00,0x00,0x00,0x00,0x00,0x00,0x00,
    0x00,0x00,0x6D,0x6D,0x6D,0x05,0x67,0x67,0x67,0x59,0x68,0x68,
    0x68,0xCC,0x98,0x98,0x98,0xFE,0xB9,0xB9,0xB9,0xFF,0xA8,0xA8,
    0xA8,0xFF,0x6A,0x6A,0x6A,0xFF,0x3C,0x3C,0x3C,0xFF,0x6D,0x6D,
    0x6D,0xFF,0xB9,0xB9,0xB9,0xFF,0xF2,0xF2,0xF2,0xFF,0xC3,0xC3,
    0xC3,0xFF,0x9E,0x9E,0x9E,0xFF,0x79,0x79,0x79,0xE4,0x5D,0x5D,
    0x5D,0x21,0x00,0x00,0x00,0x00,0x00,0x00,0x00,0x00,0x00,0x00,
    0x00,0x00,0x00,0x00,0x00,0x00,0x00,0x00,0x00,0x00,0x00,0x00,
    0x00,0x00,0x00,0x00,0x00,0x00,0x00,0x00,0x00,0x00,0x00,0x00,
    0x00,0x00,0x00,0x00,0x00,0x00,0x00,0x00,0x00,0x00,0x00,0x00,
    0x00,0x00,0x00,0x00,0x00,0x00,0x00,0x00,0x00,0x00,0x00,0x00,
    0x00,0x00,0x00,0x00,0x00,0x00,0x00,0x00,0x00,0x00,0x00,0x00,
    0x00,0x00,0x00,0x00,0x00,0x00,0x00,0x00,0x00,0x00,0x00,0x00,
    0x00,0x00,0x00,0x00,0x00,0x00,0x00,0x00,0x00,0x00,0x00,0x00,
    0x00,0x00,0x00,0x00,0x00,0x00,0x00,0x00,0x00,0x00,0x00,0x00,
    0x00,0x00,0x00,0x00,0x00,0x00,0x00,0x00,0x00,0x00,0x00,0x00,
    0x00,0x00,0x00,0x00,0x00,0x00,0x00,0x00,0x00,0x00,0x00,0x00,
    0x00,0x00,0x7A,0x7A,0x7A,0x72,0x99,0x99,0x99,0xFE,0xCD,0xCD,
    0xCD,0xFF,0xAB,0xAB,0xAB,0xFE,0x6A,0x6A,0x6A,0xFE,0x49,0x49,
    0x49,0xFF,0x80,0x80,0x80,0xFE,0xC3,0xC3,0xC3,0xFE,0xD4,0xD4,
    0xD4,0xFF,0xD4,0xD4,0xD4,0xFE,0xD9,0xD9,0xD9,0xFF,0xF1,0xF1,
    0xF1,0xFE,0xC3,0xC3,0xC3,0xFE,0x9D,0x9D,0x9D,0xFE,0x76,0x76,
    0x76,0xD4,0x65,0x65,0x65,0x16,0x00,0x00,0x00,0x00,0x00,0x00,
    0x00,0x00,0x00,0x00,0x00,0x00,0x00,0x00,0x00,0x00,0x00,0x00,
    0x00,0x00,0x00,0x00,0x00,0x00,0x00,0x00,0x00,0x00,0x00,0x00,
    0x00,0x00,0x00,0x00,0x00,0x00,0x00,0x00,0x00,0x00,0x00,0x00,
    0x00,0x00,0x00,0x00,0x00,0x00,0x00,0x00,0x00,0x00,0x00,0x00,
    0x00,0x00,0x00,0x00,0x00,0x00,0x00,0x00,0x00,0x00,0x00,0x00,
    0x00,0x00,0x00,0x00,0x00,0x00,0x00,0x00,0x00,0x00,0x00,0x00,
    0x00,0x00,0x00,0x00,0x00,0x00,0x00,0x00,0x00,0x00,0x00,0x00,
    0x00,0x00,0x00,0x00,0x00,0x00,0x00,0x00,0x00,0x00,0x00,0x00,
    0x00,0x00,0x00,0x00,0x00,0x00,0x00,0x00,0x00,0x00,0x00,0x00,
    0x00,0x00,0x00,0x00,0x00,0x00,0x00,0x00,0x00,0x00,0x00,0x00,
    0x00,0x00,0x7F,0x7F,0x7F,0x7E,0x83,0x83,0x83,0xFE,0x68,0x68,
    0x68,0xFF,0x56,0x56,0x56,0xFE,0x8C,0x8C,0x8C,0xFE,0xC8,0xC8,
    0xC8,0xFF,0xD6,0xD6,0xD6,0xFE,0xDC,0xDC,0xDC,0xFE,0xDD,0xDD,
    0xDD,0xFF,0xDA,0xDA,0xDA,0xFE,0xD6,0xD6,0xD6,0xFF,0xDA,0xDA,
    0xDA,0xFE,0xF1,0xF1,0xF1,0xFE,0xC2,0xC2,0xC2,0xFE,0x9C,0x9C,
    0x9C,0xFF,0x6F,0x6F,0x6F,0xC7,0x63,0x63,0x63,0x0E,0x00,0x00,
    0x00,0x00,0x00,0x00,0x00,0x00,0x00,0x00,0x00,0x00,0x00,0x00,
    0x00,0x00,0x00,0x00,0x00,0x00,0x00,0x00,0x00,0x00,0x00,0x00,
    0x00,0x00,0x00,0x00,0x00,0x00,0x00,0x00,0x00,0x00,0x00,0x00,
    0x00,0x00,0x00,0x00,0x00,0x00,0x00,0x00,0x00,0x00,0x00,0x00,
    0x00,0x00,0x00,0x00,0x00,0x00,0x00,0x00,0x00,0x00,0x00,0x00,
    0x00,0x00,0x00,0x00,0x00,0x00,0x00,0x00,0x00,0x00,0x00,0x00,
    0x00,0x00,0x00,0x00,0x00,0x00,0x00,0x00,0x00,0x00,0x00,0x00,
    0x00,0x00,0x00,0x00,0x00,0x00,0x00,0x00,0x00,0x00,0x00,0x00,
    0x00,0x00,0x00,0x00,0x00,0x00,0x00,0x00,0x00,0x00,0x00,0x00,
    0x00,0x00,0x00,0x00,0x00,0x00,0x00,0x00,0x00,0x00,0x00,0x00,
    0x00,0x00,0x84,0x84,0x84,0x7E,0x4A,0x4A,0x4A,0xFF,0x93,0x93,
    0x93,0xFF,0xBC,0xBC,0xBC,0xFF,0xC5,0xC5,0xC5,0xFF,0xD4,0xD4,
    0xD4,0xFF,0xE1,0xE1,0xE1,0xFF,0xE9,0xE9,0xE9,0xFF,0xE8,0xE8,
    0xE8,0xFF,0xE1,0xE1,0xE1,0xFF,0xDA,0xDA,0xDA,0xFF,0xB3,0xB3,
    0xB3,0xFF,0xC9,0xC9,0xC9,0xFF,0xF1,0xF1,0xF1,0xFF,0xC0,0xC0,
    0xC0,0xFF,0x9C,0x9C,0x9C,0xFF,0x6E,0x6E,0x6E,0xB9,0x5B,0x5B,
    0x5A,0x07,0x37,0x35,0x33,0x04,0x27,0x25,0x22,0x43,0x2A,0x28,
    0x24,0x92,0x2B,0x28,0x24,0xAF,0x2F,0x2D,0x29,0x5E,0x36,0x33,
    0x2E,0x01,0x00,0x00,0x00,0x00,0x00,0x00,0x00,0x00,0x00,0x00,
    0x00,0x00,0x00,0x00,0x00,0x00,0x00,0x00,0x00,0x00,0x00,0x00,
    0x00,0x00,0x00,0x00,0x00,0x00,0x00,0x00,0x00,0x00,0x00,0x00,
    0x00,0x00,0x00,0x00,0x00,0x00,0x00,0x00,0x00,0x00,0x00,0x00,
    0x00,0x00,0x00,0x00,0x00,0x00,0x00,0x00,0x00,0x00,0x00,0x00,
    0x00,0x00,0x00,0x00,0x00,0x00,0x00,0x00,0x00,0x00,0x00,0x00,
    0x00,0x00,0x00,0x00,0x00,0x00,0x00,0x00,0x00,0x00,0x00,0x00,
    0x00,0x00,0x00,0x00,0x00,0x00,0x00,0x00,0x00,0x00,0x00,0x00,
    0x00,0x00,0x8E,0x8E,0x8E,0x2B,0xAF,0xAF,0xAF,0xE8,0xAF,0xAF,
    0xAF,0xFF,0xB8,0xB8,0xB8,0xFE,0xC7,0xC7,0xC7,0xFE,0xD9,0xD9,
    0xD9,0xFF,0xEA,0xEA,0xEA,0xFE,0xF4,0xF4,0xF4,0xFE,0xF2,0xF2,
    0xF2,0xFF,0xDA,0xDA,0xDA,0xFE,0x47,0x47,0x47,0xFF,0x37,0x37,
    0x37,0xFE,0x4B,0x4B,0x4B,0xFE,0xC5,0xC5,0xC5,0xFE,0xF0,0xF0,
    0xF0,0xFF,0xBF,0xBF,0xBF,0xFE,0x9B,0x9B,0x9B,0xFE,0x60,0x60,
    0x60,0xBE,0x27,0x25,0x21,0xD8,0x28,0x26,0x22,0xFE,0x2D,0x2B,
    0x26,0xFF,0x31,0x2E,0x29,0xFE,0x34,0x31,0x2C,0xFE,0x3F,0x3B,
    0x35,0x82,0x00,0x00,0x00,0x00,0x00,0x00,0x00,0x00,0x00,0x00,
    0x00,0x00,0x00,0x00,0x00,0x00,0x00,0x00,0x00,0x00,0x00,0x00,
    0x00,0x00,0x00,0x00,0x00,0x00,0x00,0x00,0x00,0x00,0x00,0x00,
    0x00,0x00,0x00,0x00,0x00,0x00,0x00,0x00,0x00,0x00,0x00,0x00,
    0x00,0x00,0x00,0x00,0x00,0x00,0x00,0x00,0x00,0x00,0x00,0x00,
    0x00,0x00,0x00,0x00,0x00,0x00,0x00,0x00,0x00,0x00,0x00,0x00,
    0x00,0x00,0x00,0x00,0x00,0x00,0x00,0x00,0x00,0x00,0x00,0x00,
    0x00,0x00,0x00,0x00,0x00,0x00,0x00,0x00,0x00,0x00,0x00,0x00,
    0x00,0x00,0x00,0x00,0x00,0x00,0xAA,0xAA,0xAA,0x2E,0xAD,0xAD,
    0xAD,0xEA,0xB6,0xB6,0xB6,0xFF,0xC5,0xC5,0xC5,0xFF,0xD9,0xD9,
    0xD9,0xFF,0xE3,0xE3,0xE3,0xFF,0xEF,0xEF,0xEF,0xFF,0xF3,0xF3,
    0xF3,0xFF,0xE8,0xE8,0xE8,0xFF,0x9D,0x9D,0x9D,0xFF,0x54,0x54,
    0x54,0xFF,0x9B,0x9B,0x9B,0xFF,0xC9,0xC9,0xC9,0xFF,0xD6,0xD6,
    0xD6,0xFF,0xF0,0xF0,0xF0,0xFF,0xBF,0xBF,0xBF,0xFF,0x99,0x99,
    0x99,0xFF,0x3F,0x3D,0x39,0xFF,0x34,0x31,0x2D,0xFF,0x39,0x36,
    0x31,0xFF,0x3D,0x3A,0x35,0xFF,0x37,0x33,0x2E,0xFF,0x3B,0x37,
    0x31,0xFD,0x44,0x40,0x39,0x6E,0x00,0x00,0x00,0x00,0x00,0x00,
    0x00,0x00,0x00,0x00,0x00,0x00,0x00,0x00,0x00,0x00,0x00,0x00,
    0x00,0x00,0x00,0x00,0x00,0x00,0x00,0x00,0x00,0x00,0x00,0x00,
    0x00,0x00,0x00,0x00,0x00,0x00,0x00,0x00,0x00,0x00,0x00,0x00,
    0x00,0x00,0x00,0x00,0x00,0x00,0x00,0x00,0x00,0x00,0x00,0x00,
    0x00,0x00,0x00,0x00,0x00,0x00,0x00,0x00,0x00,0x00,0x00,0x00,
    0x00,0x00,0x00,0x00,0x00,0x00,0x00,0x00,0x00,0x00,0x00,0x00,
    0x00,0x00,0x00,0x00,0x00,0x00,0x00,0x00,0x00,0x00,0x00,0x00,
    0x00,0x00,0x00,0x00,0x00,0x00,0x00,0x00,0x00,0x00,0xAF,0xAF,
    0xAF,0x2E,0xB2,0xB2,0xB2,0xE7,0xB8,0xB8,0xB8,0xFE,0x72,0x72,
    0x72,0xFF,0x47,0x47,0x47,0xFE,0x6A,0x6A,0x6A,0xFE,0xE1,0xE1,
    0xE1,0xFF,0xE0,0xE0,0xE0,0xFE,0xD5,0xD5,0xD5,0xFF,0xCD,0xCD,
    0xCD,0xFE,0xCA,0xCA,0xCA,0xFE,0xCA,0xCA,0xCA,0xFE,0xCB,0xCB,
    0xCB,0xFF,0xD6,0xD6,0xD6,0xFE,0xF0,0xF0,0xF0,0xFE,0xB4,0xB4,
    0xB4,0xFF,0x49,0x47,0x42,0xFE,0x44,0x41,0x3C,0xFE,0x49,0x45,
    0x41,0xFF,0x41,0x3D,0x37,0xFE,0x3A,0x36,0x31,0xFE,0x3B,0x37,
    0x31,0xFF,0x3D,0x39,0x33,0xFB,0x47,0x42,0x3C,0x55,0x00,0x00,
    0x00,0x00,0x00,0x00,0x00,0x00,0x00,0x00,0x00,0x00,0x00,0x00,
    0x00,0x00,0x00,0x00,0x00,0x00,0x00,0x00,0x00,0x00,0x00,0x00,
    0x00,0x00,0x00,0x00,0x00,0x00,0x00,0x00,0x00,0x00,0x00,0x00,
    0x00,0x00,0x00,0x00,0x00,0x00,0x00,0x00,0x00,0x00,0x00,0x00,
    0x00,0x00,0x00,0x00,0x00,0x00,0x00,0x00,0x00,0x00,0x00,0x00,
    0x00,0x00,0x00,0x00,0x00,0x00,0x00,0x00,0x00,0x00,0x00,0x00,
    0x00,0x00,0x00,0x00,0x00,0x00,0x00,0x00,0x00,0x00,0x00,0x00,
    0x00,0x00,0x00,0x00,0x00,0x00,0x00,0x00,0x00,0x00,0x00,0x00,
    0x00,0x00,0xB2,0xB2,0xB2,0x2F,0xB6,0xB6,0xB6,0xE8,0x68,0x68,
    0x68,0xFF,0x2F,0x2F,0x2F,0xFE,0x72,0x72,0x72,0xFE,0xC4,0xC4,
    0xC4,0xFF,0xD3,0xD3,0xD3,0xFE,0xCC,0xCC,0xCC,0xFF,0xC6,0xC6,
    0xC6,0xFE,0xC4,0xC4,0xC4,0xFE,0xC5,0xC5,0xC5,0xFE,0xC7,0xC7,
    0xC7,0xFF,0xC5,0xC5,0xC5,0xFE,0xC3,0xC3,0xC3,0xFE,0x9D,0x9B,
    0x99,0xFF,0x4E,0x4B,0x46,0xFE,0x56,0x53,0x4E,0xFE,0x70,0x6B,
    0x63,0xFF,0x4B,0x46,0x40,0xFE,0x3E,0x39,0x33,0xFE,0x3C,0x38,
    0x32,0xFF,0x3C,0x38,0x32,0xFE,0x40,0x3C,0x36,0xF6,0x46,0x42,
    0x3B,0x3E,0x00,0x00,0x00,0x00,0x00,0x00,0x00,0x00,0x00,0x00,
    0x00,0x00,0x00,0x00,0x00,0x00,0x00,0x00,0x00,0x00,0x00,0x00,
    0x00,0x00,0x00,0x00,0x00,0x00,0x00,0x00,0x00,0x00,0x00,0x00,
    0x00,0x00,0x00,0x00,0x00,0x00,0x00,0x00,0x00,0x00,0x00,0x00,
    0x00,0x00,0x00,0x00,0x00,0x00,0x00,0x00,0x00,0x00,0x00,0x00,
    0x00,0x00,0x00,0x00,0x00,0x00,0x00,0x00,0x00,0x00,0x00,0x00,
    0x00,0x00,0x00,0x00,0x00,0x00,0x00,0x00,0x00,0x00,0x00,0x00,
    0x00,0x00,0x00,0x00,0x00,0x00,0x00,0x00,0x00,0x00,0x00,0x00,
    0x00,0x00,0x00,0x00,0x00,0x00,0xA8,0xA8,0xA8,0x2D,0xB5,0xB5,
    0xB5,0xE9,0xB9,0xB9,0xB9,0xFE,0xC5,0xC5,0xC5,0xFE,0xC6,0xC6,
    0xC6,0xFF,0xC4,0xC4,0xC4,0xFE,0xC1,0xC1,0xC1,0xFF,0xBF,0xBF,
    0xBF,0xFE,0xBF,0xBF,0xBF,0xFE,0xBC,0xBC,0xBC,0xFE,0xB0,0xB0,
    0xB0,0xFF,0x88,0x87,0x85,0xFE,0x5C,0x59,0x55,0xFE,0x5F,0x5B,
    0x55,0xFF,0x7B,0x76,0x70,0xFE,0x79,0x74,0x6D,0xFE,0x6A,0x65,
    0x5E,0xFF,0x5F,0x5A,0x53,0xFE,0x4C,0x48,0x41,0xFE,0x3E,0x3A,
    0x34,0xFF,0x3D,0x39,0x33,0xFE,0x3D,0x39,0x33,0xFE,0x42,0x3E,
    0x37,0xEC,0x49,0x45,0x3E,0x2B,0x00,0x00,0x00,0x00,0x00,0x00,
    0x00,0x00,0x00,0x00,0x00,0x00,0x00,0x00,0x00,0x00,0x00,0x00,
    0x00,0x00,0x00,0x00,0x00,0x00,0x00,0x00,0x00,0x00,0x00,0x00,
    0x00,0x00,0x00,0x00,0x00,0x00,0x00,0x00,0x00,0x00,0x00,0x00,
    0x00,0x00,0x00,0x00,0x00,0x00,0x00,0x00,0x00,0x00,0x00,0x00,
    0x00,0x00,0x00,0x00,0x00,0x00,0x00,0x00,0x00,0x00,0x00,0x00,
    0x00,0x00,0x00,0x00,0x00,0x00,0x00,0x00,0x00,0x00,0x00,0x00,
    0x00,0x00,0x00,0x00,0x00,0x00,0x00,0x00,0x00,0x00,0x00,0x00,
    0x00,0x00,0x00,0x00,0x00,0x00,0x00,0x00,0x00,0x00,0x97,0x97,
    0x96,0x2C,0xAA,0xAA,0xAA,0xEB,0xB5,0xB5,0xB5,0xFF,0xB8,0xB8,
    0xB8,0xFF,0xB8,0xB8,0xB8,0xFF,0xB7,0xB7,0xB7,0xFF,0xB2,0xB2,
    0xB2,0xFF,0xA6,0xA5,0xA5,0xFF,0x7F,0x7D,0x7B,0xFF,0x59,0x56,
    0x51,0xFF,0x65,0x61,0x5A,0xFF,0x79,0x74,0x6D,0xFF,0x74,0x70,
    0x69,0xFF,0x61,0x5D,0x57,0xFF,0x5F,0x5B,0x56,0xFF,0x60,0x5C,
    0x56,0xFF,0x68,0x64,0x5C,0xFF,0x61,0x5C,0x55,0xFF,0x4D,0x49,
    0x42,0xFF,0x3E,0x3A,0x34,0xFF,0x3E,0x3A,0x33,0xFF,0x3E,0x3A,
    0x34,0xFF,0x43,0x3F,0x38,0xE0,0x48,0x43,0x3C,0x1D,0x00,0x00,
    0x00,0x00,0x00,0x00,0x00,0x00,0x00,0x00,0x00,0x00,0x00,0x00,
    0x00,0x00,0x00,0x00,0x00,0x00,0x00,0x00,0x00,0x00,0x00,0x00,
    0x00,0x00,0x00,0x00,0x00,0x00,0x00,0x00,0x00,0x00,0x00,0x00,
    0x00,0x00,0x00,0x00,0x00,0x00,0x00,0x00,0x00,0x00,0x00,0x00,
    0x00,0x00,0x00,0x00,0x00,0x00,0x00,0x00,0x00,0x00,0x00,0x00,
    0x00,0x00,0x00,0x00,0x00,0x00,0x00,0x00,0x00,0x00,0x00,0x00,
    0x00,0x00,0x00,0x00,0x00,0x00,0x00,0x00,0x00,0x00,0x00,0x00,
    0x00,0x00,0x00,0x00,0x00,0x00,0x00,0x00,0x00,0x00,0x58,0x56,
    0x53,0x30,0x41,0x3F,0x3C,0xF8,0x95,0x94,0x94,0xFE,0xA9,0xA9,
    0xA9,0xFF,0xA7,0xA7,0xA7,0xFE,0x95,0x95,0x94,0xFF,0x73,0x72,
    0x6E,0xFE,0x5A,0x56,0x51,0xFE,0x6B,0x66,0x5F,0xFE,0x79,0x74,
    0x6C,0xFF,0x6D,0x69,0x62,0xFE,0x60,0x5C,0x57,0xFE,0x5F,0x5B,
    0x56,0xFF,0x60,0x5C,0x57,0xFE,0x62,0x5E,0x58,0xFE,0x61,0x5D,
    0x57,0xFF,0x63,0x5E,0x58,0xFE,0x6A,0x65,0x5D,0xFE,0x61,0x5C,
    0x55,0xFF,0x4D,0x48,0x42,0xFE,0x40,0x3C,0x35,0xFE,0x3F,0x3B,
    0x34,0xFF,0x3F,0x3B,0x35,0xFE,0x45,0x41,0x3A,0xD0,0x47,0x42,
    0x3C,0x10,0x00,0x00,0x00,0x00,0x00,0x00,0x00,0x00,0x00,0x00,
    0x00,0x00,0x00,0x00,0x00,0x00,0x00,0x00,0x00,0x00,0x00,0x00,
    0x00,0x00,0x00,0x00,0x00,0x00,0x00,0x00,0x00,0x00,0x00,0x00,
    0x00,0x00,0x00,0x00,0x00,0x00,0x00,0x00,0x00,0x00,0x00,0x00,
    0x00,0x00,0x00,0x00,0x00,0x00,0x00,0x00,0x00,0x00,0x00,0x00,
    0x00,0x00,0x00,0x00,0x00,0x00,0x00,0x00,0x00,0x00,0x00,0x00,
    0x00,0x00,0x00,0x00,0x00,0x00,0x00,0x00,0x00,0x00,0x00,0x00,
    0x00,0x00,0x00,0x00,0x00,0x00,0x00,0x00,0x00,0x00,0x3E,0x3B,
    0x37,0x9D,0x3B,0x38,0x33,0xFE,0x50,0x4E,0x4A,0xFE,0x7B,0x7A,
    0x78,0xFF,0x61,0x5F,0x5B,0xFE,0x56,0x52,0x4D,0xFF,0x70,0x6C,
    0x65,0xFE,0x7A,0x76,0x6E,0xFE,0x69,0x65,0x5E,0xFE,0x5E,0x5A,
    0x55,0xFF,0x5F,0x5B,0x55,0xFE,0x60,0x5C,0x56,0xFE,0x61,0x5D,
    0x57,0xFF,0x61,0x5D,0x57,0xFE,0x62,0x5E,0x58,0xFE,0x63,0x5F,
    0x59,0xFF,0x62,0x5E,0x58,0xFE,0x63,0x5E,0x58,0xFE,0x6B,0x66,
    0x5E,0xFF,0x62,0x5D,0x55,0xFE,0x4D,0x49,0x42,0xFE,0x41,0x3D,
    0x36,0xFF,0x3F,0x3B,0x35,0xFE,0x3E,0x3A,0x34,0xFE,0x45,0x41,
    0x3A,0xBC,0x47,0x42,0x3B,0x08,0x00,0x00,0x00,0x00,0x00,0x00,
    0x00,0x00,0x00,0x00,0x00,0x00,0x00,0x00,0x00,0x00,0x00,0x00,
    0x00,0x00,0x00,0x00,0x00,0x00,0x00,0x00,0x00,0x00,0x00,0x00,
    0x00,0x00,0x00,0x00,0x00,0x00,0x00,0x00,0x00,0x00,0x00,0x00,
    0x00,0x00,0x00,0x00,0x00,0x00,0x00,0x00,0x00,0x00,0x00,0x00,
    0x00,0x00,0x00,0x00,0x00,0x00,0x00,0x00,0x00,0x00,0x00,0x00,
    0x00,0x00,0x00,0x00,0x00,0x00,0x00,0x00,0x00,0x00,0x00,0x00,
    0x00,0x00,0x00,0x00,0x00,0x00,0x4E,0x4B,0x46,0x02,0x4B,0x48,
    0x43,0xED,0x4C,0x49,0x44,0xFF,0x50,0x4C,0x48,0xFF,0x58,0x55,
    0x4F,0xFF,0x74,0x6F,0x68,0xFF,0x79,0x74,0x6C,0xFF,0x63,0x5F,
    0x58,0xFF,0x5C,0x58,0x52,0xFF,0x5D,0x5A,0x54,0xFF,0x5F,0x5B,
    0x55,0xFF,0x60,0x5C,0x56,0xFF,0x60,0x5C,0x56,0xFF,0x60,0x5C,
    0x57,0xFF,0x62,0x5E,0x58,0xFF,0x63,0x5F,0x59,0xFF,0x62,0x5E,
    0x58,0xFF,0x64,0x60,0x5A,0xFF,0x64,0x60,0x5A,0xFF,0x64,0x60,
    0x5A,0xFF,0x6C,0x67,0x5F,0xFF,0x63,0x5D,0x55,0xFF,0x4D,0x49,
    0x42,0xFF,0x40,0x3C,0x35,0xFF,0x3E,0x3A,0x34,0xFF,0x3F,0x3B,
    0x34,0xFF,0x48,0x43,0x3C,0xA6,0x46,0x42,0x3B,0x03,0x00,0x00,
    0x00,0x00,0x00,0x00,0x00,0x00,0x00,0x00,0x00,0x00,0x00,0x00,
    0x00,0x00,0x00,0x00,0x00,0x00,0x00,0x00,0x00,0x00,0x00,0x00,
    0x00,0x00,0x00,0x00,0x00,0x00,0x00,0x00,0x00,0x00,0x00,0x00,
    0x00,0x00,0x00,0x00,0x00,0x00,0x00,0x00,0x00,0x00,0x00,0x00,
    0x00,0x00,0x00,0x00,0x00,0x00,0x00,0x00,0x00,0x00,0x00,0x00,
    0x00,0x00,0x00,0x00,0x00,0x00,0x00,0x00,0x00,0x00,0x00,0x00,
    0x00,0x00,0x00,0x00,0x00,0x00,0x59,0x55,0x50,0x2C,0x54,0x50,
    0x4B,0xFF,0x5B,0x57,0x51,0xFE,0x70,0x6B,0x64,0xFE,0x6F,0x6A,
    0x63,0xFF,0x5B,0x57,0x51,0xFE,0x58,0x54,0x4E,0xFF,0x5B,0x57,
    0x51,0xFE,0x5D,0x59,0x53,0xFE,0x5E,0x5A,0x54,0xFE,0x5E,0x5A,
    0x54,0xFF,0x60,0x5C,0x56,0xFE,0x60,0x5C,0x56,0xFE,0x61,0x5D,
    0x57,0xFF,0x62,0x5E,0x58,0xFE,0x63,0x5F,0x59,0xFE,0x64,0x60,
    0x5A,0xFF,0x62,0x5E,0x59,0xFE,0x64,0x60,0x5A,0xFE,0x63,0x5F,
    0x59,0xFF,0x65,0x61,0x5A,0xFE,0x6C,0x67,0x5F,0xFE,0x62,0x5C,
    0x55,0xFF,0x4C,0x48,0x41,0xFE,0x40,0x3C,0x35,0xFE,0x3E,0x3A,
    0x33,0xFF,0x3F,0x3B,0x35,0xFE,0x49,0x44,0x3D,0x8D,0x00,0x00,
    0x00,0x00,0x00,0x00,0x00,0x00,0x00,0x00,0x00,0x00,0x00,0x00,
    0x00,0x00,0x00,0x00,0x00,0x00,0x00,0x00,0x00,0x00,0x00,0x00,
    0x00,0x00,0x00,0x00,0x00,0x00,0x00,0x00,0x00,0x00,0x00,0x00,
    0x00,0x00,0x00,0x00,0x00,0x00,0x00,0x00,0x00,0x00,0x00,0x00,
    0x00,0x00,0x00,0x00,0x00,0x00,0x00,0x00,0x00,0x00,0x00,0x00,
    0x00,0x00,0x00,0x00,0x00,0x00,0x00,0x00,0x00,0x00,0x00,0x00,
    0x00,0x00,0x00,0x00,0x00,0x00,0x59,0x55,0x50,0x05,0x5C,0x58,
    0x52,0xB2,0x5E,0x5A,0x53,0xFE,0x4F,0x4B,0x46,0xFE,0x4F,0x4C,
    0x46,0xFF,0x53,0x4F,0x4A,0xFE,0x56,0x52,0x4D,0xFF,0x59,0x55,
    0x4F,0xFE,0x5B,0x57,0x51,0xFE,0x5C,0x58,0x52,0xFE,0x5D,0x5A,
    0x54,0xFF,0x5F,0x5B,0x55,0xFE,0x60,0x5C,0x56,0xFE,0x61,0x5D,
    0x57,0xFF,0x62,0x5E,0x58,0xFE,0x62,0x5E,0x58,0xFE,0x63,0x5F,
    0x59,0xFF,0x63,0x5F,0x59,0xFE,0x64,0x60,0x5A,0xFE,0x64,0x60,
    0x5A,0xFF,0x63,0x5F,0x59,0xFE,0x66,0x61,0x5B,0xFE,0x6D,0x67,
    0x60,0xFF,0x62,0x5D,0x55,0xFE,0x4C,0x47,0x41,0xFE,0x3F,0x3B,
    0x35,0xFF,0x3E,0x3A,0x34,0xFE,0x3F,0x3B,0x35,0xFE,0x48,0x44,
    0x3D,0x71,0x00,0x00,0x00,0x00,0x00,0x00,0x00,0x00,0x00,0x00,
    0x00,0x00,0x00,0x00,0x00,0x00,0x00,0x00,0x00,0x00,0x00,0x00,
    0x00,0x00,0x00,0x00,0x00,0x00,0x00,0x00,0x00,0x00,0x00,0x00,
    0x00,0x00,0x00,0x00,0x00,0x00,0x00,0x00,0x00,0x00,0x00,0x00,
    0x00,0x00,0x00,0x00,0x00,0x00,0x00,0x00,0x00,0x00,0x00,0x00,
    0x00,0x00,0x00,0x00,0x00,0x00,0x00,0x00,0x00,0x00,0x00,0x00,
    0x00,0x00,0x00,0x00,0x00,0x00,0x00,0x00,0x00,0x00,0x56,0x53,
    0x4D,0x05,0x4D,0x49,0x44,0xA3,0x4A,0x47,0x42,0xFE,0x4D,0x49,
    0x44,0xFF,0x50,0x4C,0x47,0xFF,0x53,0x4F,0x4A,0xFF,0x57,0x53,
    0x4D,0xFF,0x59,0x55,0x4F,0xFF,0x5B,0x57,0x51,0xFF,0x5D,0x59,
    0x53,0xFF,0x5F,0x5B,0x55,0xFF,0x5F,0x5C,0x56,0xFF,0x60,0x5C,
    0x56,0xFF,0x61,0x5D,0x57,0xFF,0x62,0x5E,0x58,0xFF,0x62,0x5E,
    0x58,0xFF,0x63,0x5F,0x59,0xFF,0x63,0x5F,0x59,0xFF,0x63,0x5F,
    0x59,0xFF,0x64,0x60,0x5A,0xFF,0x63,0x5F,0x59,0xFF,0x67,0x62,
    0x5C,0xFF,0x6D,0x67,0x5F,0xFF,0x62,0x5C,0x55,0xFF,0x4B,0x46,
    0x40,0xFF,0x3F,0x3B,0x35,0xFF,0x3F,0x3B,0x34,0xFF,0x40,0x3C,
    0x35,0xFC,0x4A,0x45,0x3E,0x59,0x00,0x00,0x00,0x00,0x00,0x00,
    0x00,0x00,0x00,0x00,0x00,0x00,0x00,0x00,0x00,0x00,0x00,0x00,
    0x00,0x00,0x00,0x00,0x00,0x00,0x00,0x00,0x00,0x00,0x00,0x00,
    0x00,0x00,0x00,0x00,0x00,0x00,0x00,0x00,0x00,0x00,0x00,0x00,
    0x00,0x00,0x00,0x00,0x00,0x00,0x00,0x00,0x00,0x00,0x00,0x00,
    0x00,0x00,0x00,0x00,0x00,0x00,0x00,0x00,0x00,0x00,0x00,0x00,
    0x00,0x00,0x00,0x00,0x00,0x00,0x00,0x00,0x00,0x00,0x00,0x00,
    0x00,0x00,0x4C,0x48,0x43,0x03,0x4A,0x47,0x42,0x93,0x4A,0x47,
    0x42,0xFF,0x4D,0x49,0x44,0xFE,0x50,0x4D,0x47,0xFF,0x54,0x50,
    0x4B,0xFE,0x57,0x53,0x4D,0xFE,0x5A,0x56,0x50,0xFE,0x5B,0x57,
    0x51,0xFF,0x5E,0x5A,0x54,0xFE,0x5F,0x5B,0x55,0xFE,0x60,0x5C,
    0x56,0xFF,0x61,0x5D,0x57,0xFE,0x61,0x5D,0x57,0xFE,0x62,0x5E,
    0x58,0xFF,0x61,0x5D,0x57,0xFE,0x63,0x5F,0x59,0xFE,0x63,0x5F,
    0x59,0xFF,0x63,0x5F,0x59,0xFE,0x63,0x5F,0x59,0xFE,0x63,0x5F,
    0x59,0xFF,0x67,0x62,0x5C,0xFE,0x6D,0x68,0x60,0xFE,0x61,0x5C,
    0x54,0xFF,0x4A,0x46,0x3F,0xFE,0x3F,0x3B,0x35,0xFF,0x3E,0x3A,
    0x33,0xFE,0x42,0x3D,0x37,0xF6,0x48,0x44,0x3D,0x42,0x00,0x00,
    0x00,0x00,0x00,0x00,0x00,0x00,0x00,0x00,0x00,0x00,0x00,0x00,
    0x00,0x00,0x00,0x00,0x00,0x00,0x00,0x00,0x00,0x00,0x00,0x00,
    0x00,0x00,0x00,0x00,0x00,0x00,0x00,0x00,0x00,0x00,0x00,0x00,
    0x00,0x00,0x00,0x00,0x00,0x00,0x00,0x00,0x00,0x00,0x00,0x00,
    0x00,0x00,0x00,0x00,0x00,0x00,0x00,0x00,0x00,0x00,0x00,0x00,
    0x00,0x00,0x00,0x00,0x00,0x00,0x00,0x00,0x00,0x00,0x00,0x00,
    0x00,0x00,0x00,0x00,0x00,0x00,0x4B,0x47,0x42,0x01,0x4B,0x48,
    0x43,0x83,0x4B,0x48,0x42,0xFE,0x4D,0x4A,0x45,0xFF,0x51,0x4D,
    0x48,0xFE,0x54,0x51,0x4B,0xFE,0x57,0x53,0x4E,0xFE,0x5A,0x56,
    0x50,0xFF,0x5B,0x57,0x51,0xFE,0x5D,0x59,0x53,0xFE,0x5E,0x5A,
    0x54,0xFF,0x60,0x5C,0x56,0xFE,0x60,0x5C,0x56,0xFE,0x61,0x5D,
    0x57,0xFF,0x62,0x5E,0x58,0xFE,0x62,0x5E,0x58,0xFE,0x63,0x5F,
    0x59,0xFF,0x73,0x70,0x6C,0xFE,0xA0,0x9F,0x9D,0xFE,0x9A,0x99,
    0x97,0xFF,0x67,0x63,0x5E,0xFE,0x68,0x63,0x5D,0xFE,0x6E,0x69,
    0x61,0xFF,0x61,0x5B,0x54,0xFE,0x4A,0x46,0x3F,0xFF,0x3F,0x3B,
    0x35,0xFE,0x3F,0x3B,0x34,0xFE,0x42,0x3E,0x37,0xEE,0x48,0x44,
    0x3D,0x2D,0x00,0x00,0x00,0x00,0x00,0x00,0x00,0x00,0x00,0x00,
    0x00,0x00,0x00,0x00,0x00,0x00,0x00,0x00,0x00,0x00,0x00,0x00,
    0x00,0x00,0x00,0x00,0x00,0x00,0x00,0x00,0x00,0x00,0x00,0x00,
    0x00,0x00,0x00,0x00,0x00,0x00,0x00,0x00,0x00,0x00,0x00,0x00,
    0x00,0x00,0x00,0x00,0x00,0x00,0x00,0x00,0x00,0x00,0x00,0x00,
    0x00,0x00,0x00,0x00,0x00,0x00,0x00,0x00,0x00,0x00,0x00,0x00,
    0x00,0x00,0x00,0x00,0x00,0x00,0x00,0x00,0x00,0x00,0x00,0x00,
    0x00,0x00,0x4D,0x49,0x44,0x71,0x4B,0x48,0x42,0xFC,0x4D,0x4A,
    0x45,0xFF,0x50,0x4D,0x48,0xFF,0x55,0x51,0x4C,0xFF,0x57,0x53,
    0x4E,0xFF,0x5A,0x56,0x50,0xFF,0x5B,0x57,0x51,0xFF,0x5D,0x59,
    0x53,0xFF,0x5E,0x5A,0x54,0xFF,0x5F,0x5B,0x55,0xFF,0x60,0x5C,
    0x56,0xFF,0x64,0x60,0x5A,0xFF,0x81,0x7F,0x7B,0xFF,0xAB,0xAA,
    0xA9,0xFF,0xC9,0xC9,0xC9,0xFF,0xCC,0xCC,0xCC,0xFF,0xC5,0xC5,
    0xC5,0xFF,0x98,0x97,0x96,0xFF,0x64,0x61,0x5B,0xFF,0x67,0x63,
    0x5C,0xFF,0x6E,0x69,0x61,0xFF,0x61,0x5C,0x54,0xFF,0x49,0x45,
    0x3E,0xFF,0x3F,0x3B,0x35,0xFF,0x3F,0x3B,0x34,0xFF,0x43,0x3F,
    0x38,0xE2,0x49,0x44,0x3D,0x1E,0x00,0x00,0x00,0x00,0x00,0x00,
    0x00,0x00,0x00,0x00,0x00,0x00,0x00,0x00,0x00,0x00,0x00,0x00,
    0x00,0x00,0x00,0x00,0x00,0x00,0x00,0x00,0x00,0x00,0x00,0x00,
    0x00,0x00,0x00,0x00,0x00,0x00,0x00,0x00,0x00,0x00,0x00,0x00,
    0x00,0x00,0x00,0x00,0x00,0x00,0x00,0x00,0x00,0x00,0x00,0x00,
    0x00,0x00,0x00,0x00,0x00,0x00,0x00,0x00,0x00,0x00,0x00,0x00,
    0x00,0x00,0x00,0x00,0x00,0x00,0x00,0x00,0x00,0x00,0x00,0x00,
    0x00,0x00,0x00,0x00,0x00,0x00,0x4C,0x49,0x44,0x61,0x4C,0x49,
    0x44,0xFA,0x4D,0x4A,0x45,0xFE,0x50,0x4D,0x48,0xFE,0x54,0x51,
    0x4B,0xFF,0x58,0x54,0x4E,0xFE,0x5B,0x57,0x51,0xFE,0x5B,0x57,
    0x51,0xFF,0x5D,0x59,0x53,0xFE,0x67,0x64,0x5F,0xFE,0x90,0x8E,
    0x8B,0xFF,0xBA,0xBA,0xB9,0xFE,0xCB,0xCB,0xCB,0xFE,0xCB,0xCB,
    0xCB,0xFF,0xC5,0xC5,0xC5,0xFE,0xCB,0xCB,0xCB,0xFE,0xD1,0xD1,
    0xD1,0xFF,0xBB,0xBB,0xBB,0xFE,0x9D,0x9C,0x9B,0xFE,0x66,0x62,
    0x5C,0xFF,0x69,0x64,0x5E,0xFE,0x6E,0x69,0x61,0xFF,0x60,0x5B,
    0x53,0xFE,0x48,0x43,0x3D,0xFE,0x3E,0x3A,0x34,0xFF,0x3E,0x3A,
    0x34,0xFE,0x44,0x40,0x39,0xD1,0x47,0x43,0x3C,0x12,0x00,0x00,
    0x00,0x00,0x00,0x00,0x00,0x00,0x00,0x00,0x00,0x00,0x00,0x00,
    0x00,0x00,0x00,0x00,0x00,0x00,0x00,0x00,0x00,0x00,0x00,0x00,
    0x00,0x00,0x00,0x00,0x00,0x00,0x00,0x00,0x00,0x00,0x00,0x00,
    0x00,0x00,0x00,0x00,0x00,0x00,0x00,0x00,0x00,0x00,0x00,0x00,
    0x00,0x00,0x00,0x00,0x00,0x00,0x00,0x00,0x00,0x00,0x00,0x00,
    0x00,0x00,0x00,0x00,0x00,0x00,0x00,0x00,0x00,0x00,0x00,0x00,
    0x00,0x00,0x00,0x00,0x00,0x00,0x00,0x00,0x00,0x00,0x4D,0x49,
    0x44,0x53,0x4C,0x49,0x43,0xF6,0x4D,0x4A,0x44,0xFE,0x51,0x4D,
    0x48,0xFF,0x55,0x51,0x4B,0xFE,0x58,0x54,0x4E,0xFE,0x6B,0x68,
    0x64,0xFF,0x9A,0x99,0x97,0xFE,0xC6,0xC5,0xC5,0xFE,0xCB,0xCB,
    0xCB,0xFF,0xCA,0xCA,0xCA,0xFE,0xCA,0xCA,0xCA,0xFE,0xD0,0xD0,
    0xD0,0xFF,0xD4,0xD4,0xD4,0xFE,0xD1,0xD1,0xD1,0xFE,0xC5,0xC5,
    0xC5,0xFF,0xBD,0xBD,0xBD,0xFE,0xBE,0xBE,0xBE,0xFE,0x9F,0x9E,
    0x9C,0xFF,0x65,0x61,0x5C,0xFE,0x6A,0x65,0x5E,0xFF,0x6E,0x69,
    0x61,0xFE,0x60,0x5B,0x53,0xFE,0x48,0x44,0x3E,0xFF,0x3F,0x3B,
    0x35,0xFE,0x3F,0x3B,0x34,0xFE,0x46,0x42,0x3B,0xBE,0x48,0x43,
    0x3C,0x06,0x00,0x00,0x00,0x00,0x00,0x00,0x00,0x00,0x00,0x00,
    0x00,0x00,0x00,0x00,0x00,0x00,0x00,0x00,0x00,0x00,0x00,0x00,
    0x00,0x00,0x00,0x00,0x00,0x00,0x00,0x00,0x00,0x00,0x00,0x00,
    0x00,0x00,0x00,0x00,0x00,0x00,0x00,0x00,0x00,0x00,0x00,0x00,
    0x00,0x00,0x00,0x00,0x00,0x00,0x00,0x00,0x00,0x00,0x00,0x00,
    0x00,0x00,0x00,0x00,0x00,0x00,0x00,0x00,0x00,0x00,0x00,0x00,
    0x00,0x00,0x00,0x00,0x00,0x00,0x00,0x00,0x00,0x00,0x00,0x00,
    0x00,0x00,0x4D,0x4A,0x45,0x44,0x4C,0x49,0x43,0xF0,0x4E,0x4B,
    0x46,0xFF,0x52,0x4E,0x49,0xFF,0x6E,0x6C,0x6A,0xFF,0xB9,0xB9,
    0xB9,0xFF,0xC6,0xC6,0xC6,0xFF,0xC3,0xC3,0xC3,0xFF,0xCB,0xCB,
    0xCB,0xFF,0xD2,0xD2,0xD2,0xFF,0xD4,0xD4,0xD4,0xFF,0xCD,0xCD,
    0xCD,0xFF,0xC2,0xC2,0xC2,0xFF,0xC0,0xC0,0xC0,0xFF,0xC5,0xC5,
    0xC5,0xFF,0xC6,0xC6,0xC6,0xFF,0xC2,0xC2,0xC2,0xFF,0xBE,0xBE,
    0xBE,0xFF,0x9B,0x99,0x97,0xFF,0x65,0x61,0x5B,0xFF,0x6A,0x66,
    0x5F,0xFF,0x6F,0x69,0x62,0xFF,0x60,0x5B,0x53,0xFF,0x47,0x43,
    0x3C,0xFF,0x3F,0x3B,0x35,0xFF,0x3F,0x3B,0x34,0xFF,0x47,0x43,
    0x3C,0xA8,0x47,0x43,0x3C,0x03,0x00,0x00,0x00,0x00,0x00,0x00,
    0x00,0x00,0x00,0x00,0x00,0x00,0x00,0x00,0x00,0x00,0x00,0x00,
    0x00,0x00,0x00,0x00,0x00,0x00,0x00,0x00,0x00,0x00,0x00,0x00,
    0x00,0x00,0x00,0x00,0x00,0x00,0x00,0x00,0x00,0x00,0x00,0x00,
    0x00,0x00,0x00,0x00,0x00,0x00,0x00,0x00,0x00,0x00,0x00,0x00,
    0x00,0x00,0x00,0x00,0x00,0x00,0x00,0x00,0x00,0x00,0x00,0x00,
    0x00,0x00,0x00,0x00,0x00,0x00,0x00,0x00,0x00,0x00,0x00,0x00,
    0x00,0x00,0x00,0x00,0x00,0x00,0x4D,0x4A,0x44,0x37,0x4C,0x49,
    0x44,0xEB,0x4E,0x4B,0x45,0xFE,0x46,0x45,0x45,0xFE,0xB3,0xB3,
    0xB3,0xFF,0xC9,0xC9,0xC9,0xFE,0xD0,0xD0,0xD0,0xFE,0xD0,0xD0,
    0xD0,0xFF,0xC3,0xC3,0xC3,0xFE,0xBB,0xBB,0xBB,0xFE,0xC0,0xC0,
    0xC0,0xFF,0xC9,0xC9,0xC9,0xFE,0xCD,0xCD,0xCD,0xFE,0xCD,0xCD,
    0xCD,0xFF,0xCB,0xCB,0xCB,0xFE,0xC7,0xC7,0xC7,0xFE,0xC1,0xC1,
    0xC1,0xFF,0xBB,0xBB,0xBB,0xFE,0x95,0x93,0x91,0xFF,0x64,0x60,
    0x5A,0xFE,0x6B,0x67,0x60,0xFE,0x6F,0x6A,0x62,0xFF,0x5F,0x59,
    0x52,0xFE,0x46,0x42,0x3C,0xFE,0x3F,0x3B,0x35,0xFF,0x3F,0x3B,
    0x34,0xFE,0x48,0x43,0x3C,0x8C,0x46,0x42,0x3B,0x01,0x00,0x00,
    0x00,0x00,0x00,0x00,0x00,0x00,0x00,0x00,0x00,0x00,0x00,0x00,
    0x00,0x00,0x00,0x00,0x00,0x00,0x00,0x00,0x00,0x00,0x00,0x00,
    0x00,0x00,0x00,0x00,0x00,0x00,0x00,0x00,0x00,0x00,0x00,0x00,
    0x00,0x00,0x00,0x00,0x00,0x00,0x00,0x00,0x00,0x00,0x00,0x00,
    0x00,0x00,0x00,0x00,0x00,0x00,0x00,0x00,0x00,0x00,0x00,0x00,
    0x00,0x00,0x00,0x00,0x00,0x00,0x00,0x00,0x00,0x00,0x00,0x00,
    0x00,0x00,0x00,0x00,0x00,0x00,0x00,0x00,0x00,0x00,0x4D,0x4A,
    0x45,0x2C,0x4C,0x48,0x43,0xE3,0x47,0x44,0x40,0xFE,0x4A,0x4A,
    0x4A,0xFF,0xBE,0xBE,0xBE,0xFE,0xC1,0xC1,0xC1,0xFE,0xB7,0xB7,
    0xB7,0xFF,0xBC,0xBC,0xBC,0xFE,0xC7,0xC7,0xC7,0xFE,0xCD,0xCD,
    0xCD,0xFF,0xD0,0xD0,0xD0,0xFE,0xD1,0xD1,0xD1,0xFE,0xD0,0xD0,
    0xD0,0xFF,0xCC,0xCC,0xCC,0xFE,0xC8,0xC8,0xC8,0xFE,0xC1,0xC1,
    0xC1,0xFF,0xBB,0xBB,0xBB,0xFE,0xB4,0xB4,0xB4,0xFF,0x8C,0x8A,
    0x88,0xFE,0x64,0x60,0x5A,0xFE,0x6D,0x68,0x61,0xFF,0x6F,0x69,
    0x61,0xFE,0x5E,0x59,0x51,0xFE,0x47,0x43,0x3C,0xFF,0x3F,0x3B,
    0x34,0xFE,0x3F,0x3B,0x34,0xFE,0x49,0x44,0x3D,0x71,0x00,0x00,
    0x00,0x00,0x00,0x00,0x00,0x00,0x00,0x00,0x00,0x00,0x00,0x00,
    0x00,0x00,0x00,0x00,0x00,0x00,0x00,0x00,0x00,0x00,0x00,0x00,
    0x00,0x00,0x00,0x00,0x00,0x00,0x00,0x00,0x00,0x00,0x00,0x00,
    0x00,0x00,0x00,0x00,0x00,0x00,0x00,0x00,0x00,0x00,0x00,0x00,
    0x00,0x00,0x00,0x00,0x00,0x00,0x00,0x00,0x00,0x00,0x00,0x00,
    0x00,0x00,0x00,0x00,0x00,0x00,0x00,0x00,0x00,0x00,0x00,0x00,
    0x00,0x00,0x00,0x00,0x00,0x00,0x00,0x00,0x00,0x00,0x00,0x00,
    0x00,0x00,0x4B,0x48,0x43,0x21,0x4C,0x49,0x44,0xD9,0x49,0x46,
    0x42,0xFF,0x45,0x45,0x44,0xFF,0xAD,0xAD,0xAD,0xFF,0xC0,0xC0,
    0xC0,0xFF,0xC7,0xC7,0xC7,0xFF,0xCD,0xCD,0xCD,0xFF,0xD1,0xD1,
    0xD1,0xFF,0xD3,0xD3,0xD3,0xFF,0xD4,0xD4,0xD4,0xFF,0xD1,0xD1,
    0xD1,0xFF,0xCE,0xCE,0xCE,0xFF,0xC9,0xC9,0xC9,0xFF,0xC1,0xC1,
    0xC1,0xFF,0xBA,0xBA,0xBA,0xFF,0xB2,0xB2,0xB2,0xFF,0xAC,0xAC,
    0xAC,0xFF,0x85,0x83,0x80,0xFF,0x64,0x60,0x5A,0xFF,0x6D,0x68,
    0x61,0xFF,0x6F,0x6A,0x62,0xFF,0x5E,0x59,0x51,0xFF,0x46,0x42,
    0x3C,0xFF,0x3F,0x3B,0x35,0xFF,0x3F,0x3B,0x34,0xFD,0x48,0x43,
    0x3C,0x55,0x00,0x00,0x00,0x00,0x00,0x00,0x00,0x00,0x00,0x00,
    0x00,0x00,0x00,0x00,0x00,0x00,0x00,0x00,0x00,0x00,0x00,0x00,
    0x00,0x00,0x00,0x00,0x00,0x00,0x00,0x00,0x00,0x00,0x00,0x00,
    0x00,0x00,0x00,0x00,0x00,0x00,0x00,0x00,0x00,0x00,0x00,0x00,
    0x00,0x00,0x00,0x00,0x00,0x00,0x00,0x00,0x00,0x00,0x00,0x00,
    0x00,0x00,0x00,0x00,0x00,0x00,0x00,0x00,0x00,0x00,0x00,0x00,
    0x00,0x00,0x00,0x00,0x00,0x00,0x00,0x00,0x00,0x00,0x00,0x00,
    0x00,0x00,0x00,0x00,0x00,0x00,0x4C,0x49,0x44,0x19,0x4D,0x49,
    0x44,0xD0,0x4B,0x48,0x44,0xFE,0x47,0x47,0x46,0xFE,0xB5,0xB5,
    0xB5,0xFF,0xCB,0xCB,0xCB,0xFE,0xD0,0xD0,0xD0,0xFE,0xD3,0xD3,
    0xD3,0xFF,0xD4,0xD4,0xD4,0xFE,0xD4,0xD4,0xD4,0xFE,0xD1,0xD1,
    0xD1,0xFF,0xCD,0xCD,0xCD,0xFE,0xC7,0xC7,0xC7,0xFE,0xBF,0xBF,
    0xBF,0xFF,0xB8,0xB8,0xB8,0xFE,0xB0,0xB0,0xB0,0xFF,0xA8,0xA8,
    0xA8,0xFE,0xA2,0xA2,0xA2,0xFE,0x7D,0x7B,0x78,0xFF,0x64,0x60,
    0x5A,0xFE,0x6D,0x68,0x61,0xFE,0x6F,0x6A,0x62,0xFF,0x5E,0x59,
    0x51,0xFE,0x46,0x42,0x3C,0xFE,0x3E,0x3A,0x34,0xFF,0x40,0x3C,
    0x36,0xF4,0x46,0x42,0x3B,0x3D,0x00,0x00,0x00,0x00,0x00,0x00,
    0x00,0x00,0x00,0x00,0x00,0x00,0x00,0x00,0x00,0x00,0x00,0x00,
    0x00,0x00,0x00,0x00,0x00,0x00,0x00,0x00,0x00,0x00,0x00,0x00,
    0x00,0x00,0x00,0x00,0x00,0x00,0x00,0x00,0x00,0x00,0x00,0x00,
    0x00,0x00,0x00,0x00,0x00,0x00,0x00,0x00,0x00,0x00,0x00,0x00,
    0x00,0x00,0x00,0x00,0x00,0x00,0x00,0x00,0x00,0x00,0x00,0x00,
    0x00,0x00,0x00,0x00,0x00,0x00,0x00,0x00,0x00,0x00,0x00,0x00,
    0x00,0x00,0x00,0x00,0x00,0x00,0x00,0x00,0x00,0x00,0x4E,0x4B,
    0x46,0x13,0x4D,0x49,0x44,0xC5,0x4D,0x4A,0x46,0xFF,0x4B,0x4B,
    0x4A,0xFF,0xB9,0xB9,0xB9,0xFF,0xD0,0xD0,0xD0,0xFF,0xD2,0xD2,
    0xD2,0xFF,0xD3,0xD3,0xD3,0xFF,0xD2,0xD2,0xD2,0xFF,0xCF,0xCF,
    0xCF,0xFF,0xCB,0xCB,0xCB,0xFF,0xC4,0xC4,0xC4,0xFF,0xBC,0xBC,
    0xBC,0xFF,0xB5,0xB5,0xB5,0xFF,0xAC,0xAC,0xAC,0xFF,0xA5,0xA5,
    0xA5,0xFF,0x9F,0x9F,0x9F,0xFF,0x73,0x73,0x73,0xFF,0x4E,0x4C,
    0x48,0xFF,0x65,0x60,0x5A,0xFF,0x6E,0x69,0x62,0xFF,0x70,0x6A,
    0x62,0xFF,0x5D,0x58,0x51,0xFF,0x46,0x42,0x3C,0xFF,0x3F,0x3B,
    0x34,0xFF,0x3F,0x3B,0x35,0xEA,0x43,0x3E,0x38,0x28,0x00,0x00,
    0x00,0x00,0x00,0x00,0x00,0x00,0x00,0x00,0x00,0x00,0x00,0x00,
    0x00,0x00,0x00,0x00,0x00,0x00,0x00,0x00,0x00,0x00,0x00,0x00,
    0x00,0x00,0x00,0x00,0x00,0x00,0x00,0x00,0x00,0x00,0x00,0x00,
    0x00,0x00,0x00,0x00,0x00,0x00,0x00,0x00,0x00,0x00,0x00,0x00,
    0x00,0x00,0x00,0x00,0x00,0x00,0x00,0x00,0x00,0x00,0x00,0x00,
    0x00,0x00,0x00,0x00,0x00,0x00,0x00,0x00,0x00,0x00,0x00,0x00,
    0x00,0x00,0x00,0x00,0x00,0x00,0x00,0x00,0x00,0x00,0x00,0x00,
    0x00,0x00,0x4D,0x4A,0x45,0x0C,0x4D,0x4A,0x45,0xB7,0x4F,0x4C,
    0x48,0xFF,0x4F,0x4E,0x4D,0xFE,0xB5,0xB5,0xB5,0xFE,0xCF,0xCF,
    0xCF,0xFF,0xCF,0xCF,0xCF,0xFE,0xCE,0xCE,0xCE,0xFE,0xCB,0xCB,
    0xCB,0xFF,0xC6,0xC6,0xC6,0xFE,0xBF,0xBF,0xBF,0xFE,0xB8,0xB8,
    0xB8,0xFF,0xB1,0xB1,0xB1,0xFE,0xA8,0xA8,0xA8,0xFF,0x90,0x90,
    0x90,0xFE,0x60,0x60,0x60,0xFE,0x32,0x32,0x32,0xFF,0x46,0x44,
    0x41,0xFE,0x64,0x60,0x5A,0xFE,0x65,0x61,0x5B,0xFF,0x6F,0x6A,
    0x63,0xFE,0x6F,0x6A,0x62,0xFE,0x5D,0x58,0x50,0xFF,0x45,0x41,
    0x3A,0xFE,0x3D,0x39,0x33,0xFE,0x3D,0x39,0x33,0xDD,0x3E,0x3A,
    0x34,0x16,0x00,0x00,0x00,0x00,0x00,0x00,0x00,0x00,0x00,0x00,
    0x00,0x00,0x00,0x00,0x00,0x00,0x00,0x00,0x00,0x00,0x00,0x00,
    0x00,0x00,0x00,0x00,0x00,0x00,0x00,0x00,0x00,0x00,0x00,0x00,
    0x00,0x00,0x00,0x00,0x00,0x00,0x00,0x00,0x00,0x00,0x00,0x00,
    0x00,0x00,0x00,0x00,0x00,0x00,0x00,0x00,0x00,0x00,0x00,0x00,
    0x00,0x00,0x00,0x00,0x00,0x00,0x00,0x00,0x00,0x00,0x00,0x00,
    0x00,0x00,0x00,0x00,0x00,0x00,0x00,0x00,0x00,0x00,0x00,0x00,
    0x00,0x00,0x00,0x00,0x00,0x00,0x4F,0x4B,0x47,0x07,0x4F,0x4C,
    0x47,0xAB,0x51,0x4D,0x49,0xFE,0x52,0x51,0x50,0xFE,0xB0,0xB0,
    0xB0,0xFF,0xCA,0xCA,0xCA,0xFE,0xC9,0xC9,0xC9,0xFE,0xC5,0xC5,
    0xC5,0xFF,0xBF,0xBF,0xBF,0xFE,0xB9,0xB9,0xB9,0xFE,0xA9,0xA9,
    0xA9,0xFF,0x7A,0x7A,0x7A,0xFE,0x4B,0x4B,0x4B,0xFF,0x33,0x33,
    0x33,0xFE,0x37,0x37,0x36,0xFE,0x4C,0x4B,0x48,0xFF,0x63,0x5F,
    0x59,0xFE,0x63,0x5F,0x59,0xFE,0x63,0x5F,0x5A,0xFF,0x65,0x61,
    0x5B,0xFE,0x6E,0x6A,0x62,0xFE,0x70,0x6A,0x62,0xFF,0x5C,0x57,
    0x4F,0xFE,0x43,0x3F,0x39,0xFE,0x3A,0x36,0x30,0xFF,0x3B,0x37,
    0x32,0xA5,0x00,0x00,0x00,0x00,0x00,0x00,0x00,0x00,0x00,0x00,
    0x00,0x00,0x00,0x00,0x00,0x00,0x00,0x00,0x00,0x00,0x00,0x00,
    0x00,0x00,0x00,0x00,0x00,0x00,0x00,0x00,0x00,0x00,0x00,0x00,
    0x00,0x00,0x00,0x00,0x00,0x00,0x00,0x00,0x00,0x00,0x00,0x00,
    0x00,0x00,0x00,0x00,0x00,0x00,0x00,0x00,0x00,0x00,0x00,0x00,
    0x00,0x00,0x00,0x00,0x00,0x00,0x00,0x00,0x00,0x00,0x00,0x00,
    0x00,0x00,0x00,0x00,0x00,0x00,0x00,0x00,0x00,0x00,0x00,0x00,
    0x00,0x00,0x00,0x00,0x00,0x00,0x00,0x00,0x00,0x00,0x4F,0x4C,
    0x47,0x05,0x4E,0x4B,0x46,0x9C,0x52,0x4E,0x49,0xFE,0x54,0x53,
    0x52,0xFF,0xA6,0xA6,0xA6,0xFF,0xC1,0xC1,0xC1,0xFF,0xBB,0xBB,
    0xBB,0xFF,0x91,0x91,0x91,0xFF,0x59,0x59,0x59,0xFF,0x30,0x30,
    0x30,0xFF,0x2D,0x2D,0x2D,0xFF,0x3E,0x3D,0x3C,0xFF,0x54,0x51,
    0x4E,0xFF,0x62,0x5E,0x59,0xFF,0x63,0x5F,0x59,0xFF,0x62,0x5E,
    0x58,0xFF,0x62,0x5F,0x59,0xFF,0x63,0x5F,0x59,0xFF,0x63,0x5F,
    0x59,0xFF,0x66,0x61,0x5B,0xFF,0x70,0x6B,0x64,0xFF,0x70,0x6B,
    0x63,0xFF,0x5A,0x55,0x4E,0xFF,0x42,0x3E,0x38,0xFF,0x36,0x33,
    0x2E,0xF9,0x3A,0x37,0x31,0x21,0x00,0x00,0x00,0x00,0x00,0x00,
    0x00,0x00,0x00,0x00,0x00,0x00,0x00,0x00,0x00,0x00,0x00,0x00,
    0x00,0x00,0x00,0x00,0x00,0x00,0x00,0x00,0x00,0x00,0x00,0x00,
    0x00,0x00,0x00,0x00,0x00,0x00,0x00,0x00,0x00,0x00,0x00,0x00,
    0x00,0x00,0x00,0x00,0x00,0x00,0x00,0x00,0x00,0x00,0x00,0x00,
    0x00,0x00,0x00,0x00,0x00,0x00,0x00,0x00,0x00,0x00,0x00,0x00,
    0x00,0x00,0x00,0x00,0x00,0x00,0x00,0x00,0x00,0x00,0x00,0x00,
    0x00,0x00,0x00,0x00,0x00,0x00,0x00,0x00,0x00,0x00,0x00,0x00,
    0x00,0x00,0x4F,0x4C,0x47,0x02,0x4F,0x4C,0x47,0x8B,0x52,0x4F,
    0x4A,0xFE,0x50,0x4F,0x4E,0xFE,0x65,0x65,0x65,0xFE,0x37,0x37,
    0x37,0xFF,0x26,0x26,0x26,0xFE,0x2F,0x2F,0x2E,0xFE,0x46,0x44,
    0x42,0xFF,0x5B,0x57,0x53,0xFE,0x61,0x5D,0x57,0xFF,0x60,0x5C,
    0x56,0xFE,0x61,0x5D,0x57,0xFE,0x61,0x5D,0x57,0xFF,0x62,0x5E,
    0x58,0xFE,0x62,0x5E,0x58,0xFE,0x63,0x5F,0x59,0xFF,0x64,0x60,
    0x5A,0xFE,0x64,0x60,0x5A,0xFE,0x66,0x62,0x5C,0xFF,0x70,0x6B,
    0x64,0xFE,0x6E,0x69,0x61,0xFE,0x56,0x51,0x4A,0xFF,0x3A,0x37,
    0x32,0xFE,0x38,0x35,0x30,0x63,0x00,0x00,0x00,0x00,0x00,0x00,
    0x00,0x00,0x00,0x00,0x00,0x00,0x00,0x00,0x00,0x00,0x00,0x00,
    0x00,0x00,0x00,0x00,0x00,0x00,0x00,0x00,0x00,0x00,0x00,0x00,
    0x00,0x00,0x00,0x00,0x00,0x00,0x00,0x00,0x00,0x00,0x00,0x00,
    0x00,0x00,0x00,0x00,0x00,0x00,0x00,0x00,0x00,0x00,0x00,0x00,
    0x00,0x00,0x00,0x00,0x00,0x00,0x00,0x00,0x00,0x00,0x00,0x00,
    0x00,0x00,0x00,0x00,0x00,0x00,0x00,0x00,0x00,0x00,0x00,0x00,
    0x00,0x00,0x00,0x00,0x00,0x00,0x00,0x00,0x00,0x00,0x00,0x00,
    0x00,0x00,0x00,0x00,0x00,0x00,0x00,0x00,0x00,0x00,0x51,0x4E,
    0x49,0x7D,0x51,0x4E,0x49,0xFD,0x42,0x41,0x3F,0xFE,0x3B,0x3A,
    0x38,0xFF,0x4F,0x4C,0x48,0xFE,0x5C,0x58,0x52,0xFE,0x5C,0x58,
    0x52,0xFF,0x5E,0x5A,0x54,0xFE,0x5E,0x5A,0x54,0xFF,0x60,0x5C,
    0x56,0xFE,0x61,0x5D,0x57,0xFE,0x61,0x5D,0x57,0xFF,0x62,0x5E,
    0x58,0xFE,0x62,0x5E,0x58,0xFE,0x63,0x5F,0x59,0xFF,0x62,0x5F,
    0x59,0xFE,0x63,0x5F,0x59,0xFE,0x64,0x60,0x5A,0xFF,0x66,0x61,
    0x5B,0xFE,0x6E,0x69,0x62,0xFE,0x67,0x62,0x5B,0xFF,0x4A,0x46,
    0x40,0xFE,0x3C,0x38,0x33,0x75,0x00,0x00,0x00,0x00,0x00,0x00,
    0x00,0x00,0x00,0x00,0x00,0x00,0x00,0x00,0x00,0x00,0x00,0x00,
    0x00,0x00,0x00,0x00,0x00,0x00,0x00,0x00,0x00,0x00,0x00,0x00,
    0x00,0x00,0x00,0x00,0x00,0x00,0x00,0x00,0x00,0x00,0x00,0x00,
    0x00,0x00,0x00,0x00,0x00,0x00,0x00,0x00,0x00,0x00,0x00,0x00,
    0x00,0x00,0x00,0x00,0x00,0x00,0x00,0x00,0x00,0x00,0x00,0x00,
    0x00,0x00,0x00,0x00,0x00,0x00,0x00,0x00,0x00,0x00,0x00,0x00,
    0x00,0x00,0x00,0x00,0x00,0x00,0x00,0x00,0x00,0x00,0x00,0x00,
    0x00,0x00,0x00,0x00,0x00,0x00,0x00,0x00,0x00,0x00,0x00,0x00,
    0x00,0x00,0x4E,0x4B,0x46,0x6D,0x50,0x4D,0x48,0xFC,0x53,0x50,
    0x4A,0xFF,0x56,0x52,0x4D,0xFF,0x59,0x55,0x4F,0xFF,0x5B,0x57,
    0x51,0xFF,0x5C,0x58,0x52,0xFF,0x5E,0x5A,0x54,0xFF,0x5E,0x5B,
    0x55,0xFF,0x5F,0x5B,0x55,0xFF,0x60,0x5C,0x56,0xFF,0x61,0x5D,
    0x57,0xFF,0x61,0x5D,0x57,0xFF,0x62,0x5E,0x58,0xFF,0x62,0x5F,
    0x59,0xFF,0x62,0x5E,0x58,0xFF,0x60,0x5C,0x56,0xFF,0x5F,0x5B,
    0x56,0xFF,0x5E,0x5A,0x54,0xFF,0x5F,0x5B,0x54,0xFF,0x50,0x4D,
    0x47,0xFE,0x47,0x44,0x3F,0x40,0x00,0x00,0x00,0x00,0x00,0x00,
    0x00,0x00,0x00,0x00,0x00,0x00,0x00,0x00,0x00,0x00,0x00,0x00,
    0x00,0x00,0x00,0x00,0x00,0x00,0x00,0x00,0x00,0x00,0x00,0x00,
    0x00,0x00,0x00,0x00,0x00,0x00,0x00,0x00,0x00,0x00,0x00,0x00,
    0x00,0x00,0x00,0x00,0x00,0x00,0x00,0x00,0x00,0x00,0x00,0x00,
    0x00,0x00,0x00,0x00,0x00,0x00,0x00,0x00,0x00,0x00,0x00,0x00,
    0x00,0x00,0x00,0x00,0x00,0x00,0x00,0x00,0x00,0x00,0x00,0x00,
    0x00,0x00,0x00,0x00,0x00,0x00,0x00,0x00,0x00,0x00,0x00,0x00,
    0x00,0x00,0x00,0x00,0x00,0x00,0x00,0x00,0x00,0x00,0x00,0x00,
    0x00,0x00,0x00,0x00,0x00,0x00,0x50,0x4C,0x47,0x5C,0x50,0x4D,
    0x48,0xF9,0x54,0x50,0x4B,0xFE,0x56,0x52,0x4C,0xFE,0x59,0x55,
    0x4F,0xFF,0x5A,0x56,0x50,0xFE,0x5C,0x58,0x52,0xFF,0x5D,0x59,
    0x53,0xFE,0x5E,0x5A,0x54,0xFE,0x5F,0x5B,0x55,0xFF,0x5F,0x5B,
    0x55,0xFE,0x5F,0x5B,0x55,0xFE,0x60,0x5C,0x56,0xFF,0x5F,0x5B,
    0x55,0xFE,0x5D,0x59,0x53,0xFE,0x5A,0x56,0x51,0xFF,0x56,0x52,
    0x4D,0xFE,0x50,0x4D,0x48,0xFE,0x4A,0x47,0x43,0xFF,0x46,0x43,
    0x3F,0xC7,0x4B,0x48,0x43,0x04,0x00,0x00,0x00,0x00,0x00,0x00,
    0x00,0x00,0x00,0x00,0x00,0x00,0x00,0x00,0x00,0x00,0x00,0x00,
    0x00,0x00,0x00,0x00,0x00,0x00,0x00,0x00,0x00,0x00,0x00,0x00,
    0x00,0x00,0x00,0x00,0x00,0x00,0x00,0x00,0x00,0x00,0x00,0x00,
    0x00,0x00,0x00,0x00,0x00,0x00,0x00,0x00,0x00,0x00,0x00,0x00,
    0x00,0x00,0x00,0x00,0x00,0x00,0x00,0x00,0x00,0x00,0x00,0x00,
    0x00,0x00,0x00,0x00,0x00,0x00,0x00,0x00,0x00,0x00,0x00,0x00,
    0x00,0x00,0x00,0x00,0x00,0x00,0x00,0x00,0x00,0x00,0x00,0x00,
    0x00,0x00,0x00,0x00,0x00,0x00,0x00,0x00,0x00,0x00,0x00,0x00,
    0x00,0x00,0x00,0x00,0x00,0x00,0x00,0x00,0x00,0x00,0x51,0x4D,
    0x48,0x50,0x50,0x4C,0x47,0xF4,0x54,0x50,0x4B,0xFE,0x56,0x52,
    0x4D,0xFF,0x57,0x53,0x4D,0xFE,0x59,0x56,0x50,0xFF,0x5A,0x56,
    0x50,0xFE,0x5B,0x57,0x52,0xFE,0x5B,0x57,0x51,0xFF,0x59,0x56,
    0x50,0xFE,0x59,0x55,0x50,0xFE,0x57,0x54,0x4E,0xFF,0x55,0x52,
    0x4D,0xFE,0x52,0x4F,0x4A,0xFE,0x4E,0x4B,0x47,0xFF,0x48,0x46,
    0x42,0xFE,0x44,0x41,0x3D,0xF2,0x42,0x40,0x3C,0x8F,0x45,0x42,
    0x3E,0x0F,0x00,0x00,0x00,0x00,0x00,0x00,0x00,0x00,0x00,0x00,
    0x00,0x00,0x00,0x00,0x00,0x00,0x00,0x00,0x00,0x00,0x00,0x00,
    0x00,0x00,0x00,0x00,0x00,0x00,0x00,0x00,0x00,0x00,0x00,0x00,
    0x00,0x00,0x00,0x00,0x00,0x00,0x00,0x00,0x00,0x00,0x00,0x00,
    0x00,0x00,0x00,0x00,0x00,0x00,0x00,0x00,0x00,0x00,0x00,0x00,
    0x00,0x00,0x00,0x00,0x00,0x00,0x00,0x00,0x00,0x00,0x00,0x00,
    0x00,0x00,0x00,0x00,0x00,0x00,0x00,0x00,0x00,0x00,0x00,0x00,
    0x00,0x00,0x00,0x00,0x00,0x00,0x00,0x00,0x00,0x00,0x00,0x00,
    0x00,0x00,0x00,0x00,0x00,0x00,0x00,0x00,0x00,0x00,0x00,0x00,
    0x00,0x00,0x00,0x00,0x00,0x00,0x00,0x00,0x00,0x00,0x00,0x00,
    0x00,0x00,0x50,0x4D,0x47,0x43,0x50,0x4C,0x47,0xF0,0x52,0x4E,
    0x49,0xFF,0x53,0x50,0x4A,0xFF,0x53,0x4F,0x4A,0xFF,0x52,0x4F,
    0x4A,0xFF,0x52,0x4F,0x49,0xFF,0x51,0x4E,0x49,0xFF,0x4F,0x4C,
    0x47,0xFF,0x4D,0x4A,0x46,0xFF,0x4A,0x47,0x42,0xFF,0x47,0x44,
    0x40,0xFF,0x44,0x41,0x3D,0xFE,0x43,0x41,0x3D,0xC8,0x44,0x41,
    0x3D,0x6C,0x44,0x41,0x3D,0x14,0x00,0x00,0x00,0x00,0x00,0x00,
    0x00,0x00,0x00,0x00,0x00,0x00,0x00,0x00,0x00,0x00,0x00,0x00,
    0x00,0x00,0x00,0x00,0x00,0x00,0x00,0x00,0x00,0x00,0x00,0x00,
    0x00,0x00,0x00,0x00,0x00,0x00,0x00,0x00,0x00,0x00,0x00,0x00,
    0x00,0x00,0x00,0x00,0x00,0x00,0x00,0x00,0x00,0x00,0x00,0x00,
    0x00,0x00,0x00,0x00,0x00,0x00,0x00,0x00,0x00,0x00,0x00,0x00,
    0x00,0x00,0x00,0x00,0x00,0x00,0x00,0x00,0x00,0x00,0x00,0x00,
    0x00,0x00,0x00,0x00,0x00,0x00,0x00,0x00,0x00,0x00,0x00,0x00,
    0x00,0x00,0x00,0x00,0x00,0x00,0x00,0x00,0x00,0x00,0x00,0x00,
    0x00,0x00,0x00,0x00,0x00,0x00,0x00,0x00,0x00,0x00,0x00,0x00,
    0x00,0x00,0x00,0x00,0x00,0x00,0x00,0x00,0x00,0x00,0x00,0x00,
    0x00,0x00,0x00,0x00,0x00,0x00,0x51,0x4D,0x48,0x33,0x4C,0x49,
    0x44,0xE8,0x4B,0x48,0x43,0xFE,0x4A,0x46,0x41,0xFF,0x48,0x45,
    0x40,0xFE,0x46,0x44,0x3F,0xFE,0x45,0x42,0x3E,0xFF,0x42,0x40,
    0x3B,0xFE,0x40,0x3D,0x39,0xFC,0x3E,0x3C,0x38,0xD0,0x40,0x3E,
    0x39,0x7C,0x42,0x3F,0x3B,0x25,0x00,0x00,0x00,0x00,0x00,0x00,
    0x00,0x00,0x00,0x00,0x00,0x00,0x00,0x00,0x00,0x00,0x00,0x00,
    0x00,0x00,0x00,0x00,0x00,0x00,0x00,0x00,0x00,0x00,0x00,0x00,
    0x00,0x00,0x00,0x00,0x00,0x00,0x00,0x00,0x00,0x00,0x00,0x00,
    0x00,0x00,0x00,0x00,0x00,0x00,0x00,0x00,0x00,0x00,0x00,0x00,
    0x00,0x00,0x00,0x00,0x00,0x00,0x00,0x00,0x00,0x00,0x00,0x00,
    0x00,0x00,0x00,0x00,0x00,0x00,0x00,0x00,0x00,0x00,0x00,0x00,
    0x00,0x00,0x00,0x00,0x00,0x00,0x00,0x00,0x00,0x00,0x00,0x00,
    0x00,0x00,0x00,0x00,0x00,0x00,0x00,0x00,0x00,0x00,0x00,0x00,
    0x00,0x00,0x00,0x00,0x00,0x00,0x00,0x00,0x00,0x00,0x00,0x00,
    0x00,0x00,0x00,0x00,0x00,0x00,0x00,0x00,0x00,0x00,0x00,0x00,
    0x00,0x00,0x00,0x00,0x00,0x00,0x00,0x00,0x00,0x00,0x00,0x00,
    0x00,0x00,0x00,0x00,0x00,0x00,0x00,0x00,0x00,0x00,0x4A,0x47,
    0x42,0x22,0x44,0x41,0x3C,0xCC,0x3E,0x3B,0x37,0xFF,0x3C,0x3A,
    0x35,0xFE,0x3C,0x39,0x35,0xF8,0x3B,0x38,0x34,0xC1,0x3D,0x3A,
    0x36,0x74,0x3E,0x3C,0x38,0x27,0x00,0x00,0x00,0x00,0x00,0x00,
    0x00,0x00,0x00,0x00,0x00,0x00,0x00,0x00,0x00,0x00,0x00,0x00,
    0x00,0x00,0x00,0x00,0x00,0x00,0x00,0x00,0x00,0x00,0x00,0x00,
    0x00,0x00,0x00,0x00,0x00,0x00,0x00,0x00,0x00,0x00,0x00,0x00,
    0x00,0x00,0x00,0x00,0x00,0x00,0x00,0x00,0x00,0x00,0x00,0x00,
    0x00,0x00,0x00,0x00,0x00,0x00,0x00,0x00,0x00,0x00,0x00,0x00,
    0x00,0x00,0x00,0x00,0x00,0x00,0x00,0x00,0x00,0x00,0x00,0x00,
    0x00,0x00,0x00,0x00,0x00,0x00,0x00,0x00,0x00,0x00,0x00,0x00,
    0x00,0x00,0x00,0x00,0x00,0x00,0x00,0x00,0x00,0x00,0x00,0x00,
    0x00,0x00,0x00,0x00,0x00,0x00,0x00,0x00,0x00,0x00,0x00,0x00,
    0x00,0x00,0x00,0x00,0x00,0x00,0x00,0x00,0x00,0x00,0x00,0x00,
    0x00,0x00,0x00,0x00,0x00,0x00,0x00,0x00,0x00,0x00,0x00,0x00,
    0x00,0x00,0x00,0x00,0x00,0x00,0x00,0x00,0x00,0x00,0x00,0x00,
    0x00,0x00,0x00,0x00,0x00,0x00,0x00,0x00,0x00,0x00,0x00,0x00,
    0x00,0x00,0x41,0x3E,0x39,0x06,0x3C,0x39,0x35,0x52,0x3B,0x39,
    0x35,0x50,0x3C,0x39,0x35,0x14,0x00,0x00,0x00,0x00,0x00,0x00,
    0x00,0x00,0x00,0x00,0x00,0x00,0x00,0x00,0x00,0x00,0x00,0x00,
    0x00,0x00,0x00,0x00,0x00,0x00,0x00,0x00,0x00,0x00,0x00,0x00,
    0x00,0x00,0x00,0x00,0x00,0x00,0x00,0x00,0x00,0x00,0x00,0x00,
    0x00,0x00,0x00,0x00,0x00,0x00,0x00,0x00,0x00,0x00,0x00,0x00,
    0x00,0x00,0x00,0x00,0x00,0x00,0x00,0x00,0x00,0x00,0x00,0x00,
    0x00,0x00,0x00,0x00,0x00,0x00,0x00,0x00,0x00,0x00,0x00,0x00,
    0x00,0x00,0x00,0x00,0x00,0x00,0x00,0x00,0x00,0x00,0x00,0x00,
    0x00,0x00,0x00,0x00,0x00,0x00,0x00,0x00,0x00,0x00,0x00,0x00,
    0x00,0x00,0x00,0x00,0x00,0x00,0x00,0x00,0x00,0x00,0x00,0x00,
    0x00,0x00,0x00,0x00,0x00,0x00,0x00,0x00,0x00,0x00,0x00,0x00,
    0x00,0x00,0x00,0x00,0x00,0x00,0x00,0x00,0x00,0x00,0x00,0x00,
    0x00,0x00,0x00,0x00,0x00,0x00,0x00,0x00,0x00,0x00,0x00,0x00,
    0x00,0x00,0x00,0x00,0x00,0x00,0x00,0x00,0x00,0x00,0x00,0x00,
    0x00,0x00,0x00,0x00,0x00,0x00,0x00,0x00,0x00,0x00,0x00,0x00,
    0x00,0x00,0x00,0x00,0x00,0x00,0x00,0x00,0x00,0x00,0x00,0x00,
    0x00,0x00,0x00,0x00,0x00,0x00,0x00,0x00,0x00,0x00,0x00,0x00,
    0x00,0x00,0x00,0x00,0x00,0x00,0x00,0x00,0x00,0x00,0x00,0x00,
    0x00,0x00,0x00,0x00,0x00,0x00,0x00,0x00,0x00,0x00,0x00,0x00,
    0x00,0x00,0x00,0x00,0x00,0x00,0x00,0x00,0x00,0x00,0x00,0x00,
    0x00,0x00,0x00,0x00,0x00,0x00,0x00,0x00,0x00,0x00,0x00,0x00,
    0x00,0x00,0x00,0x00,0x00,0x00,0x00,0x00,0x00,0x00,0x00,0x00,
    0x00,0x00,0x00,0x00,0x00,0x00,0x00,0x00,0x00,0x00,0x00,0x00,
    0x00,0x00,0x00,0x00,0x00,0x00,0x00,0x00,0x00,0x00,0x00,0x00,
    0x00,0x00,0x00,0x00,0x00,0x00,0x00,0x00,0x00,0x00,0x00,0x00,
    0x00,0x00,0x00,0x00,0x00,0x00,0x00,0x00,0x00,0x00,0x00,0x00,
    0x00,0x00,0x00,0x00,0x00,0x00,0x00,0x00,0x00,0x00,0x00,0x00,
    0x00,0x00,0x00,0x00,0x00,0x00,0x00,0x00,0x00,0x00,0x00,0x00,
    0x00,0x00,0x00,0x00,0x00,0x00,0x00,0x00,0x00,0x00,0x00,0x00,
    0x00,0x00,0x00,0x00,0x00,0x00,0x00,0x00,0x00,0x00,0x00,0x00,
    0x00,0x00,0x00,0x00,0x00,0x00,0x00,0x00,0x00,0x00,0x00,0x00,
    0x00,0x00,0x00,0x00,0x00,0x00,0x00,0x00,0x00,0x00,0x00,0x00,
    0x00,0x00,0x00,0x00,0x00,0x00,0x00,0x00,0x00,0x00,0x00,0x00,
    0x00,0x00,0x00,0x00,0x00,0x00,0x00,0x00,0x00,0x00,0x00,0x00,
    0x00,0x00,0x00,0x00,0x00,0x00,0x00,0x00,0x00,0x00,0x00,0x00,
    0x00,0x00,0x00,0x00,0x00,0x00,0x00,0x00,0x00,0x00,0x00,0x00,
    0x00,0x00,0x00,0x00,0x00,0x00,0x00,0x00,0x00,0x00,0x00,0x00,
    0x00,0x00,0x00,0x00,0x00,0x00,0x00,0x00,0x00,0x00,0x00,0x00,
    0x00,0x00,0x00,0x00,0x00,0x00,0x00,0x00,0x00,0x00,0x00,0x00,
    0x00,0x00,0x00,0x00,0x00,0x00,0x00,0x00,0x00,0x00,0x00,0x00,
    0x00,0x00,0x00,0x00,0x00,0x00,0x00,0x00,0x00,0x00,0x00,0x00,
    0x00,0x00,0x00,0x00,0x00,0x00,0x00,0x00,0x00,0x00,0x00,0x00,
    0x00,0x00,0x00,0x00,0x00,0x00,0x00,0x00,0x00,0x00,0x00,0x00,
    0x00,0x00,0x00,0x00,0x00,0x00,0x00,0x00,0x00,0x00,0x00,0x00,
    0x00,0x00,0x00,0x00,0x00,0x00,0x00,0x00,0x00,0x00,0x00,0x00,
    0x00,0x00,0x00,0x00,0x00,0x00,0x00,0x00,0x00,0x00,0x00,0x00,
    0x00,0x00,0x00,0x00,0x00,0x00,0x00,0x00,0x00,0x00,0x00,0x00,
    0x00,0x00,0x00,0x00,0x00,0x00,0x00,0x00,0x00,0x00,0x00,0x00,
    0x00,0x00,0x00,0x00,0x00,0x00,0x00,0x00,0x00,0x00,0x00,0x00,
    0x00,0x00,0x00,0x00,0x00,0x00,0x00,0x00,0x00,0x00,0x00,0x00,
    0x00,0x00,0x00,0x00,0x00,0x00,0x00,0x00,0x00,0x00,0x00,0x00,
    0x00,0x00,0x00,0x00,0x00,0x00,0x00,0x00,0x00,0x00,0x00,0x00,
    0x00,0x00,0x00,0x00,0x00,0x00,0x00,0x00,0x00,0x00,0xFF,0xFF,
    0xFF,0xFF,0xFF,0xFF,0x00,0x00,0xFF,0xFF,0xFF,0xFF,0xFF,0xFF,
    0x00,0x00,0xFF,0xCF,0xFF,0xFF,0xFF,0xFF,0x00,0x00,0xFF,0x07,
    0xFF,0xFF,0xFF,0xFF,0x00,0x00,0xFC,0x03,0xFF,0xFF,0xFF,0xFF,
    0x00,0x00,0xE0,0x01,0xFF,0xFF,0xFF,0xFF,0x00,0x00,0x80,0x00,
    0xFF,0xFF,0xFF,0xFF,0x00,0x00,0x80,0x00,0x7F,0xFF,0xFF,0xFF,
    0x00,0x00,0x80,0x00,0x3F,0xFF,0xFF,0xFF,0x00,0x00,0x80,0x00,
    0x00,0x7F,0xFF,0xFF,0x00,0x00,0x80,0x00,0x00,0x7F,0xFF,0xFF,
    0x00,0x00,0xC0,0x00,0x00,0x3F,0xFF,0xFF,0x00,0x00,0xE0,0x00,
    0x00,0x1F,0xFF,0xFF,0x00,0x00,0xF0,0x00,0x00,0x0F,0xFF,0xFF,
    0x00,0x00,0xF8,0x00,0x00,0x07,0xFF,0xFF,0x00,0x00,0xFC,0x00,
    0x00,0x03,0xFF,0xFF,0x00,0x00,0xFC,0x00,0x00,0x01,0xFF,0xFF,
    0x00,0x00,0xFC,0x00,0x00,0x00,0xFF,0xFF,0x00,0x00,0xF8,0x00,
    0x00,0x00,0x7F,0xFF,0x00,0x00,0xF8,0x00,0x00,0x00,0x7F,0xFF,
    0x00,0x00,0xF8,0x00,0x00,0x00,0x3F,0xFF,0x00,0x00,0xFC,0x00,
    0x00,0x00,0x1F,0xFF,0x00,0x00,0xFE,0x00,0x00,0x00,0x0F,0xFF,
    0x00,0x00,0xFF,0x00,0x00,0x00,0x07,0xFF,0x00,0x00,0xFF,0xC0,
    0x00,0x00,0x03,0xFF,0x00,0x00,0xFF,0xE0,0x00,0x00,0x01,0xFF,
    0x00,0x00,0xFF,0xF0,0x00,0x00,0x00,0xFF,0x00,0x00,0xFF,0xF8,
    0x00,0x00,0x00,0x7F,0x00,0x00,0xFF,0xFC,0x00,0x00,0x00,0x3F,
    0x00,0x00,0xFF,0xFE,0x00,0x00,0x00,0x3F,0x00,0x00,0xFF,0xFF,
    0x00,0x00,0x00,0x1F,0x00,0x00,0xFF,0xFF,0x80,0x00,0x00,0x0F,
    0x00,0x00,0xFF,0xFF,0xC0,0x00,0x00,0x07,0x00,0x00,0xFF,0xFF,
    0xE0,0x00,0x00,0x03,0x00,0x00,0xFF,0xFF,0xF0,0x00,0x00,0x03,
    0x00,0x00,0xFF,0xFF,0xF8,0x00,0x00,0x01,0x00,0x00,0xFF,0xFF,
    0xFC,0x00,0x00,0x01,0x00,0x00,0xFF,0xFF,0xFF,0x00,0x00,0x01,
    0x00,0x00,0xFF,0xFF,0xFF,0x80,0x00,0x01,0x00,0x00,0xFF,0xFF,
    0xFF,0xC0,0x00,0x01,0x00,0x00,0xFF,0xFF,0xFF,0xE0,0x00,0x03,
    0x00,0x00,0xFF,0xFF,0xFF,0xF0,0x00,0x0F,0x00,0x00,0xFF,0xFF,
    0xFF,0xF8,0x00,0x7F,0x00,0x00,0xFF,0xFF,0xFF,0xFC,0x03,0xFF,
    0x00,0x00,0xFF,0xFF,0xFF,0xFE,0x1F,0xFF,0x00,0x00,0xFF,0xFF,
    0xFF,0xFF,0xFF,0xFF,0x00,0x00,0xFF,0xFF,0xFF,0xFF,0xFF,0xFF,
    0x00,0x00,0xFF,0xFF,0xFF,0xFF,0xFF,0xFF,0x00,0x00,0x28,0x00,
    0x00,0x00,0x20,0x00,0x00,0x00,0x40,0x00,0x00,0x00,0x01,0x00,
    0x20,0x00,0x00,0x00,0x00,0x00,0x80,0x10,0x00,0x00,0x00,0x00,
    0x00,0x00,0x00,0x00,0x00,0x00,0x00,0x00,0x00,0x00,0x00,0x00,
    0x00,0x00,0x00,0x00,0x00,0x00,0x00,0x00,0x00,0x00,0x00,0x00,
    0x00,0x00,0x00,0x00,0x00,0x00,0x00,0x00,0x00,0x00,0x00,0x00,
    0x00,0x00,0x00,0x00,0x00,0x00,0x00,0x00,0x00,0x00,0x00,0x00,
    0x00,0x00,0x00,0x00,0x00,0x00,0x00,0x00,0x00,0x00,0x00,0x00,
    0x00,0x00,0x00,0x00,0x00,0x00,0x00,0x00,0x00,0x00,0x00,0x00,
    0x00,0x00,0x00,0x00,0x00,0x00,0x00,0x00,0x00,0x00,0x00,0x00,
    0x00,0x00,0x00,0x00,0x00,0x00,0x00,0x00,0x00,0x00,0x00,0x00,
    0x00,0x00,0x00,0x00,0x00,0x00,0x00,0x00,0x00,0x00,0x00,0x00,
    0x00,0x00,0x00,0x00,0x00,0x00,0x00,0x00,0x00,0x00,0x00,0x00,
    0x00,0x00,0x00,0x00,0x00,0x00,0x00,0x00,0x00,0x00,0x00,0x00,
    0x00,0x00,0x00,0x00,0x00,0x00,0x00,0x00,0x00,0x00,0x00,0x00,
    0x00,0x00,0x00,0x00,0x00,0x00,0x00,0x00,0x00,0x00,0x00,0x00,
    0x00,0x00,0x00,0x00,0x00,0x00,0x00,0x00,0x00,0x00,0x00,0x00,
    0x00,0x00,0x31,0x31,0x31,0x1E,0x00,0x00,0x00,0x00,0x00,0x00,
    0x00,0x00,0x00,0x00,0x00,0x00,0x00,0x00,0x00,0x00,0x00,0x00,
    0x00,0x00,0x00,0x00,0x00,0x00,0x00,0x00,0x00,0x00,0x00,0x00,
    0x00,0x00,0x00,0x00,0x00,0x00,0x00,0x00,0x00,0x00,0x00,0x00,
    0x00,0x00,0x00,0x00,0x00,0x00,0x00,0x00,0x00,0x00,0x00,0x00,
    0x00,0x00,0x00,0x00,0x00,0x00,0x00,0x00,0x00,0x00,0x00,0x00,
    0x00,0x00,0x00,0x00,0x00,0x00,0x00,0x00,0x00,0x00,0x00,0x00,
    0x00,0x00,0x00,0x00,0x00,0x00,0x00,0x00,0x00,0x00,0x00,0x00,
    0x00,0x00,0x00,0x00,0x00,0x00,0x00,0x00,0x00,0x00,0x00,0x00,
    0x00,0x00,0x00,0x00,0x00,0x00,0x00,0x00,0x00,0x00,0x4C,0x4C,
    0x4C,0x02,0x54,0x54,0x54,0x4F,0x5A,0x5A,0x5A,0xC3,0x6E,0x6E,
    0x6E,0xFC,0x5F,0x5F,0x5F,0x5C,0x00,0x00,0x00,0x00,0x00,0x00,
    0x00,0x00,0x00,0x00,0x00,0x00,0x00,0x00,0x00,0x00,0x00,0x00,
    0x00,0x00,0x00,0x00,0x00,0x00,0x00,0x00,0x00,0x00,0x00,0x00,
    0x00,0x00,0x00,0x00,0x00,0x00,0x00,0x00,0x00,0x00,0x00,0x00,
    0x00,0x00,0x00,0x00,0x00,0x00,0x00,0x00,0x00,0x00,0x00,0x00,
    0x00,0x00,0x00,0x00,0x00,0x00,0x00,0x00,0x00,0x00,0x00,0x00,
    0x00,0x00,0x00,0x00,0x00,0x00,0x00,0x00,0x00,0x00,0x00,0x00,
    0x00,0x00,0x00,0x00,0x00,0x00,0x00,0x00,0x00,0x00,0x00,0x00,
    0x00,0x00,0x00,0x00,0x00,0x00,0x00,0x00,0x00,0x00,0x53,0x53,
    0x53,0x09,0x63,0x63,0x63,0x66,0x7B,0x7B,0x7B,0xD8,0x97,0x97,
    0x97,0xFF,0x75,0x75,0x75,0xFF,0x70,0x70,0x70,0xFF,0x8E,0x8E,
    0x8E,0xF9,0x62,0x62,0x62,0x48,0x00,0x00,0x00,0x00,0x00,0x00,
    0x00,0x00,0x00,0x00,0x00,0x00,0x00,0x00,0x00,0x00,0x00,0x00,
    0x00,0x00,0x00,0x00,0x00,0x00,0x00,0x00,0x00,0x00,0x00,0x00,
    0x00,0x00,0x00,0x00,0x00,0x00,0x00,0x00,0x00,0x00,0x00,0x00,
    0x00,0x00,0x00,0x00,0x00,0x00,0x00,0x00,0x00,0x00,0x00,0x00,
    0x00,0x00,0x00,0x00,0x00,0x00,0x00,0x00,0x00,0x00,0x00,0x00,
    0x00,0x00,0x00,0x00,0x00,0x00,0x00,0x00,0x00,0x00,0x00,0x00,
    0x00,0x00,0x00,0x00,0x00,0x00,0x00,0x00,0x00,0x00,0x00,0x00,
    0x00,0x00,0x70,0x70,0x70,0x79,0x92,0x92,0x92,0xE8,0xAC,0xAC,
    0xAC,0xFF,0x7C,0x7C,0x7C,0xFF,0x5E,0x5E,0x5E,0xFF,0x9B,0x9B,
    0x9B,0xFF,0xE2,0xE2,0xE2,0xFF,0xC6,0xC6,0xC6,0xFF,0x8C,0x8C,
    0x8C,0xF3,0x62,0x62,0x62,0x35,0x00,0x00,0x00,0x00,0x00,0x00,
    0x00,0x00,0x00,0x00,0x00,0x00,0x00,0x00,0x00,0x00,0x00,0x00,
    0x00,0x00,0x00,0x00,0x00,0x00,0x00,0x00,0x00,0x00,0x00,0x00,
    0x00,0x00,0x00,0x00,0x00,0x00,0x00,0x00,0x00,0x00,0x00,0x00,
    0x00,0x00,0x00,0x00,0x00,0x00,0x00,0x00,0x00,0x00,0x00,0x00,
    0x00,0x00,0x00,0x00,0x00,0x00,0x00,0x00,0x00,0x00,0x00,0x00,
    0x00,0x00,0x00,0x00,0x00,0x00,0x00,0x00,0x00,0x00,0x00,0x00,
    0x00,0x00,0x00,0x00,0x00,0x00,0x00,0x00,0x00,0x00,0x8F,0x8F,
    0x8F,0xFE,0x81,0x81,0x81,0xFF,0x6E,0x6E,0x6E,0xFF,0xAB,0xAB,
    0xAB,0xFF,0xD9,0xD9,0xD9,0xFF,0xDA,0xDA,0xDA,0xFF,0xD6,0xD6,
    0xD6,0xFF,0xE6,0xE6,0xE6,0xFF,0xC5,0xC5,0xC5,0xFF,0x89,0x89,
    0x89,0xEA,0x62,0x62,0x62,0x27,0x00,0x00,0x00,0x00,0x00,0x00,
    0x00,0x00,0x00,0x00,0x00,0x00,0x00,0x00,0x00,0x00,0x00,0x00,
    0x00,0x00,0x00,0x00,0x00,0x00,0x00,0x00,0x00,0x00,0x00,0x00,
    0x00,0x00,0x00,0x00,0x00,0x00,0x00,0x00,0x00,0x00,0x00,0x00,
    0x00,0x00,0x00,0x00,0x00,0x00,0x00,0x00,0x00,0x00,0x00,0x00,
    0x00,0x00,0x00,0x00,0x00,0x00,0x00,0x00,0x00,0x00,0x00,0x00,
    0x00,0x00,0x00,0x00,0x00,0x00,0x00,0x00,0x00,0x00,0x00,0x00,
    0x00,0x00,0x00,0x00,0x00,0x00,0x7A,0x7A,0x7A,0xF4,0xA6,0xA6,
    0xA6,0xFF,0xC3,0xC3,0xC3,0xFF,0xD9,0xD9,0xD9,0xFF,0xEA,0xEA,
    0xEA,0xFF,0xE9,0xE9,0xE9,0xFF,0xC2,0xC2,0xC2,0xFF,0x8D,0x8D,
    0x8D,0xFF,0xDE,0xDE,0xDE,0xFF,0xC3,0xC3,0xC3,0xFF,0x86,0x86,
    0x86,0xE0,0x4E,0x4D,0x4C,0x2E,0x28,0x26,0x22,0x71,0x2B,0x28,
    0x24,0xBD,0x2F,0x2C,0x28,0xA4,0x3A,0x36,0x31,0x0F,0x00,0x00,
    0x00,0x00,0x00,0x00,0x00,0x00,0x00,0x00,0x00,0x00,0x00,0x00,
    0x00,0x00,0x00,0x00,0x00,0x00,0x00,0x00,0x00,0x00,0x00,0x00,
    0x00,0x00,0x00,0x00,0x00,0x00,0x00,0x00,0x00,0x00,0x00,0x00,
    0x00,0x00,0x00,0x00,0x00,0x00,0x00,0x00,0x00,0x00,0x00,0x00,
    0x00,0x00,0x00,0x00,0x00,0x00,0x00,0x00,0x00,0x00,0x00,0x00,
    0x00,0x00,0xA6,0xA6,0xA6,0x43,0xAF,0xAF,0xAF,0xF5,0xC2,0xC2,
    0xC2,0xFF,0xDF,0xDF,0xDF,0xFF,0xEC,0xEC,0xEC,0xFF,0xF1,0xF1,
    0xF1,0xFF,0x96,0x96,0x96,0xFF,0x54,0x54,0x54,0xFF,0xAA,0xAA,
    0xAA,0xFF,0xE4,0xE4,0xE4,0xFF,0xC2,0xC2,0xC2,0xFF,0x73,0x72,
    0x71,0xFE,0x2F,0x2D,0x28,0xFF,0x38,0x35,0x30,0xFF,0x37,0x33,
    0x2E,0xFF,0x3F,0x3A,0x34,0xC4,0x44,0x3F,0x39,0x09,0x00,0x00,
    0x00,0x00,0x00,0x00,0x00,0x00,0x00,0x00,0x00,0x00,0x00,0x00,
    0x00,0x00,0x00,0x00,0x00,0x00,0x00,0x00,0x00,0x00,0x00,0x00,
    0x00,0x00,0x00,0x00,0x00,0x00,0x00,0x00,0x00,0x00,0x00,0x00,
    0x00,0x00,0x00,0x00,0x00,0x00,0x00,0x00,0x00,0x00,0x00,0x00,
    0x00,0x00,0x00,0x00,0x00,0x00,0x00,0x00,0x00,0x00,0x00,0x00,
    0x00,0x00,0xB0,0xB0,0xB0,0x43,0xB6,0xB6,0xB6,0xF5,0x55,0x55,
    0x55,0xFF,0x4D,0x4D,0x4D,0xFF,0xD7,0xD7,0xD7,0xFF,0xD5,0xD5,
    0xD5,0xFF,0xCA,0xCA,0xCA,0xFF,0xC8,0xC8,0xC8,0xFF,0xCC,0xCC,
    0xCC,0xFF,0xE1,0xE1,0xE1,0xFF,0x99,0x98,0x96,0xFF,0x46,0x43,
    0x3E,0xFF,0x4F,0x4B,0x46,0xFF,0x3B,0x37,0x31,0xFF,0x3B,0x37,
    0x32,0xFF,0x43,0x3E,0x38,0xAE,0x47,0x42,0x3B,0x02,0x00,0x00,
    0x00,0x00,0x00,0x00,0x00,0x00,0x00,0x00,0x00,0x00,0x00,0x00,
    0x00,0x00,0x00,0x00,0x00,0x00,0x00,0x00,0x00,0x00,0x00,0x00,
    0x00,0x00,0x00,0x00,0x00,0x00,0x00,0x00,0x00,0x00,0x00,0x00,
    0x00,0x00,0x00,0x00,0x00,0x00,0x00,0x00,0x00,0x00,0x00,0x00,
    0x00,0x00,0x00,0x00,0x00,0x00,0x00,0x00,0x00,0x00,0x00,0x00,
    0x00,0x00,0xAD,0xAD,0xAD,0x43,0x9C,0x9C,0x9C,0xF5,0xB4,0xB4,
    0xB4,0xFF,0xCA,0xCA,0xCA,0xFF,0xC4,0xC4,0xC4,0xFF,0xC1,0xC1,
    0xC1,0xFF,0xBF,0xBF,0xBF,0xFF,0xB0,0xB0,0xB0,0xFF,0x81,0x80,
    0x7D,0xFF,0x66,0x62,0x5D,0xFF,0x70,0x6C,0x65,0xFF,0x6A,0x65,
    0x5E,0xFF,0x4D,0x48,0x41,0xFF,0x3E,0x39,0x33,0xFF,0x3D,0x39,
    0x33,0xFF,0x46,0x42,0x3B,0x95,0x00,0x00,0x00,0x00,0x00,0x00,
    0x00,0x00,0x00,0x00,0x00,0x00,0x00,0x00,0x00,0x00,0x00,0x00,
    0x00,0x00,0x00,0x00,0x00,0x00,0x00,0x00,0x00,0x00,0x00,0x00,
    0x00,0x00,0x00,0x00,0x00,0x00,0x00,0x00,0x00,0x00,0x00,0x00,
    0x00,0x00,0x00,0x00,0x00,0x00,0x00,0x00,0x00,0x00,0x00,0x00,
    0x00,0x00,0x00,0x00,0x00,0x00,0x00,0x00,0x00,0x00,0x00,0x00,
    0x00,0x00,0x84,0x83,0x82,0x61,0xA8,0xA8,0xA8,0xFF,0xB5,0xB5,
    0xB5,0xFF,0xB2,0xB2,0xB2,0xFF,0xA1,0xA1,0xA0,0xFF,0x78,0x76,
    0x73,0xFF,0x67,0x63,0x5D,0xFF,0x70,0x6B,0x64,0xFF,0x6A,0x65,
    0x5F,0xFF,0x60,0x5C,0x57,0xFF,0x62,0x5E,0x57,0xFF,0x66,0x61,
    0x59,0xFF,0x4D,0x49,0x42,0xFF,0x3E,0x3A,0x34,0xFF,0x3F,0x3B,
    0x34,0xFF,0x47,0x43,0x3C,0x79,0x00,0x00,0x00,0x00,0x00,0x00,
    0x00,0x00,0x00,0x00,0x00,0x00,0x00,0x00,0x00,0x00,0x00,0x00,
    0x00,0x00,0x00,0x00,0x00,0x00,0x00,0x00,0x00,0x00,0x00,0x00,
    0x00,0x00,0x00,0x00,0x00,0x00,0x00,0x00,0x00,0x00,0x00,0x00,
    0x00,0x00,0x00,0x00,0x00,0x00,0x00,0x00,0x00,0x00,0x00,0x00,
    0x00,0x00,0x00,0x00,0x00,0x00,0x00,0x00,0x00,0x00,0x3E,0x3B,
    0x37,0xAC,0x54,0x52,0x4F,0xFF,0x84,0x83,0x81,0xFF,0x69,0x66,
    0x63,0xFF,0x69,0x65,0x5F,0xFF,0x70,0x6C,0x65,0xFF,0x64,0x60,
    0x59,0xFF,0x60,0x5C,0x56,0xFF,0x60,0x5C,0x57,0xFF,0x61,0x5E,
    0x58,0xFF,0x62,0x5E,0x58,0xFF,0x64,0x60,0x59,0xFF,0x67,0x61,
    0x5A,0xFF,0x4E,0x4A,0x43,0xFF,0x40,0x3C,0x35,0xFF,0x3F,0x3B,
    0x35,0xFE,0x47,0x42,0x3B,0x5E,0x00,0x00,0x00,0x00,0x00,0x00,
    0x00,0x00,0x00,0x00,0x00,0x00,0x00,0x00,0x00,0x00,0x00,0x00,
    0x00,0x00,0x00,0x00,0x00,0x00,0x00,0x00,0x00,0x00,0x00,0x00,
    0x00,0x00,0x00,0x00,0x00,0x00,0x00,0x00,0x00,0x00,0x00,0x00,
    0x00,0x00,0x00,0x00,0x00,0x00,0x00,0x00,0x00,0x00,0x00,0x00,
    0x00,0x00,0x55,0x52,0x4D,0x09,0x4D,0x4A,0x45,0xF7,0x53,0x50,
    0x4A,0xFF,0x69,0x65,0x5F,0xFF,0x6E,0x69,0x63,0xFF,0x5F,0x5A,
    0x54,0xFF,0x5D,0x59,0x53,0xFF,0x5F,0x5B,0x55,0xFF,0x60,0x5C,
    0x56,0xFF,0x61,0x5D,0x57,0xFF,0x62,0x5E,0x59,0xFF,0x63,0x5F,
    0x59,0xFF,0x64,0x60,0x5A,0xFF,0x65,0x61,0x5B,0xFF,0x68,0x62,
    0x5A,0xFF,0x4E,0x49,0x42,0xFF,0x3F,0x3B,0x34,0xFF,0x40,0x3C,
    0x35,0xFA,0x47,0x43,0x3C,0x46,0x00,0x00,0x00,0x00,0x00,0x00,
    0x00,0x00,0x00,0x00,0x00,0x00,0x00,0x00,0x00,0x00,0x00,0x00,
    0x00,0x00,0x00,0x00,0x00,0x00,0x00,0x00,0x00,0x00,0x00,0x00,
    0x00,0x00,0x00,0x00,0x00,0x00,0x00,0x00,0x00,0x00,0x00,0x00,
    0x00,0x00,0x00,0x00,0x00,0x00,0x00,0x00,0x00,0x00,0x5A,0x57,
    0x51,0x0D,0x5C,0x57,0x51,0xDD,0x60,0x5C,0x55,0xFF,0x52,0x4F,
    0x49,0xFF,0x56,0x52,0x4C,0xFF,0x5A,0x56,0x50,0xFF,0x5D,0x59,
    0x53,0xFF,0x5E,0x5A,0x54,0xFF,0x60,0x5C,0x56,0xFF,0x62,0x5E,
    0x58,0xFF,0x62,0x5E,0x58,0xFF,0x63,0x5F,0x59,0xFF,0x63,0x5F,
    0x59,0xFF,0x63,0x5F,0x59,0xFF,0x66,0x62,0x5B,0xFF,0x68,0x62,
    0x5B,0xFF,0x4D,0x49,0x42,0xFF,0x3E,0x3A,0x34,0xFF,0x41,0x3D,
    0x37,0xF2,0x47,0x43,0x3C,0x32,0x00,0x00,0x00,0x00,0x00,0x00,
    0x00,0x00,0x00,0x00,0x00,0x00,0x00,0x00,0x00,0x00,0x00,0x00,
    0x00,0x00,0x00,0x00,0x00,0x00,0x00,0x00,0x00,0x00,0x00,0x00,
    0x00,0x00,0x00,0x00,0x00,0x00,0x00,0x00,0x00,0x00,0x00,0x00,
    0x00,0x00,0x00,0x00,0x00,0x00,0x00,0x00,0x00,0x00,0x51,0x4D,
    0x48,0x1A,0x4B,0x48,0x42,0xD3,0x4D,0x4A,0x44,0xFF,0x52,0x4E,
    0x49,0xFF,0x57,0x53,0x4D,0xFF,0x5A,0x56,0x50,0xFF,0x5D,0x59,
    0x53,0xFF,0x5F,0x5B,0x55,0xFF,0x60,0x5C,0x56,0xFF,0x62,0x5E,
    0x58,0xFF,0x63,0x5F,0x59,0xFF,0x63,0x5F,0x59,0xFF,0x63,0x5F,
    0x59,0xFF,0x63,0x5F,0x59,0xFF,0x67,0x62,0x5C,0xFF,0x68,0x63,
    0x5B,0xFF,0x4C,0x48,0x41,0xFF,0x3F,0x3B,0x34,0xFF,0x42,0x3D,
    0x37,0xE7,0x48,0x43,0x3C,0x21,0x00,0x00,0x00,0x00,0x00,0x00,
    0x00,0x00,0x00,0x00,0x00,0x00,0x00,0x00,0x00,0x00,0x00,0x00,
    0x00,0x00,0x00,0x00,0x00,0x00,0x00,0x00,0x00,0x00,0x00,0x00,
    0x00,0x00,0x00,0x00,0x00,0x00,0x00,0x00,0x00,0x00,0x00,0x00,
    0x00,0x00,0x00,0x00,0x00,0x00,0x00,0x00,0x00,0x00,0x4A,0x47,
    0x42,0x12,0x4B,0x47,0x42,0xC7,0x4D,0x4A,0x45,0xFF,0x52,0x4E,
    0x49,0xFF,0x57,0x53,0x4E,0xFF,0x5B,0x57,0x51,0xFF,0x5D,0x59,
    0x53,0xFF,0x5F,0x5B,0x55,0xFF,0x60,0x5C,0x56,0xFF,0x61,0x5D,
    0x57,0xFF,0x62,0x5E,0x58,0xFF,0x65,0x61,0x5B,0xFF,0x84,0x81,
    0x7D,0xFF,0x7D,0x7B,0x77,0xFF,0x68,0x63,0x5D,0xFF,0x68,0x63,
    0x5B,0xFF,0x4B,0x47,0x40,0xFF,0x3F,0x3B,0x34,0xFF,0x43,0x3E,
    0x38,0xD8,0x48,0x43,0x3D,0x14,0x00,0x00,0x00,0x00,0x00,0x00,
    0x00,0x00,0x00,0x00,0x00,0x00,0x00,0x00,0x00,0x00,0x00,0x00,
    0x00,0x00,0x00,0x00,0x00,0x00,0x00,0x00,0x00,0x00,0x00,0x00,
    0x00,0x00,0x00,0x00,0x00,0x00,0x00,0x00,0x00,0x00,0x00,0x00,
    0x00,0x00,0x00,0x00,0x00,0x00,0x00,0x00,0x00,0x00,0x4C,0x48,
    0x43,0x0C,0x4C,0x48,0x43,0xBB,0x4D,0x4A,0x45,0xFF,0x53,0x4F,
    0x4A,0xFF,0x57,0x53,0x4E,0xFF,0x5B,0x57,0x51,0xFF,0x5D,0x59,
    0x53,0xFF,0x5F,0x5B,0x55,0xFF,0x69,0x65,0x60,0xFF,0x91,0x8F,
    0x8C,0xFF,0xBD,0xBD,0xBC,0xFF,0xC9,0xC9,0xC9,0xFF,0xC5,0xC5,
    0xC5,0xFF,0x77,0x75,0x72,0xFF,0x68,0x64,0x5D,0xFF,0x68,0x63,
    0x5B,0xFF,0x4B,0x46,0x40,0xFF,0x3F,0x3B,0x34,0xFF,0x44,0x3F,
    0x39,0xC6,0x48,0x44,0x3D,0x09,0x00,0x00,0x00,0x00,0x00,0x00,
    0x00,0x00,0x00,0x00,0x00,0x00,0x00,0x00,0x00,0x00,0x00,0x00,
    0x00,0x00,0x00,0x00,0x00,0x00,0x00,0x00,0x00,0x00,0x00,0x00,
    0x00,0x00,0x00,0x00,0x00,0x00,0x00,0x00,0x00,0x00,0x00,0x00,
    0x00,0x00,0x00,0x00,0x00,0x00,0x00,0x00,0x00,0x00,0x4C,0x49,
    0x43,0x07,0x4C,0x49,0x44,0xAC,0x4D,0x4A,0x45,0xFF,0x53,0x4F,
    0x4A,0xFF,0x58,0x54,0x4E,0xFF,0x6E,0x6B,0x66,0xFF,0xA0,0x9F,
    0x9D,0xFF,0xC5,0xC5,0xC5,0xFF,0xCC,0xCC,0xCC,0xFF,0xCD,0xCD,
    0xCD,0xFF,0xD1,0xD1,0xD1,0xFF,0xC9,0xC9,0xC9,0xFF,0xB9,0xB9,
    0xB9,0xFF,0x80,0x7D,0x79,0xFF,0x6A,0x65,0x5E,0xFF,0x68,0x62,
    0x5A,0xFF,0x4A,0x46,0x3F,0xFF,0x3F,0x3B,0x34,0xFF,0x45,0x40,
    0x3A,0xB0,0x49,0x44,0x3D,0x03,0x00,0x00,0x00,0x00,0x00,0x00,
    0x00,0x00,0x00,0x00,0x00,0x00,0x00,0x00,0x00,0x00,0x00,0x00,
    0x00,0x00,0x00,0x00,0x00,0x00,0x00,0x00,0x00,0x00,0x00,0x00,
    0x00,0x00,0x00,0x00,0x00,0x00,0x00,0x00,0x00,0x00,0x00,0x00,
    0x00,0x00,0x00,0x00,0x00,0x00,0x00,0x00,0x00,0x00,0x4D,0x4A,
    0x45,0x03,0x4C,0x49,0x44,0x9D,0x4E,0x4B,0x46,0xFF,0x61,0x5F,
    0x5D,0xFF,0xBC,0xBC,0xBC,0xFF,0xC7,0xC7,0xC7,0xFF,0xCF,0xCF,
    0xCF,0xFF,0xCF,0xCF,0xCF,0xFF,0xC5,0xC5,0xC5,0xFF,0xC3,0xC3,
    0xC3,0xFF,0xC7,0xC7,0xC7,0xFF,0xC4,0xC4,0xC4,0xFF,0xBC,0xBC,
    0xBC,0xFF,0x7C,0x79,0x75,0xFF,0x6A,0x66,0x5F,0xFF,0x68,0x62,
    0x5B,0xFF,0x49,0x45,0x3E,0xFF,0x3F,0x3B,0x35,0xFF,0x46,0x42,
    0x3B,0x97,0x00,0x00,0x00,0x00,0x00,0x00,0x00,0x00,0x00,0x00,
    0x00,0x00,0x00,0x00,0x00,0x00,0x00,0x00,0x00,0x00,0x00,0x00,
    0x00,0x00,0x00,0x00,0x00,0x00,0x00,0x00,0x00,0x00,0x00,0x00,
    0x00,0x00,0x00,0x00,0x00,0x00,0x00,0x00,0x00,0x00,0x00,0x00,
    0x00,0x00,0x00,0x00,0x00,0x00,0x00,0x00,0x00,0x00,0x4D,0x49,
    0x44,0x01,0x4D,0x4A,0x44,0x8C,0x42,0x40,0x3C,0xFF,0x87,0x87,
    0x86,0xFF,0xC7,0xC7,0xC7,0xFF,0xBC,0xBC,0xBC,0xFF,0xBF,0xBF,
    0xBF,0xFF,0xCC,0xCC,0xCC,0xFF,0xD0,0xD0,0xD0,0xFF,0xCE,0xCE,
    0xCE,0xFF,0xC9,0xC9,0xC9,0xFF,0xC0,0xC0,0xC0,0xFF,0xB3,0xB3,
    0xB3,0xFF,0x76,0x73,0x6F,0xFF,0x6C,0x67,0x60,0xFF,0x67,0x62,
    0x5A,0xFF,0x49,0x45,0x3E,0xFF,0x3F,0x3B,0x34,0xFF,0x46,0x42,
    0x3B,0x7A,0x00,0x00,0x00,0x00,0x00,0x00,0x00,0x00,0x00,0x00,
    0x00,0x00,0x00,0x00,0x00,0x00,0x00,0x00,0x00,0x00,0x00,0x00,
    0x00,0x00,0x00,0x00,0x00,0x00,0x00,0x00,0x00,0x00,0x00,0x00,
    0x00,0x00,0x00,0x00,0x00,0x00,0x00,0x00,0x00,0x00,0x00,0x00,
    0x00,0x00,0x00,0x00,0x00,0x00,0x00,0x00,0x00,0x00,0x00,0x00,
    0x00,0x00,0x4C,0x49,0x44,0x7A,0x45,0x43,0x3F,0xFE,0x7C,0x7C,
    0x7C,0xFF,0xC3,0xC3,0xC3,0xFF,0xCC,0xCC,0xCC,0xFF,0xD2,0xD2,
    0xD2,0xFF,0xD4,0xD4,0xD4,0xFF,0xD1,0xD1,0xD1,0xFF,0xCA,0xCA,
    0xCA,0xFF,0xBF,0xBF,0xBF,0xFF,0xB4,0xB4,0xB4,0xFF,0xA6,0xA5,
    0xA5,0xFF,0x71,0x6E,0x69,0xFF,0x6C,0x67,0x60,0xFF,0x67,0x62,
    0x5A,0xFF,0x48,0x44,0x3D,0xFF,0x3F,0x3B,0x34,0xFE,0x46,0x42,
    0x3B,0x5D,0x00,0x00,0x00,0x00,0x00,0x00,0x00,0x00,0x00,0x00,
    0x00,0x00,0x00,0x00,0x00,0x00,0x00,0x00,0x00,0x00,0x00,0x00,
    0x00,0x00,0x00,0x00,0x00,0x00,0x00,0x00,0x00,0x00,0x00,0x00,
    0x00,0x00,0x00,0x00,0x00,0x00,0x00,0x00,0x00,0x00,0x00,0x00,
    0x00,0x00,0x00,0x00,0x00,0x00,0x00,0x00,0x00,0x00,0x00,0x00,
    0x00,0x00,0x4D,0x4A,0x45,0x6A,0x48,0x45,0x42,0xFD,0x81,0x81,
    0x81,0xFF,0xD0,0xD0,0xD0,0xFF,0xD3,0xD3,0xD3,0xFF,0xD3,0xD3,
    0xD3,0xFF,0xCF,0xCF,0xCF,0xFF,0xC7,0xC7,0xC7,0xFF,0xBB,0xBB,
    0xBB,0xFF,0xAF,0xAF,0xAF,0xFF,0xA4,0xA4,0xA4,0xFF,0x86,0x86,
    0x86,0xFF,0x5B,0x57,0x52,0xFF,0x6D,0x68,0x61,0xFF,0x67,0x62,
    0x5A,0xFF,0x48,0x44,0x3D,0xFF,0x3F,0x3B,0x35,0xF9,0x43,0x3E,
    0x38,0x43,0x00,0x00,0x00,0x00,0x00,0x00,0x00,0x00,0x00,0x00,
    0x00,0x00,0x00,0x00,0x00,0x00,0x00,0x00,0x00,0x00,0x00,0x00,
    0x00,0x00,0x00,0x00,0x00,0x00,0x00,0x00,0x00,0x00,0x00,0x00,
    0x00,0x00,0x00,0x00,0x00,0x00,0x00,0x00,0x00,0x00,0x00,0x00,
    0x00,0x00,0x00,0x00,0x00,0x00,0x00,0x00,0x00,0x00,0x00,0x00,
    0x00,0x00,0x4E,0x4A,0x46,0x5A,0x4D,0x4A,0x46,0xFA,0x81,0x81,
    0x80,0xFF,0xCE,0xCE,0xCE,0xFF,0xCD,0xCD,0xCD,0xFF,0xC9,0xC9,
    0xC9,0xFF,0xC0,0xC0,0xC0,0xFF,0xB5,0xB5,0xB5,0xFF,0x9B,0x9B,
    0x9B,0xFF,0x6A,0x6A,0x6A,0xFF,0x3B,0x3B,0x3A,0xFF,0x56,0x53,
    0x4E,0xFF,0x64,0x60,0x5A,0xFF,0x6E,0x69,0x62,0xFF,0x66,0x61,
    0x59,0xFF,0x46,0x42,0x3C,0xFF,0x3C,0x38,0x32,0xF0,0x3D,0x39,
    0x33,0x26,0x00,0x00,0x00,0x00,0x00,0x00,0x00,0x00,0x00,0x00,
    0x00,0x00,0x00,0x00,0x00,0x00,0x00,0x00,0x00,0x00,0x00,0x00,
    0x00,0x00,0x00,0x00,0x00,0x00,0x00,0x00,0x00,0x00,0x00,0x00,
    0x00,0x00,0x00,0x00,0x00,0x00,0x00,0x00,0x00,0x00,0x00,0x00,
    0x00,0x00,0x00,0x00,0x00,0x00,0x00,0x00,0x00,0x00,0x00,0x00,
    0x00,0x00,0x4F,0x4C,0x47,0x4C,0x50,0x4D,0x48,0xF6,0x7D,0x7C,
    0x7C,0xFF,0xC2,0xC2,0xC2,0xFF,0xB7,0xB7,0xB7,0xFF,0x82,0x82,
    0x82,0xFF,0x4D,0x4D,0x4D,0xFF,0x36,0x35,0x35,0xFF,0x4B,0x4A,
    0x47,0xFF,0x5F,0x5B,0x56,0xFF,0x63,0x5F,0x59,0xFF,0x63,0x5F,
    0x59,0xFF,0x64,0x60,0x5A,0xFF,0x6E,0x69,0x62,0xFF,0x66,0x61,
    0x59,0xFF,0x44,0x40,0x3A,0xFF,0x39,0x35,0x30,0xAA,0x00,0x00,
    0x00,0x00,0x00,0x00,0x00,0x00,0x00,0x00,0x00,0x00,0x00,0x00,
    0x00,0x00,0x00,0x00,0x00,0x00,0x00,0x00,0x00,0x00,0x00,0x00,
    0x00,0x00,0x00,0x00,0x00,0x00,0x00,0x00,0x00,0x00,0x00,0x00,
    0x00,0x00,0x00,0x00,0x00,0x00,0x00,0x00,0x00,0x00,0x00,0x00,
    0x00,0x00,0x00,0x00,0x00,0x00,0x00,0x00,0x00,0x00,0x00,0x00,
    0x00,0x00,0x50,0x4C,0x47,0x3F,0x52,0x4F,0x4A,0xF1,0x54,0x54,
    0x53,0xFF,0x2F,0x2F,0x2F,0xFF,0x3B,0x3A,0x38,0xFF,0x51,0x4E,
    0x4A,0xFF,0x60,0x5C,0x56,0xFF,0x60,0x5C,0x56,0xFF,0x61,0x5D,
    0x57,0xFF,0x62,0x5E,0x58,0xFF,0x63,0x5F,0x59,0xFF,0x64,0x60,
    0x5A,0xFF,0x65,0x61,0x5B,0xFF,0x6F,0x6A,0x63,0xFF,0x61,0x5C,
    0x55,0xFF,0x3B,0x38,0x32,0xF0,0x00,0x00,0x00,0x00,0x00,0x00,
    0x00,0x00,0x00,0x00,0x00,0x00,0x00,0x00,0x00,0x00,0x00,0x00,
    0x00,0x00,0x00,0x00,0x00,0x00,0x00,0x00,0x00,0x00,0x00,0x00,
    0x00,0x00,0x00,0x00,0x00,0x00,0x00,0x00,0x00,0x00,0x00,0x00,
    0x00,0x00,0x00,0x00,0x00,0x00,0x00,0x00,0x00,0x00,0x00,0x00,
    0x00,0x00,0x00,0x00,0x00,0x00,0x00,0x00,0x00,0x00,0x00,0x00,
    0x00,0x00,0x50,0x4D,0x48,0x33,0x4F,0x4C,0x47,0xEA,0x54,0x51,
    0x4B,0xFF,0x59,0x55,0x4F,0xFF,0x5B,0x57,0x51,0xFF,0x5D,0x59,
    0x53,0xFF,0x5F,0x5B,0x55,0xFF,0x60,0x5C,0x56,0xFF,0x61,0x5D,
    0x57,0xFF,0x62,0x5E,0x58,0xFF,0x62,0x5F,0x59,0xFF,0x61,0x5D,
    0x57,0xFF,0x61,0x5D,0x57,0xFF,0x62,0x5E,0x58,0xFF,0x4C,0x48,
    0x43,0xE0,0x00,0x00,0x00,0x00,0x00,0x00,0x00,0x00,0x00,0x00,
    0x00,0x00,0x00,0x00,0x00,0x00,0x00,0x00,0x00,0x00,0x00,0x00,
    0x00,0x00,0x00,0x00,0x00,0x00,0x00,0x00,0x00,0x00,0x00,0x00,
    0x00,0x00,0x00,0x00,0x00,0x00,0x00,0x00,0x00,0x00,0x00,0x00,
    0x00,0x00,0x00,0x00,0x00,0x00,0x00,0x00,0x00,0x00,0x00,0x00,
    0x00,0x00,0x00,0x00,0x00,0x00,0x00,0x00,0x00,0x00,0x00,0x00,
    0x00,0x00,0x4F,0x4C,0x47,0x29,0x51,0x4E,0x48,0xE3,0x55,0x51,
    0x4C,0xFF,0x58,0x54,0x4E,0xFF,0x5B,0x57,0x51,0xFF,0x5D,0x59,
    0x53,0xFF,0x5E,0x5A,0x54,0xFF,0x5E,0x5A,0x54,0xFF,0x5E,0x5A,
    0x54,0xFF,0x5C,0x58,0x53,0xFF,0x58,0x55,0x4F,0xFF,0x51,0x4E,
    0x49,0xFF,0x48,0x45,0x41,0xFA,0x47,0x45,0x40,0x61,0x00,0x00,
    0x00,0x00,0x00,0x00,0x00,0x00,0x00,0x00,0x00,0x00,0x00,0x00,
    0x00,0x00,0x00,0x00,0x00,0x00,0x00,0x00,0x00,0x00,0x00,0x00,
    0x00,0x00,0x00,0x00,0x00,0x00,0x00,0x00,0x00,0x00,0x00,0x00,
    0x00,0x00,0x00,0x00,0x00,0x00,0x00,0x00,0x00,0x00,0x00,0x00,
    0x00,0x00,0x00,0x00,0x00,0x00,0x00,0x00,0x00,0x00,0x00,0x00,
    0x00,0x00,0x00,0x00,0x00,0x00,0x00,0x00,0x00,0x00,0x00,0x00,
    0x00,0x00,0x50,0x4C,0x47,0x1F,0x51,0x4D,0x48,0xDA,0x54,0x50,
    0x4A,0xFF,0x55,0x51,0x4B,0xFF,0x55,0x51,0x4B,0xFF,0x54,0x51,
    0x4B,0xFF,0x51,0x4E,0x49,0xFF,0x4E,0x4B,0x46,0xFF,0x4A,0x47,
    0x42,0xFF,0x46,0x44,0x3F,0xE6,0x44,0x41,0x3D,0x8C,0x43,0x40,
    0x3C,0x24,0x00,0x00,0x00,0x00,0x00,0x00,0x00,0x00,0x00,0x00,
    0x00,0x00,0x00,0x00,0x00,0x00,0x00,0x00,0x00,0x00,0x00,0x00,
    0x00,0x00,0x00,0x00,0x00,0x00,0x00,0x00,0x00,0x00,0x00,0x00,
    0x00,0x00,0x00,0x00,0x00,0x00,0x00,0x00,0x00,0x00,0x00,0x00,
    0x00,0x00,0x00,0x00,0x00,0x00,0x00,0x00,0x00,0x00,0x00,0x00,
    0x00,0x00,0x00,0x00,0x00,0x00,0x00,0x00,0x00,0x00,0x00,0x00,
    0x00,0x00,0x00,0x00,0x00,0x00,0x00,0x00,0x00,0x00,0x00,0x00,
    0x00,0x00,0x50,0x4D,0x48,0x16,0x4B,0x48,0x43,0xCB,0x47,0x44,
    0x3F,0xFF,0x44,0x42,0x3D,0xFF,0x42,0x3F,0x3B,0xFF,0x40,0x3D,
    0x39,0xE8,0x3F,0x3D,0x38,0x98,0x40,0x3E,0x39,0x44,0x42,0x3F,
    0x3B,0x03,0x00,0x00,0x00,0x00,0x00,0x00,0x00,0x00,0x00,0x00,
    0x00,0x00,0x00,0x00,0x00,0x00,0x00,0x00,0x00,0x00,0x00,0x00,
    0x00,0x00,0x00,0x00,0x00,0x00,0x00,0x00,0x00,0x00,0x00,0x00,
    0x00,0x00,0x00,0x00,0x00,0x00,0x00,0x00,0x00,0x00,0x00,0x00,
    0x00,0x00,0x00,0x00,0x00,0x00,0x00,0x00,0x00,0x00,0x00,0x00,
    0x00,0x00,0x00,0x00,0x00,0x00,0x00,0x00,0x00,0x00,0x00,0x00,
    0x00,0x00,0x00,0x00,0x00,0x00,0x00,0x00,0x00,0x00,0x00,0x00,
    0x00,0x00,0x00,0x00,0x00,0x00,0x00,0x00,0x00,0x00,0x00,0x00,
    0x00,0x00,0x46,0x42,0x3E,0x09,0x3D,0x3A,0x36,0x7A,0x3B,0x38,
    0x35,0x7F,0x3C,0x39,0x35,0x39,0x3D,0x3A,0x36,0x02,0x00,0x00,
    0x00,0x00,0x00,0x00,0x00,0x00,0x00,0x00,0x00,0x00,0x00,0x00,
    0x00,0x00,0x00,0x00,0x00,0x00,0x00,0x00,0x00,0x00,0x00,0x00,
    0x00,0x00,0x00,0x00,0x00,0x00,0x00,0x00,0x00,0x00,0x00,0x00,
    0x00,0x00,0x00,0x00,0x00,0x00,0x00,0x00,0x00,0x00,0x00,0x00,
    0x00,0x00,0x00,0x00,0x00,0x00,0x00,0x00,0x00,0x00,0x00,0x00,
    0x00,0x00,0x00,0x00,0x00,0x00,0x00,0x00,0x00,0x00,0x00,0x00,
    0x00,0x00,0x00,0x00,0x00,0x00,0x00,0x00,0x00,0x00,0x00,0x00,
    0x00,0x00,0x00,0x00,0x00,0x00,0x00,0x00,0x00,0x00,0x00,0x00,
    0x00,0x00,0x00,0x00,0x00,0x00,0x00,0x00,0x00,0x00,0x00,0x00,
    0x00,0x00,0x00,0x00,0x00,0x00,0x00,0x00,0x00,0x00,0x00,0x00,
    0x00,0x00,0x00,0x00,0x00,0x00,0x00,0x00,0x00,0x00,0x00,0x00,
    0x00,0x00,0x00,0x00,0x00,0x00,0x00,0x00,0x00,0x00,0x00,0x00,
    0x00,0x00,0x00,0x00,0x00,0x00,0x00,0x00,0x00,0x00,0x00,0x00,
    0x00,0x00,0x00,0x00,0x00,0x00,0x00,0x00,0x00,0x00,0x00,0x00,
    0x00,0x00,0x00,0x00,0x00,0x00,0x00,0x00,0x00,0x00,0x00,0x00,
    0x00,0x00,0x00,0x00,0x00,0x00,0x00,0x00,0x00,0x00,0x00,0x00,
    0x00,0x00,0x00,0x00,0x00,0x00,0x00,0x00,0x00,0x00,0x00,0x00,
    0x00,0x00,0x00,0x00,0x00,0x00,0x00,0x00,0x00,0x00,0x00,0x00,
    0x00,0x00,0x00,0x00,0x00,0x00,0x00,0x00,0x00,0x00,0x00,0x00,
    0x00,0x00,0x00,0x00,0x00,0x00,0x00,0x00,0x00,0x00,0x00,0x00,
    0x00,0x00,0x00,0x00,0x00,0x00,0x00,0x00,0x00,0x00,0x00,0x00,
    0x00,0x00,0x00,0x00,0x00,0x00,0x00,0x00,0x00,0x00,0x00,0x00,
    0x00,0x00,0x00,0x00,0x00,0x00,0x00,0x00,0x00,0x00,0x00,0x00,
    0x00,0x00,0x00,0x00,0x00,0x00,0xFF,0xFF,0xFF,0xFF,0xFE,0xFF,
    0xFF,0xFF,0xF0,0x7F,0xFF,0xFF,0xC0,0x3F,0xFF,0xFF,0x80,0x1F,
    0xFF,0xFF,0x80,0x0F,0xFF,0xFF,0x80,0x00,0x7F,0xFF,0x80,0x00,
    0x3F,0xFF,0xC0,0x00,0x1F,0xFF,0xE0,0x00,0x1F,0xFF,0xF0,0x00,
    0x0F,0xFF,0xF0,0x00,0x07,0xFF,0xE0,0x00,0x03,0xFF,0xE0,0x00,
    0x01,0xFF,0xF0,0x00,0x00,0xFF,0xF8,0x00,0x00,0x7F,0xFC,0x00,
    0x00,0x3F,0xFE,0x00,0x00,0x1F,0xFF,0x00,0x00,0x1F,0xFF,0x80,
    0x00,0x0F,0xFF,0xE0,0x00,0x07,0xFF,0xF0,0x00,0x03,0xFF,0xF8,
    0x00,0x01,0xFF,0xFC,0x00,0x01,0xFF,0xFE,0x00,0x01,0xFF,0xFF,
    0x00,0x01,0xFF,0xFF,0x80,0x01,0xFF,0xFF,0xC0,0x03,0xFF,0xFF,
    0xE0,0x0F,0xFF,0xFF,0xF0,0x7F,0xFF,0xFF,0xFF,0xFF,0xFF,0xFF,
    0xFF,0xFF,0x28,0x00,0x00,0x00,0x18,0x00,0x00,0x00,0x30,0x00,
    0x00,0x00,0x01,0x00,0x20,0x00,0x00,0x00,0x00,0x00,0x60,0x09,
    0x00,0x00,0x00,0x00,0x00,0x00,0x00,0x00,0x00,0x00,0x00,0x00,
    0x00,0x00,0x00,0x00,0x00,0x00,0x00,0x00,0x00,0x00,0x00,0x00,
    0x00,0x00,0x00,0x00,0x00,0x00,0x00,0x00,0x00,0x00,0x00,0x00,
    0x00,0x00,0x00,0x00,0x00,0x00,0x00,0x00,0x00,0x00,0x00,0x00,
    0x00,0x00,0x00,0x00,0x00,0x00,0x00,0x00,0x00,0x00,0x00,0x00,
    0x00,0x00,0x00,0x00,0x00,0x00,0x00,0x00,0x00,0x00,0x00,0x00,
    0x00,0x00,0x00,0x00,0x00,0x00,0x00,0x00,0x00,0x00,0x00,0x00,
    0x00,0x00,0x00,0x00,0x00,0x00,0x00,0x00,0x00,0x00,0x00,0x00,
    0x00,0x00,0x00,0x00,0x00,0x00,0x00,0x00,0x00,0x00,0x00,0x00,
    0x00,0x00,0x00,0x00,0x00,0x00,0x00,0x00,0x00,0x00,0x00,0x00,
    0x00,0x00,0x00,0x00,0x00,0x00,0x00,0x00,0x00,0x00,0x44,0x44,
    0x44,0x2A,0x47,0x47,0x47,0x8B,0x4F,0x4F,0x4F,0x15,0x00,0x00,
    0x00,0x00,0x00,0x00,0x00,0x00,0x00,0x00,0x00,0x00,0x00,0x00,
    0x00,0x00,0x00,0x00,0x00,0x00,0x00,0x00,0x00,0x00,0x00,0x00,
    0x00,0x00,0x00,0x00,0x00,0x00,0x00,0x00,0x00,0x00,0x00,0x00,
    0x00,0x00,0x00,0x00,0x00,0x00,0x00,0x00,0x00,0x00,0x00,0x00,
    0x00,0x00,0x00,0x00,0x00,0x00,0x00,0x00,0x00,0x00,0x00,0x00,
    0x00,0x00,0x00,0x00,0x00,0x00,0x00,0x00,0x00,0x00,0x00,0x00,
    0x00,0x00,0x58,0x58,0x58,0x3E,0x77,0x77,0x77,0xB2,0x82,0x82,
    0x82,0xFC,0x75,0x75,0x75,0xFE,0x7C,0x7C,0x7C,0xC8,0x53,0x53,
    0x53,0x0B,0x00,0x00,0x00,0x00,0x00,0x00,0x00,0x00,0x00,0x00,
    0x00,0x00,0x00,0x00,0x00,0x00,0x00,0x00,0x00,0x00,0x00,0x00,
    0x00,0x00,0x00,0x00,0x00,0x00,0x00,0x00,0x00,0x00,0x00,0x00,
    0x00,0x00,0x00,0x00,0x00,0x00,0x00,0x00,0x00,0x00,0x00,0x00,
    0x00,0x00,0x00,0x00,0x00,0x00,0x00,0x00,0x00,0x00,0x00,0x00,
    0x00,0x00,0x00,0x00,0x00,0x00,0x68,0x68,0x68,0x1E,0x8D,0x8D,
    0x8D,0xC8,0x9A,0x9A,0x9A,0xFE,0x77,0x77,0x77,0xFF,0x90,0x90,
    0x90,0xFF,0xD6,0xD6,0xD6,0xFE,0xC5,0xC5,0xC5,0xFF,0x7A,0x7A,
    0x7A,0xB6,0x4F,0x4F,0x4F,0x05,0x00,0x00,0x00,0x00,0x00,0x00,
    0x00,0x00,0x00,0x00,0x00,0x00,0x00,0x00,0x00,0x00,0x00,0x00,
    0x00,0x00,0x00,0x00,0x00,0x00,0x00,0x00,0x00,0x00,0x00,0x00,
    0x00,0x00,0x00,0x00,0x00,0x00,0x00,0x00,0x00,0x00,0x00,0x00,
    0x00,0x00,0x00,0x00,0x00,0x00,0x00,0x00,0x00,0x00,0x00,0x00,
    0x00,0x00,0x00,0x00,0x00,0x00,0x79,0x79,0x79,0x3F,0x72,0x72,
    0x72,0xFF,0x99,0x99,0x99,0xFE,0xD5,0xD5,0xD5,0xFF,0xE2,0xE2,
    0xE2,0xFF,0xDB,0xDB,0xDB,0xFE,0xD2,0xD2,0xD2,0xFF,0xC4,0xC4,
    0xC4,0xFF,0x77,0x77,0x77,0xA3,0x43,0x42,0x41,0x03,0x29,0x27,
    0x23,0x35,0x2C,0x2A,0x26,0x43,0x00,0x00,0x00,0x00,0x00,0x00,
    0x00,0x00,0x00,0x00,0x00,0x00,0x00,0x00,0x00,0x00,0x00,0x00,
    0x00,0x00,0x00,0x00,0x00,0x00,0x00,0x00,0x00,0x00,0x00,0x00,
    0x00,0x00,0x00,0x00,0x00,0x00,0x00,0x00,0x00,0x00,0x00,0x00,
    0x00,0x00,0x00,0x00,0x00,0x00,0x8B,0x8B,0x8B,0x0A,0xAD,0xAD,
    0xAD,0xBF,0xBE,0xBE,0xBE,0xFE,0xE0,0xE0,0xE0,0xFE,0xF2,0xF2,
    0xF2,0xFE,0xAA,0xAA,0xAA,0xFE,0x5C,0x5C,0x5C,0xFE,0xD5,0xD5,
    0xD5,0xFE,0xC2,0xC2,0xC2,0xFE,0x58,0x57,0x55,0xE5,0x31,0x2E,
    0x2A,0xFE,0x36,0x33,0x2E,0xFE,0x3F,0x3B,0x35,0x7B,0x00,0x00,
    0x00,0x00,0x00,0x00,0x00,0x00,0x00,0x00,0x00,0x00,0x00,0x00,
    0x00,0x00,0x00,0x00,0x00,0x00,0x00,0x00,0x00,0x00,0x00,0x00,
    0x00,0x00,0x00,0x00,0x00,0x00,0x00,0x00,0x00,0x00,0x00,0x00,
    0x00,0x00,0x00,0x00,0x00,0x00,0x00,0x00,0x00,0x00,0xA9,0xA9,
    0xA9,0x0B,0xB4,0xB4,0xB4,0xBF,0x54,0x54,0x54,0xFF,0xA0,0xA0,
    0xA0,0xFF,0xD5,0xD5,0xD5,0xFE,0xC8,0xC8,0xC8,0xFF,0xC8,0xC8,
    0xC8,0xFF,0xD4,0xD4,0xD4,0xFE,0x7A,0x78,0x75,0xFF,0x55,0x51,
    0x4B,0xFF,0x41,0x3D,0x37,0xFF,0x3C,0x38,0x32,0xFE,0x45,0x40,
    0x3A,0x62,0x00,0x00,0x00,0x00,0x00,0x00,0x00,0x00,0x00,0x00,
    0x00,0x00,0x00,0x00,0x00,0x00,0x00,0x00,0x00,0x00,0x00,0x00,
    0x00,0x00,0x00,0x00,0x00,0x00,0x00,0x00,0x00,0x00,0x00,0x00,
    0x00,0x00,0x00,0x00,0x00,0x00,0x00,0x00,0x00,0x00,0x00,0x00,
    0x00,0x00,0xA6,0xA6,0xA6,0x0B,0xAC,0xAC,0xAB,0xC0,0xBE,0xBE,
    0xBE,0xFF,0xBD,0xBD,0xBD,0xFE,0xB5,0xB5,0xB5,0xFF,0x91,0x90,
    0x8E,0xFF,0x71,0x6D,0x68,0xFE,0x6C,0x68,0x61,0xFF,0x68,0x64,
    0x5D,0xFF,0x5D,0x58,0x51,0xFF,0x42,0x3E,0x37,0xFE,0x3F,0x3B,
    0x34,0xFA,0x47,0x43,0x3C,0x4A,0x00,0x00,0x00,0x00,0x00,0x00,
    0x00,0x00,0x00,0x00,0x00,0x00,0x00,0x00,0x00,0x00,0x00,0x00,
    0x00,0x00,0x00,0x00,0x00,0x00,0x00,0x00,0x00,0x00,0x00,0x00,
    0x00,0x00,0x00,0x00,0x00,0x00,0x00,0x00,0x00,0x00,0x00,0x00,
    0x00,0x00,0x00,0x00,0x00,0x00,0x45,0x42,0x3E,0xB1,0x82,0x81,
    0x80,0xFE,0x7D,0x7B,0x78,0xFE,0x6E,0x6A,0x64,0xFE,0x6B,0x66,
    0x60,0xFE,0x63,0x5F,0x59,0xFE,0x60,0x5D,0x57,0xFE,0x62,0x5E,
    0x58,0xFE,0x64,0x60,0x59,0xFE,0x5F,0x5A,0x52,0xFE,0x43,0x3F,
    0x38,0xFE,0x41,0x3D,0x36,0xF3,0x47,0x42,0x3C,0x35,0x00,0x00,
    0x00,0x00,0x00,0x00,0x00,0x00,0x00,0x00,0x00,0x00,0x00,0x00,
    0x00,0x00,0x00,0x00,0x00,0x00,0x00,0x00,0x00,0x00,0x00,0x00,
    0x00,0x00,0x00,0x00,0x00,0x00,0x00,0x00,0x00,0x00,0x00,0x00,
    0x00,0x00,0x4E,0x4B,0x46,0x0B,0x51,0x4E,0x49,0xFA,0x62,0x5E,
    0x58,0xFF,0x68,0x63,0x5D,0xFE,0x5D,0x59,0x53,0xFF,0x5E,0x5A,
    0x54,0xFF,0x60,0x5C,0x56,0xFE,0x61,0x5D,0x57,0xFF,0x63,0x5F,
    0x59,0xFF,0x63,0x5F,0x59,0xFF,0x66,0x62,0x5B,0xFE,0x60,0x5A,
    0x53,0xFF,0x43,0x3E,0x38,0xFE,0x41,0x3D,0x36,0xE8,0x48,0x44,
    0x3D,0x24,0x00,0x00,0x00,0x00,0x00,0x00,0x00,0x00,0x00,0x00,
    0x00,0x00,0x00,0x00,0x00,0x00,0x00,0x00,0x00,0x00,0x00,0x00,
    0x00,0x00,0x00,0x00,0x00,0x00,0x00,0x00,0x00,0x00,0x00,0x00,
    0x00,0x00,0x4A,0x47,0x43,0x01,0x57,0x53,0x4D,0x96,0x4D,0x4A,
    0x44,0xFE,0x53,0x4F,0x4A,0xFE,0x59,0x55,0x4F,0xFF,0x5C,0x59,
    0x53,0xFF,0x5F,0x5B,0x55,0xFE,0x61,0x5D,0x57,0xFF,0x62,0x5E,
    0x58,0xFF,0x63,0x5F,0x59,0xFF,0x63,0x5F,0x59,0xFE,0x67,0x63,
    0x5C,0xFF,0x5F,0x5A,0x52,0xFE,0x42,0x3E,0x37,0xFF,0x42,0x3D,
    0x37,0xDA,0x4A,0x45,0x3F,0x16,0x00,0x00,0x00,0x00,0x00,0x00,
    0x00,0x00,0x00,0x00,0x00,0x00,0x00,0x00,0x00,0x00,0x00,0x00,
    0x00,0x00,0x00,0x00,0x00,0x00,0x00,0x00,0x00,0x00,0x00,0x00,
    0x00,0x00,0x00,0x00,0x00,0x00,0x00,0x00,0x00,0x00,0x4B,0x47,
    0x42,0x85,0x4D,0x4A,0x45,0xFE,0x54,0x50,0x4B,0xFF,0x5A,0x56,
    0x50,0xFF,0x5D,0x59,0x53,0xFE,0x60,0x5C,0x56,0xFF,0x61,0x5D,
    0x57,0xFF,0x62,0x5E,0x58,0xFF,0x67,0x63,0x5E,0xFE,0x80,0x7D,
    0x79,0xFF,0x69,0x64,0x5E,0xFE,0x5F,0x5A,0x52,0xFF,0x41,0x3D,
    0x37,0xFF,0x43,0x3E,0x38,0xC9,0x48,0x44,0x3D,0x0B,0x00,0x00,
    0x00,0x00,0x00,0x00,0x00,0x00,0x00,0x00,0x00,0x00,0x00,0x00,
    0x00,0x00,0x00,0x00,0x00,0x00,0x00,0x00,0x00,0x00,0x00,0x00,
    0x00,0x00,0x00,0x00,0x00,0x00,0x00,0x00,0x00,0x00,0x00,0x00,
    0x00,0x00,0x4C,0x49,0x43,0x73,0x4E,0x4A,0x45,0xFD,0x54,0x50,
    0x4B,0xFE,0x5A,0x56,0x50,0xFE,0x5D,0x59,0x53,0xFE,0x6E,0x6A,
    0x65,0xFE,0x9B,0x99,0x97,0xFE,0xC1,0xC1,0xC1,0xFE,0xCB,0xCB,
    0xCB,0xFE,0x95,0x94,0x92,0xFE,0x69,0x65,0x5E,0xFE,0x5E,0x59,
    0x52,0xFE,0x41,0x3D,0x36,0xFE,0x43,0x3F,0x39,0xB4,0x46,0x42,
    0x3B,0x04,0x00,0x00,0x00,0x00,0x00,0x00,0x00,0x00,0x00,0x00,
    0x00,0x00,0x00,0x00,0x00,0x00,0x00,0x00,0x00,0x00,0x00,0x00,
    0x00,0x00,0x00,0x00,0x00,0x00,0x00,0x00,0x00,0x00,0x00,0x00,
    0x00,0x00,0x00,0x00,0x00,0x00,0x4C,0x49,0x44,0x63,0x4E,0x4B,
    0x45,0xFB,0x5B,0x58,0x53,0xFE,0xA1,0xA0,0x9E,0xFF,0xC7,0xC7,
    0xC7,0xFF,0xCE,0xCE,0xCE,0xFF,0xCD,0xCD,0xCD,0xFE,0xC7,0xC7,
    0xC7,0xFF,0xC1,0xC1,0xC1,0xFE,0x97,0x96,0x93,0xFF,0x6A,0x65,
    0x5E,0xFF,0x5E,0x59,0x51,0xFE,0x41,0x3D,0x36,0xFF,0x45,0x41,
    0x3A,0x9B,0x00,0x00,0x00,0x00,0x00,0x00,0x00,0x00,0x00,0x00,
    0x00,0x00,0x00,0x00,0x00,0x00,0x00,0x00,0x00,0x00,0x00,0x00,
    0x00,0x00,0x00,0x00,0x00,0x00,0x00,0x00,0x00,0x00,0x00,0x00,
    0x00,0x00,0x00,0x00,0x00,0x00,0x00,0x00,0x00,0x00,0x4D,0x49,
    0x44,0x53,0x4A,0x47,0x43,0xF8,0xA1,0xA1,0xA1,0xFE,0xC6,0xC6,
    0xC6,0xFE,0xC0,0xC0,0xC0,0xFE,0xCA,0xCA,0xCA,0xFE,0xCF,0xCF,
    0xCF,0xFE,0xC9,0xC9,0xC9,0xFE,0xBE,0xBE,0xBE,0xFE,0x8E,0x8D,
    0x8A,0xFE,0x6B,0x66,0x5F,0xFE,0x5C,0x57,0x50,0xFE,0x41,0x3D,
    0x36,0xFE,0x45,0x41,0x3A,0x7F,0x00,0x00,0x00,0x00,0x00,0x00,
    0x00,0x00,0x00,0x00,0x00,0x00,0x00,0x00,0x00,0x00,0x00,0x00,
    0x00,0x00,0x00,0x00,0x00,0x00,0x00,0x00,0x00,0x00,0x00,0x00,
    0x00,0x00,0x00,0x00,0x00,0x00,0x00,0x00,0x00,0x00,0x00,0x00,
    0x00,0x00,0x4C,0x49,0x44,0x45,0x49,0x47,0x44,0xF3,0x9A,0x9A,
    0x9A,0xFF,0xCC,0xCC,0xCC,0xFF,0xD3,0xD3,0xD3,0xFE,0xD2,0xD2,
    0xD2,0xFF,0xCB,0xCB,0xCB,0xFE,0xBD,0xBD,0xBD,0xFF,0xAD,0xAD,
    0xAD,0xFF,0x82,0x80,0x7D,0xFE,0x6B,0x67,0x60,0xFF,0x5C,0x57,
    0x50,0xFF,0x41,0x3D,0x36,0xFE,0x45,0x41,0x3A,0x62,0x00,0x00,
    0x00,0x00,0x00,0x00,0x00,0x00,0x00,0x00,0x00,0x00,0x00,0x00,
    0x00,0x00,0x00,0x00,0x00,0x00,0x00,0x00,0x00,0x00,0x00,0x00,
    0x00,0x00,0x00,0x00,0x00,0x00,0x00,0x00,0x00,0x00,0x00,0x00,
    0x00,0x00,0x00,0x00,0x00,0x00,0x4D,0x4A,0x45,0x39,0x4D,0x4B,
    0x47,0xED,0xA3,0xA3,0xA3,0xFF,0xD1,0xD1,0xD1,0xFE,0xCF,0xCF,
    0xCF,0xFF,0xC5,0xC5,0xC5,0xFE,0xB6,0xB6,0xB6,0xFF,0xA3,0xA3,
    0xA3,0xFF,0x69,0x69,0x69,0xFE,0x57,0x54,0x4F,0xFF,0x6C,0x68,
    0x60,0xFF,0x5C,0x57,0x4F,0xFE,0x40,0x3C,0x35,0xFA,0x40,0x3B,
    0x35,0x47,0x00,0x00,0x00,0x00,0x00,0x00,0x00,0x00,0x00,0x00,
    0x00,0x00,0x00,0x00,0x00,0x00,0x00,0x00,0x00,0x00,0x00,0x00,
    0x00,0x00,0x00,0x00,0x00,0x00,0x00,0x00,0x00,0x00,0x00,0x00,
    0x00,0x00,0x00,0x00,0x00,0x00,0x00,0x00,0x00,0x00,0x4F,0x4C,
    0x47,0x2E,0x51,0x4E,0x4A,0xE6,0x9D,0x9D,0x9D,0xFE,0xC2,0xC2,
    0xC2,0xFE,0x99,0x99,0x99,0xFE,0x60,0x60,0x60,0xFE,0x44,0x43,
    0x42,0xFE,0x52,0x50,0x4C,0xFE,0x63,0x5F,0x59,0xFE,0x64,0x60,
    0x5A,0xFE,0x6D,0x68,0x61,0xFE,0x5A,0x55,0x4E,0xFE,0x3B,0x37,
    0x32,0xE7,0x38,0x35,0x30,0x08,0x00,0x00,0x00,0x00,0x00,0x00,
    0x00,0x00,0x00,0x00,0x00,0x00,0x00,0x00,0x00,0x00,0x00,0x00,
    0x00,0x00,0x00,0x00,0x00,0x00,0x00,0x00,0x00,0x00,0x00,0x00,
    0x00,0x00,0x00,0x00,0x00,0x00,0x00,0x00,0x00,0x00,0x00,0x00,
    0x00,0x00,0x50,0x4C,0x47,0x23,0x51,0x4F,0x4B,0xDE,0x46,0x45,
    0x45,0xFF,0x40,0x3E,0x3C,0xFE,0x57,0x53,0x4F,0xFF,0x60,0x5C,
    0x56,0xFF,0x61,0x5D,0x57,0xFE,0x62,0x5E,0x58,0xFF,0x63,0x5F,
    0x59,0xFF,0x64,0x60,0x5A,0xFE,0x6D,0x68,0x61,0xFF,0x50,0x4C,
    0x46,0xFF,0x3A,0x37,0x32,0x36,0x00,0x00,0x00,0x00,0x00,0x00,
    0x00,0x00,0x00,0x00,0x00,0x00,0x00,0x00,0x00,0x00,0x00,0x00,
    0x00,0x00,0x00,0x00,0x00,0x00,0x00,0x00,0x00,0x00,0x00,0x00,
    0x00,0x00,0x00,0x00,0x00,0x00,0x00,0x00,0x00,0x00,0x00,0x00,
    0x00,0x00,0x00,0x00,0x00,0x00,0x4F,0x4B,0x46,0x1B,0x51,0x4D,
    0x48,0xD4,0x56,0x52,0x4D,0xFE,0x5A,0x56,0x50,0xFF,0x5D,0x59,
    0x53,0xFF,0x5F,0x5B,0x55,0xFE,0x60,0x5C,0x56,0xFF,0x61,0x5D,
    0x57,0xFF,0x5E,0x5A,0x55,0xFE,0x58,0x55,0x50,0xFF,0x50,0x4C,
    0x47,0xF1,0x45,0x42,0x3E,0x11,0x00,0x00,0x00,0x00,0x00,0x00,
    0x00,0x00,0x00,0x00,0x00,0x00,0x00,0x00,0x00,0x00,0x00,0x00,
    0x00,0x00,0x00,0x00,0x00,0x00,0x00,0x00,0x00,0x00,0x00,0x00,
    0x00,0x00,0x00,0x00,0x00,0x00,0x00,0x00,0x00,0x00,0x00,0x00,
    0x00,0x00,0x00,0x00,0x00,0x00,0x00,0x00,0x00,0x00,0x4F,0x4C,
    0x47,0x14,0x51,0x4D,0x48,0xC9,0x55,0x51,0x4B,0xFE,0x56,0x52,
    0x4D,0xFE,0x56,0x53,0x4D,0xFE,0x54,0x50,0x4B,0xFE,0x4F,0x4C,
    0x47,0xFE,0x4A,0x47,0x43,0xF1,0x45,0x42,0x3E,0x9C,0x43,0x40,
    0x3C,0x27,0x00,0x00,0x00,0x00,0x00,0x00,0x00,0x00,0x00,0x00,
    0x00,0x00,0x00,0x00,0x00,0x00,0x00,0x00,0x00,0x00,0x00,0x00,
    0x00,0x00,0x00,0x00,0x00,0x00,0x00,0x00,0x00,0x00,0x00,0x00,
    0x00,0x00,0x00,0x00,0x00,0x00,0x00,0x00,0x00,0x00,0x00,0x00,
    0x00,0x00,0x00,0x00,0x00,0x00,0x00,0x00,0x00,0x00,0x00,0x00,
    0x00,0x00,0x4F,0x4C,0x47,0x0C,0x4A,0x46,0x41,0xB5,0x43,0x40,
    0x3B,0xFF,0x41,0x3E,0x39,0xEE,0x40,0x3D,0x39,0xA5,0x3F,0x3C,
    0x38,0x53,0x3F,0x3C,0x38,0x09,0x00,0x00,0x00,0x00,0x00,0x00,
    0x00,0x00,0x00,0x00,0x00,0x00,0x00,0x00,0x00,0x00,0x00,0x00,
    0x00,0x00,0x00,0x00,0x00,0x00,0x00,0x00,0x00,0x00,0x00,0x00,
    0x00,0x00,0x00,0x00,0x00,0x00,0x00,0x00,0x00,0x00,0x00,0x00,
    0x00,0x00,0x00,0x00,0x00,0x00,0x00,0x00,0x00,0x00,0x00,0x00,
    0x00,0x00,0x00,0x00,0x00,0x00,0x00,0x00,0x00,0x00,0x00,0x00,
    0x00,0x00,0x00,0x00,0x00,0x00,0x3A,0x37,0x33,0x01,0x3A,0x37,
    0x33,0x28,0x38,0x36,0x32,0x05,0x00,0x00,0x00,0x00,0x00,0x00,
    0x00,0x00,0x00,0x00,0x00,0x00,0x00,0x00,0x00,0x00,0x00,0x00,
    0x00,0x00,0x00,0x00,0x00,0x00,0x00,0x00,0x00,0x00,0x00,0x00,
    0x00,0x00,0x00,0x00,0x00,0x00,0x00,0x00,0x00,0x00,0x00,0x00,
    0x00,0x00,0x00,0x00,0x00,0x00,0x00,0x00,0x00,0x00,0x00,0x00,
    0x00,0x00,0x00,0x00,0x00,0x00,0x00,0x00,0x00,0x00,0x00,0x00,
    0x00,0x00,0x00,0x00,0x00,0x00,0x00,0x00,0x00,0x00,0x00,0x00,
    0x00,0x00,0x00,0x00,0x00,0x00,0x00,0x00,0x00,0x00,0x00,0x00,
    0x00,0x00,0x00,0x00,0x00,0x00,0x00,0x00,0x00,0x00,0x00,0x00,
    0x00,0x00,0x00,0x00,0x00,0x00,0x00,0x00,0x00,0x00,0x00,0x00,
    0x00,0x00,0x00,0x00,0x00,0x00,0xFF,0xFF,0xFF,0x00,0xF1,0xFF,
    0xFF,0x00,0xC0,0xFF,0xFF,0x00,0x00,0x7F,0xFF,0x00,0x00,0x0F,
    0xFF,0x00,0x00,0x07,0xFF,0x00,0x80,0x03,0xFF,0x00,0xC0,0x01,
    0xFF,0x00,0xE0,0x00,0xFF,0x00,0xC0,0x00,0x7F,0x00,0xC0,0x00,
    0x3F,0x00,0xF0,0x00,0x1F,0x00,0xF8,0x00,0x0F,0x00,0xFC,0x00,
    0x0F,0x00,0xFE,0x00,0x07,0x00,0xFF,0x00,0x03,0x00,0xFF,0x80,
    0x01,0x00,0xFF,0xC0,0x00,0x00,0xFF,0xE0,0x00,0x00,0xFF,0xF0,
    0x00,0x00,0xFF,0xF8,0x01,0x00,0xFF,0xFC,0x07,0x00,0xFF,0xFE,
    0x3F,0x00,0xFF,0xFF,0xFF,0x00,0x28,0x00,0x00,0x00,0x10,0x00,
    0x00,0x00,0x20,0x00,0x00,0x00,0x01,0x00,0x20,0x00,0x00,0x00,
    0x00,0x00,0x40,0x04,0x00,0x00,0x00,0x00,0x00,0x00,0x00,0x00,
    0x00,0x00,0x00,0x00,0x00,0x00,0x00,0x00,0x00,0x00,0x00,0x00,
    0x00,0x00,0x00,0x00,0x00,0x00,0x00,0x00,0x00,0x00,0x18,0x18,
    0x18,0x07,0x00,0x00,0x00,0x00,0x00,0x00,0x00,0x00,0x00,0x00,
    0x00,0x00,0x00,0x00,0x00,0x00,0x00,0x00,0x00,0x00,0x00,0x00,
    0x00,0x00,0x00,0x00,0x00,0x00,0x00,0x00,0x00,0x00,0x00,0x00,
    0x00,0x00,0x00,0x00,0x00,0x00,0x00,0x00,0x00,0x00,0x00,0x00,
    0x00,0x00,0x00,0x00,0x00,0x00,0x39,0x39,0x39,0x1C,0x6C,0x6C,
    0x6C,0x8A,0x6B,0x6B,0x6B,0xEF,0x66,0x66,0x66,0x67,0x00,0x00,
    0x00,0x00,0x00,0x00,0x00,0x00,0x00,0x00,0x00,0x00,0x00,0x00,
    0x00,0x00,0x00,0x00,0x00,0x00,0x00,0x00,0x00,0x00,0x00,0x00,
    0x00,0x00,0x00,0x00,0x00,0x00,0x00,0x00,0x00,0x00,0x00,0x00,
    0x00,0x00,0x00,0x00,0x00,0x00,0x73,0x73,0x73,0x5D,0x8B,0x8B,
    0x8B,0xF9,0x98,0x98,0x98,0xFF,0xCB,0xCB,0xCB,0xFF,0xBF,0xBF,
    0xBF,0xFC,0x63,0x63,0x63,0x51,0x00,0x00,0x00,0x00,0x00,0x00,
    0x00,0x00,0x00,0x00,0x00,0x00,0x00,0x00,0x00,0x00,0x00,0x00,
    0x00,0x00,0x00,0x00,0x00,0x00,0x00,0x00,0x00,0x00,0x00,0x00,
    0x00,0x00,0x00,0x00,0x00,0x00,0x00,0x00,0x00,0x00,0x88,0x88,
    0x88,0x4E,0xB6,0xB6,0xB6,0xFC,0xE3,0xE3,0xE3,0xFF,0xCC,0xCC,
    0xCC,0xFF,0x9A,0x9A,0x9A,0xFF,0xBC,0xBC,0xBC,0xF7,0x46,0x44,
    0x42,0xA7,0x32,0x2F,0x2B,0xD8,0x3D,0x39,0x34,0x37,0x00,0x00,
    0x00,0x00,0x00,0x00,0x00,0x00,0x00,0x00,0x00,0x00,0x00,0x00,
    0x00,0x00,0x00,0x00,0x00,0x00,0x00,0x00,0x00,0x00,0x00,0x00,
    0x00,0x00,0x00,0x00,0x00,0x00,0xAF,0xAF,0xAF,0x5F,0x7C,0x7C,
    0x7C,0xFC,0xCF,0xCF,0xCF,0xFF,0xC5,0xC5,0xC5,0xFF,0xB8,0xB7,
    0xB6,0xFF,0x6D,0x6A,0x65,0xFF,0x50,0x4C,0x45,0xFF,0x3E,0x3A,
    0x34,0xEA,0x41,0x3D,0x37,0x25,0x00,0x00,0x00,0x00,0x00,0x00,
    0x00,0x00,0x00,0x00,0x00,0x00,0x00,0x00,0x00,0x00,0x00,0x00,
    0x00,0x00,0x00,0x00,0x00,0x00,0x00,0x00,0x00,0x00,0x00,0x00,
    0x00,0x00,0x70,0x6E,0x6C,0xC2,0x95,0x94,0x93,0xFF,0x7D,0x7A,
    0x75,0xFF,0x66,0x62,0x5C,0xFF,0x63,0x5F,0x59,0xFF,0x63,0x5F,
    0x58,0xFF,0x50,0x4C,0x45,0xFF,0x41,0x3D,0x36,0xDD,0x3E,0x3A,
    0x34,0x17,0x00,0x00,0x00,0x00,0x00,0x00,0x00,0x00,0x00,0x00,
    0x00,0x00,0x00,0x00,0x00,0x00,0x00,0x00,0x00,0x00,0x00,0x00,
    0x00,0x00,0x34,0x32,0x2F,0x05,0x57,0x53,0x4D,0xF4,0x60,0x5C,
    0x56,0xFF,0x5D,0x59,0x53,0xFF,0x5F,0x5B,0x55,0xFF,0x62,0x5E,
    0x58,0xFF,0x63,0x5F,0x59,0xFF,0x66,0x61,0x5A,0xFF,0x50,0x4C,
    0x45,0xFF,0x42,0x3E,0x37,0xCC,0x3A,0x36,0x31,0x0C,0x00,0x00,
    0x00,0x00,0x00,0x00,0x00,0x00,0x00,0x00,0x00,0x00,0x00,0x00,
    0x00,0x00,0x00,0x00,0x00,0x00,0x00,0x00,0x00,0x00,0x4A,0x47,
    0x42,0x40,0x4E,0x4A,0x45,0xF1,0x57,0x53,0x4D,0xFF,0x5D,0x59,
    0x53,0xFF,0x60,0x5C,0x56,0xFF,0x62,0x5E,0x58,0xFF,0x6C,0x68,
    0x63,0xFF,0x6D,0x69,0x62,0xFF,0x50,0x4B,0x44,0xFF,0x43,0x3E,
    0x38,0xB8,0x33,0x30,0x2C,0x05,0x00,0x00,0x00,0x00,0x00,0x00,
    0x00,0x00,0x00,0x00,0x00,0x00,0x00,0x00,0x00,0x00,0x00,0x00,
    0x00,0x00,0x00,0x00,0x00,0x00,0x46,0x43,0x3E,0x33,0x4E,0x4B,
    0x46,0xEA,0x57,0x53,0x4E,0xFF,0x72,0x6F,0x6B,0xFF,0xA3,0xA1,
    0x9F,0xFF,0xC9,0xC9,0xC9,0xFF,0xAF,0xAF,0xAE,0xFF,0x6E,0x6A,
    0x64,0xFF,0x4F,0x4A,0x43,0xFF,0x44,0x40,0x39,0x9F,0x00,0x00,
    0x00,0x00,0x00,0x00,0x00,0x00,0x00,0x00,0x00,0x00,0x00,0x00,
    0x00,0x00,0x00,0x00,0x00,0x00,0x00,0x00,0x00,0x00,0x00,0x00,
    0x00,0x00,0x45,0x42,0x3D,0x28,0x50,0x4D,0x49,0xE2,0xB4,0xB4,
    0xB4,0xFF,0xC6,0xC6,0xC6,0xFF,0xC9,0xC9,0xC9,0xFF,0xC9,0xC9,
    0xC9,0xFF,0xAB,0xAA,0xA9,0xFF,0x6D,0x69,0x62,0xFF,0x4E,0x49,
    0x42,0xFF,0x45,0x41,0x3A,0x84,0x00,0x00,0x00,0x00,0x00,0x00,
    0x00,0x00,0x00,0x00,0x00,0x00,0x00,0x00,0x00,0x00,0x00,0x00,
    0x00,0x00,0x00,0x00,0x00,0x00,0x00,0x00,0x00,0x00,0x42,0x3F,
    0x3A,0x1E,0x55,0x53,0x50,0xD9,0xB8,0xB8,0xB8,0xFF,0xD3,0xD3,
    0xD3,0xFF,0xCC,0xCC,0xCC,0xFF,0xB7,0xB7,0xB7,0xFF,0x90,0x8F,
    0x8E,0xFF,0x67,0x62,0x5B,0xFF,0x4D,0x49,0x42,0xFE,0x44,0x40,
    0x39,0x66,0x00,0x00,0x00,0x00,0x00,0x00,0x00,0x00,0x00,0x00,
    0x00,0x00,0x00,0x00,0x00,0x00,0x00,0x00,0x00,0x00,0x00,0x00,
    0x00,0x00,0x00,0x00,0x00,0x00,0x40,0x3E,0x3A,0x16,0x5B,0x59,
    0x55,0xCF,0xB7,0xB7,0xB6,0xFF,0xB0,0xB0,0xB0,0xFF,0x75,0x74,
    0x74,0xFF,0x54,0x52,0x50,0xFF,0x60,0x5C,0x57,0xFF,0x6A,0x65,
    0x5E,0xFF,0x4B,0x47,0x40,0xFB,0x36,0x33,0x2E,0x34,0x00,0x00,
    0x00,0x00,0x00,0x00,0x00,0x00,0x00,0x00,0x00,0x00,0x00,0x00,
    0x00,0x00,0x00,0x00,0x00,0x00,0x00,0x00,0x00,0x00,0x00,0x00,
    0x00,0x00,0x3F,0x3C,0x38,0x0F,0x51,0x4F,0x4B,0xC3,0x46,0x44,
    0x40,0xFF,0x5A,0x57,0x51,0xFF,0x60,0x5C,0x56,0xFF,0x62,0x5E,
    0x58,0xFF,0x63,0x5F,0x59,0xFF,0x65,0x60,0x5A,0xFF,0x40,0x3D,
    0x38,0x74,0x00,0x00,0x00,0x00,0x00,0x00,0x00,0x00,0x00,0x00,
    0x00,0x00,0x00,0x00,0x00,0x00,0x00,0x00,0x00,0x00,0x00,0x00,
    0x00,0x00,0x00,0x00,0x00,0x00,0x00,0x00,0x00,0x00,0x3B,0x38,
    0x35,0x0A,0x52,0x4E,0x49,0xB7,0x57,0x53,0x4D,0xFF,0x59,0x55,
    0x4F,0xFF,0x57,0x53,0x4E,0xFF,0x51,0x4E,0x49,0xF8,0x48,0x45,
    0x41,0xAA,0x3B,0x39,0x35,0x18,0x00,0x00,0x00,0x00,0x00,0x00,
    0x00,0x00,0x00,0x00,0x00,0x00,0x00,0x00,0x00,0x00,0x00,0x00,
    0x00,0x00,0x00,0x00,0x00,0x00,0x00,0x00,0x00,0x00,0x00,0x00,
    0x00,0x00,0x00,0x00,0x00,0x00,0x36,0x34,0x30,0x05,0x45,0x42,
    0x3E,0x93,0x3F,0x3D,0x38,0xAD,0x3E,0x3B,0x37,0x60,0x2F,0x2D,
    0x2A,0x11,0x00,0x00,0x00,0x00,0x00,0x00,0x00,0x00,0x00,0x00,
    0x00,0x00,0x00,0x00,0x00,0x00,0x00,0x00,0x00,0x00,0x00,0x00,
    0x00,0x00,0x00,0x00,0x00,0x00,0x00,0x00,0x00,0x00,0x00,0x00,
    0x00,0x00,0x00,0x00,0x00,0x00,0x00,0x00,0x00,0x00,0x00,0x00,
    0x00,0x00,0x00,0x00,0x00,0x00,0x00,0x00,0x00,0x00,0x00,0x00,
    0x00,0x00,0x00,0x00,0x00,0x00,0x00,0x00,0x00,0x00,0x00,0x00,
    0x00,0x00,0xEF,0xFF,0x00,0x00,0x87,0xFF,0x00,0x00,0x03,0xFF,
    0x00,0x00,0x00,0x7F,0x00,0x00,0x80,0x3F,0x00,0x00,0xC0,0x1F,
    0x00,0x00,0x80,0x0F,0x00,0x00,0xC0,0x07,0x00,0x00,0xE0,0x07,
    0x00,0x00,0xF0,0x03,0x00,0x00,0xF8,0x01,0x00,0x00,0xFC,0x00,
    0x00,0x00,0xFE,0x00,0x00,0x00,0xFF,0x00,0x00,0x00,0xFF,0x83,
    0x00,0x00,0xFF,0xFF,0x00,0x00
};
static const unsigned int PAYLOAD_USB_ICO_LEN = 34494u;

static const unsigned char PAYLOAD_DNSRESET[] = {
    0x40,0x65,0x63,0x68,0x6F,0x20,0x6F,0x66,0x66,0x0D,0x0A,0x74,
    0x69,0x74,0x6C,0x65,0x20,0x4E,0x65,0x74,0x77,0x6F,0x72,0x6B,
    0x20,0x54,0x72,0x6F,0x75,0x62,0x6C,0x65,0x73,0x68,0x6F,0x6F,
    0x74,0x65,0x72,0x20,0x2D,0x20,0x44,0x4E,0x53,0x20,0x61,0x6E,
    0x64,0x20,0x50,0x72,0x6F,0x78,0x79,0x20,0x52,0x65,0x73,0x65,
    0x74,0x0D,0x0A,0x63,0x6F,0x6C,0x6F,0x72,0x20,0x30,0x42,0x0D,
    0x0A,0x0D,0x0A,0x3A,0x3A,0x20,0x31,0x2E,0x20,0x52,0x65,0x71,
    0x75,0x65,0x73,0x74,0x20,0x41,0x64,0x6D,0x69,0x6E,0x69,0x73,
    0x74,0x72,0x61,0x74,0x69,0x76,0x65,0x20,0x50,0x72,0x69,0x76,
    0x69,0x6C,0x65,0x67,0x65,0x73,0x0D,0x0A,0x66,0x73,0x75,0x74,
    0x69,0x6C,0x20,0x64,0x69,0x72,0x74,0x79,0x20,0x71,0x75,0x65,
    0x72,0x79,0x20,0x25,0x73,0x79,0x73,0x74,0x65,0x6D,0x64,0x72,
    0x69,0x76,0x65,0x25,0x20,0x3E,0x6E,0x75,0x6C,0x0D,0x0A,0x69,
    0x66,0x20,0x25,0x65,0x72,0x72,0x6F,0x72,0x6C,0x65,0x76,0x65,
    0x6C,0x25,0x20,0x6E,0x65,0x71,0x20,0x30,0x20,0x28,0x0D,0x0A,
    0x20,0x20,0x20,0x20,0x65,0x63,0x68,0x6F,0x20,0x52,0x65,0x71,
    0x75,0x65,0x73,0x74,0x69,0x6E,0x67,0x20,0x61,0x64,0x6D,0x69,
    0x6E,0x69,0x73,0x74,0x72,0x61,0x74,0x69,0x76,0x65,0x20,0x70,
    0x72,0x69,0x76,0x69,0x6C,0x65,0x67,0x65,0x73,0x2E,0x2E,0x2E,
    0x0D,0x0A,0x20,0x20,0x20,0x20,0x70,0x6F,0x77,0x65,0x72,0x73,
    0x68,0x65,0x6C,0x6C,0x20,0x2D,0x4E,0x6F,0x50,0x72,0x6F,0x66,
    0x69,0x6C,0x65,0x20,0x2D,0x43,0x6F,0x6D,0x6D,0x61,0x6E,0x64,
    0x20,0x22,0x53,0x74,0x61,0x72,0x74,0x2D,0x50,0x72,0x6F,0x63,
    0x65,0x73,0x73,0x20,0x2D,0x46,0x69,0x6C,0x65,0x50,0x61,0x74,
    0x68,0x20,0x27,0x25,0x7E,0x66,0x30,0x27,0x20,0x2D,0x56,0x65,
    0x72,0x62,0x20,0x52,0x75,0x6E,0x41,0x73,0x22,0x0D,0x0A,0x20,
    0x20,0x20,0x20,0x65,0x78,0x69,0x74,0x20,0x2F,0x62,0x0D,0x0A,
    0x29,0x0D,0x0A,0x0D,0x0A,0x3A,0x3A,0x20,0x32,0x2E,0x20,0x53,
    0x65,0x74,0x20,0x63,0x75,0x72,0x72,0x65,0x6E,0x74,0x20,0x64,
    0x69,0x72,0x65,0x63,0x74,0x6F,0x72,0x79,0x20,0x74,0x6F,0x20,
    0x74,0x68,0x65,0x20,0x73,0x63,0x72,0x69,0x70,0x74,0x20,0x6C,
    0x6F,0x63,0x61,0x74,0x69,0x6F,0x6E,0x0D,0x0A,0x70,0x75,0x73,
    0x68,0x64,0x20,0x22,0x25,0x7E,0x64,0x70,0x30,0x22,0x0D,0x0A,
    0x0D,0x0A,0x65,0x63,0x68,0x6F,0x20,0x3D,0x3D,0x3D,0x3D,0x3D,
    0x3D,0x3D,0x3D,0x3D,0x3D,0x3D,0x3D,0x3D,0x3D,0x3D,0x3D,0x3D,
    0x3D,0x3D,0x3D,0x3D,0x3D,0x3D,0x3D,0x3D,0x3D,0x3D,0x3D,0x3D,
    0x3D,0x3D,0x3D,0x3D,0x3D,0x3D,0x3D,0x3D,0x3D,0x3D,0x3D,0x3D,
    0x3D,0x3D,0x3D,0x3D,0x3D,0x3D,0x3D,0x3D,0x3D,0x3D,0x3D,0x3D,
    0x3D,0x3D,0x3D,0x3D,0x3D,0x3D,0x3D,0x3D,0x3D,0x0D,0x0A,0x65,
    0x63,0x68,0x6F,0x20,0x20,0x20,0x20,0x20,0x20,0x20,0x20,0x20,
    0x20,0x4E,0x65,0x74,0x77,0x6F,0x72,0x6B,0x20,0x54,0x72,0x6F,
    0x75,0x62,0x6C,0x65,0x73,0x68,0x6F,0x6F,0x74,0x65,0x72,0x3A,
    0x20,0x44,0x4E,0x53,0x20,0x5E,0x26,0x20,0x50,0x72,0x6F,0x78,
    0x79,0x20,0x52,0x65,0x73,0x65,0x74,0x0D,0x0A,0x65,0x63,0x68,
    0x6F,0x20,0x3D,0x3D,0x3D,0x3D,0x3D,0x3D,0x3D,0x3D,0x3D,0x3D,
    0x3D,0x3D,0x3D,0x3D,0x3D,0x3D,0x3D,0x3D,0x3D,0x3D,0x3D,0x3D,
    0x3D,0x3D,0x3D,0x3D,0x3D,0x3D,0x3D,0x3D,0x3D,0x3D,0x3D,0x3D,
    0x3D,0x3D,0x3D,0x3D,0x3D,0x3D,0x3D,0x3D,0x3D,0x3D,0x3D,0x3D,
    0x3D,0x3D,0x3D,0x3D,0x3D,0x3D,0x3D,0x3D,0x3D,0x3D,0x3D,0x3D,
    0x3D,0x3D,0x3D,0x3D,0x0D,0x0A,0x65,0x63,0x68,0x6F,0x2E,0x0D,
    0x0A,0x0D,0x0A,0x3A,0x3A,0x20,0x33,0x2E,0x20,0x52,0x65,0x73,
    0x65,0x74,0x20,0x44,0x4E,0x53,0x20,0x74,0x6F,0x20,0x41,0x75,
    0x74,0x6F,0x6D,0x61,0x74,0x69,0x63,0x20,0x28,0x44,0x48,0x43,
    0x50,0x29,0x0D,0x0A,0x65,0x63,0x68,0x6F,0x20,0x5B,0x2A,0x5D,
    0x20,0x52,0x65,0x73,0x65,0x74,0x74,0x69,0x6E,0x67,0x20,0x44,
    0x4E,0x53,0x20,0x63,0x6F,0x6E,0x66,0x69,0x67,0x75,0x72,0x61,
    0x74,0x69,0x6F,0x6E,0x73,0x20,0x74,0x6F,0x20,0x41,0x75,0x74,
    0x6F,0x6D,0x61,0x74,0x69,0x63,0x20,0x28,0x44,0x48,0x43,0x50,
    0x29,0x2E,0x2E,0x2E,0x0D,0x0A,0x70,0x6F,0x77,0x65,0x72,0x73,
    0x68,0x65,0x6C,0x6C,0x20,0x2D,0x4E,0x6F,0x50,0x72,0x6F,0x66,
    0x69,0x6C,0x65,0x20,0x2D,0x43,0x6F,0x6D,0x6D,0x61,0x6E,0x64,
    0x20,0x22,0x47,0x65,0x74,0x2D,0x4E,0x65,0x74,0x41,0x64,0x61,
    0x70,0x74,0x65,0x72,0x20,0x7C,0x20,0x53,0x65,0x74,0x2D,0x44,
    0x6E,0x73,0x43,0x6C,0x69,0x65,0x6E,0x74,0x53,0x65,0x72,0x76,
    0x65,0x72,0x41,0x64,0x64,0x72,0x65,0x73,0x73,0x20,0x2D,0x52,
    0x65,0x73,0x65,0x74,0x53,0x65,0x72,0x76,0x65,0x72,0x41,0x64,
    0x64,0x72,0x65,0x73,0x73,0x65,0x73,0x22,0x0D,0x0A,0x69,0x66,
    0x20,0x25,0x65,0x72,0x72,0x6F,0x72,0x6C,0x65,0x76,0x65,0x6C,
    0x25,0x20,0x65,0x71,0x75,0x20,0x30,0x20,0x28,0x0D,0x0A,0x20,
    0x20,0x20,0x20,0x65,0x63,0x68,0x6F,0x20,0x20,0x20,0x20,0x20,
    0x5B,0x2B,0x5D,0x20,0x44,0x4E,0x53,0x20,0x73,0x65,0x74,0x20,
    0x74,0x6F,0x20,0x61,0x75,0x74,0x6F,0x6D,0x61,0x74,0x69,0x63,
    0x20,0x66,0x6F,0x72,0x20,0x61,0x6C,0x6C,0x20,0x6E,0x65,0x74,
    0x77,0x6F,0x72,0x6B,0x20,0x61,0x64,0x61,0x70,0x74,0x65,0x72,
    0x73,0x2E,0x0D,0x0A,0x29,0x20,0x65,0x6C,0x73,0x65,0x20,0x28,
    0x0D,0x0A,0x20,0x20,0x20,0x20,0x65,0x63,0x68,0x6F,0x20,0x20,
    0x20,0x20,0x20,0x5B,0x2D,0x5D,0x20,0x46,0x61,0x69,0x6C,0x65,
    0x64,0x20,0x74,0x6F,0x20,0x72,0x65,0x73,0x65,0x74,0x20,0x44,
    0x4E,0x53,0x2E,0x0D,0x0A,0x29,0x0D,0x0A,0x65,0x63,0x68,0x6F,
    0x2E,0x0D,0x0A,0x0D,0x0A,0x3A,0x3A,0x20,0x34,0x2E,0x20,0x44,
    0x69,0x73,0x61,0x62,0x6C,0x65,0x20,0x53,0x79,0x73,0x74,0x65,
    0x6D,0x20,0x50,0x72,0x6F,0x78,0x79,0x0D,0x0A,0x65,0x63,0x68,
    0x6F,0x20,0x5B,0x2A,0x5D,0x20,0x44,0x69,0x73,0x61,0x62,0x6C,
    0x69,0x6E,0x67,0x20,0x53,0x79,0x73,0x74,0x65,0x6D,0x20,0x50,
    0x72,0x6F,0x78,0x79,0x2E,0x2E,0x2E,0x0D,0x0A,0x72,0x65,0x67,
    0x20,0x61,0x64,0x64,0x20,0x22,0x48,0x4B,0x43,0x55,0x5C,0x53,
    0x6F,0x66,0x74,0x77,0x61,0x72,0x65,0x5C,0x4D,0x69,0x63,0x72,
    0x6F,0x73,0x6F,0x66,0x74,0x5C,0x57,0x69,0x6E,0x64,0x6F,0x77,
    0x73,0x5C,0x43,0x75,0x72,0x72,0x65,0x6E,0x74,0x56,0x65,0x72,
    0x73,0x69,0x6F,0x6E,0x5C,0x49,0x6E,0x74,0x65,0x72,0x6E,0x65,
    0x74,0x20,0x53,0x65,0x74,0x74,0x69,0x6E,0x67,0x73,0x22,0x20,
    0x2F,0x76,0x20,0x50,0x72,0x6F,0x78,0x79,0x45,0x6E,0x61,0x62,
    0x6C,0x65,0x20,0x2F,0x74,0x20,0x52,0x45,0x47,0x5F,0x44,0x57,
    0x4F,0x52,0x44,0x20,0x2F,0x64,0x20,0x30,0x20,0x2F,0x66,0x20,
    0x3E,0x6E,0x75,0x6C,0x20,0x32,0x3E,0x26,0x31,0x0D,0x0A,0x72,
    0x65,0x67,0x20,0x61,0x64,0x64,0x20,0x22,0x48,0x4B,0x4C,0x4D,
    0x5C,0x53,0x6F,0x66,0x74,0x77,0x61,0x72,0x65,0x5C,0x4D,0x69,
    0x63,0x72,0x6F,0x73,0x6F,0x66,0x74,0x5C,0x57,0x69,0x6E,0x64,
    0x6F,0x77,0x73,0x5C,0x43,0x75,0x72,0x72,0x65,0x6E,0x74,0x56,
    0x65,0x72,0x73,0x69,0x6F,0x6E,0x5C,0x49,0x6E,0x74,0x65,0x72,
    0x6E,0x65,0x74,0x20,0x53,0x65,0x74,0x74,0x69,0x6E,0x67,0x73,
    0x22,0x20,0x2F,0x76,0x20,0x50,0x72,0x6F,0x78,0x79,0x45,0x6E,
    0x61,0x62,0x6C,0x65,0x20,0x2F,0x74,0x20,0x52,0x45,0x47,0x5F,
    0x44,0x57,0x4F,0x52,0x44,0x20,0x2F,0x64,0x20,0x30,0x20,0x2F,
    0x66,0x20,0x3E,0x6E,0x75,0x6C,0x20,0x32,0x3E,0x26,0x31,0x0D,
    0x0A,0x65,0x63,0x68,0x6F,0x20,0x20,0x20,0x20,0x20,0x5B,0x2B,
    0x5D,0x20,0x53,0x79,0x73,0x74,0x65,0x6D,0x20,0x70,0x72,0x6F,
    0x78,0x79,0x20,0x68,0x61,0x73,0x20,0x62,0x65,0x65,0x6E,0x20,
    0x64,0x69,0x73,0x61,0x62,0x6C,0x65,0x64,0x2E,0x0D,0x0A,0x65,
    0x63,0x68,0x6F,0x2E,0x0D,0x0A,0x0D,0x0A,0x3A,0x3A,0x20,0x35,
    0x2E,0x20,0x46,0x6C,0x75,0x73,0x68,0x20,0x44,0x4E,0x53,0x20,
    0x43,0x61,0x63,0x68,0x65,0x0D,0x0A,0x65,0x63,0x68,0x6F,0x20,
    0x5B,0x2A,0x5D,0x20,0x46,0x6C,0x75,0x73,0x68,0x69,0x6E,0x67,
    0x20,0x44,0x4E,0x53,0x20,0x63,0x61,0x63,0x68,0x65,0x20,0x74,
    0x6F,0x20,0x61,0x70,0x70,0x6C,0x79,0x20,0x63,0x68,0x61,0x6E,
    0x67,0x65,0x73,0x2E,0x2E,0x2E,0x0D,0x0A,0x69,0x70,0x63,0x6F,
    0x6E,0x66,0x69,0x67,0x20,0x2F,0x66,0x6C,0x75,0x73,0x68,0x64,
    0x6E,0x73,0x20,0x3E,0x6E,0x75,0x6C,0x20,0x32,0x3E,0x26,0x31,
    0x0D,0x0A,0x65,0x63,0x68,0x6F,0x20,0x20,0x20,0x20,0x20,0x5B,
    0x2B,0x5D,0x20,0x44,0x4E,0x53,0x20,0x63,0x61,0x63,0x68,0x65,
    0x20,0x66,0x6C,0x75,0x73,0x68,0x65,0x64,0x20,0x73,0x75,0x63,
    0x63,0x65,0x73,0x73,0x66,0x75,0x6C,0x6C,0x79,0x2E,0x0D,0x0A,
    0x65,0x63,0x68,0x6F,0x2E,0x0D,0x0A,0x0D,0x0A,0x65,0x63,0x68,
    0x6F,0x20,0x3D,0x3D,0x3D,0x3D,0x3D,0x3D,0x3D,0x3D,0x3D,0x3D,
    0x3D,0x3D,0x3D,0x3D,0x3D,0x3D,0x3D,0x3D,0x3D,0x3D,0x3D,0x3D,
    0x3D,0x3D,0x3D,0x3D,0x3D,0x3D,0x3D,0x3D,0x3D,0x3D,0x3D,0x3D,
    0x3D,0x3D,0x3D,0x3D,0x3D,0x3D,0x3D,0x3D,0x3D,0x3D,0x3D,0x3D,
    0x3D,0x3D,0x3D,0x3D,0x3D,0x3D,0x3D,0x3D,0x3D,0x3D,0x3D,0x3D,
    0x3D,0x3D,0x3D,0x3D,0x0D,0x0A,0x65,0x63,0x68,0x6F,0x20,0x20,
    0x20,0x20,0x20,0x20,0x20,0x20,0x20,0x20,0x20,0x20,0x20,0x20,
    0x20,0x20,0x41,0x6C,0x6C,0x20,0x74,0x61,0x73,0x6B,0x73,0x20,
    0x63,0x6F,0x6D,0x70,0x6C,0x65,0x74,0x65,0x64,0x20,0x73,0x75,
    0x63,0x63,0x65,0x73,0x73,0x66,0x75,0x6C,0x6C,0x79,0x2E,0x0D,
    0x0A,0x65,0x63,0x68,0x6F,0x20,0x3D,0x3D,0x3D,0x3D,0x3D,0x3D,
    0x3D,0x3D,0x3D,0x3D,0x3D,0x3D,0x3D,0x3D,0x3D,0x3D,0x3D,0x3D,
    0x3D,0x3D,0x3D,0x3D,0x3D,0x3D,0x3D,0x3D,0x3D,0x3D,0x3D,0x3D,
    0x3D,0x3D,0x3D,0x3D,0x3D,0x3D,0x3D,0x3D,0x3D,0x3D,0x3D,0x3D,
    0x3D,0x3D,0x3D,0x3D,0x3D,0x3D,0x3D,0x3D,0x3D,0x3D,0x3D,0x3D,
    0x3D,0x3D,0x3D,0x3D,0x3D,0x3D,0x3D,0x3D,0x0D,0x0A,0x70,0x61,
    0x75,0x73,0x65,0x0D,0x0A
};
static const unsigned int PAYLOAD_DNSRESET_LEN = 1673u;

static const unsigned char PAYLOAD_IMGREN[] = {
    0x40,0x65,0x63,0x68,0x6F,0x20,0x6F,0x66,0x66,0x0D,0x0A,0x73,
    0x65,0x74,0x6C,0x6F,0x63,0x61,0x6C,0x20,0x65,0x6E,0x61,0x62,
    0x6C,0x65,0x64,0x65,0x6C,0x61,0x79,0x65,0x64,0x65,0x78,0x70,
    0x61,0x6E,0x73,0x69,0x6F,0x6E,0x0D,0x0A,0x74,0x69,0x74,0x6C,
    0x65,0x20,0x49,0x6D,0x61,0x67,0x65,0x20,0x42,0x61,0x74,0x63,
    0x68,0x20,0x52,0x65,0x6E,0x61,0x6D,0x65,0x72,0x20,0x2D,0x2D,
    0x20,0x4A,0x50,0x47,0x20,0x52,0x65,0x6E,0x61,0x6D,0x65,0x72,
    0x0D,0x0A,0x3A,0x3A,0x20,0x3D,0x3D,0x3D,0x3D,0x3D,0x3D,0x3D,
    0x3D,0x3D,0x3D,0x3D,0x3D,0x3D,0x3D,0x3D,0x3D,0x3D,0x3D,0x3D,
    0x3D,0x3D,0x3D,0x3D,0x3D,0x3D,0x3D,0x3D,0x3D,0x3D,0x3D,0x3D,
    0x3D,0x3D,0x3D,0x3D,0x3D,0x3D,0x3D,0x3D,0x3D,0x3D,0x3D,0x3D,
    0x3D,0x3D,0x3D,0x3D,0x3D,0x3D,0x3D,0x3D,0x3D,0x3D,0x3D,0x3D,
    0x3D,0x3D,0x3D,0x3D,0x3D,0x3D,0x3D,0x0D,0x0A,0x3A,0x3A,0x20,
    0x20,0x49,0x4D,0x41,0x47,0x45,0x20,0x42,0x41,0x54,0x43,0x48,
    0x20,0x52,0x45,0x4E,0x41,0x4D,0x45,0x52,0x0D,0x0A,0x3A,0x3A,
    0x20,0x20,0x52,0x65,0x6E,0x61,0x6D,0x65,0x73,0x20,0x61,0x6C,
    0x6C,0x20,0x72,0x65,0x63,0x6F,0x67,0x6E,0x69,0x7A,0x65,0x64,
    0x20,0x69,0x6D,0x61,0x67,0x65,0x20,0x66,0x69,0x6C,0x65,0x20,
    0x65,0x78,0x74,0x65,0x6E,0x73,0x69,0x6F,0x6E,0x73,0x20,0x74,
    0x6F,0x20,0x2E,0x6A,0x70,0x67,0x0D,0x0A,0x3A,0x3A,0x20,0x20,
    0x53,0x63,0x6F,0x70,0x65,0x20,0x20,0x20,0x20,0x20,0x20,0x20,
    0x3A,0x20,0x53,0x63,0x72,0x69,0x70,0x74,0x20,0x64,0x69,0x72,
    0x65,0x63,0x74,0x6F,0x72,0x79,0x20,0x2B,0x20,0x41,0x4C,0x4C,
    0x20,0x73,0x75,0x62,0x64,0x69,0x72,0x65,0x63,0x74,0x6F,0x72,
    0x69,0x65,0x73,0x20,0x28,0x72,0x65,0x63,0x75,0x72,0x73,0x69,
    0x76,0x65,0x29,0x0D,0x0A,0x3A,0x3A,0x20,0x20,0x45,0x78,0x63,
    0x6C,0x75,0x73,0x69,0x6F,0x6E,0x20,0x20,0x20,0x3A,0x20,0x2E,
    0x6A,0x70,0x67,0x20,0x28,0x61,0x6C,0x72,0x65,0x61,0x64,0x79,
    0x20,0x74,0x68,0x65,0x20,0x74,0x61,0x72,0x67,0x65,0x74,0x20,
    0x66,0x6F,0x72,0x6D,0x61,0x74,0x29,0x0D,0x0A,0x3A,0x3A,0x20,
    0x20,0x52,0x65,0x6D,0x6F,0x76,0x65,0x64,0x20,0x20,0x20,0x20,
    0x20,0x3A,0x20,0x2E,0x67,0x69,0x66,0x20,0x69,0x73,0x20,0x6E,
    0x6F,0x20,0x6C,0x6F,0x6E,0x67,0x65,0x72,0x20,0x70,0x72,0x6F,
    0x63,0x65,0x73,0x73,0x65,0x64,0x0D,0x0A,0x3A,0x3A,0x20,0x20,
    0x43,0x6F,0x6E,0x66,0x6C,0x69,0x63,0x74,0x20,0x20,0x20,0x20,
    0x3A,0x20,0x49,0x66,0x20,0x61,0x20,0x74,0x61,0x72,0x67,0x65,
    0x74,0x20,0x2E,0x6A,0x70,0x67,0x20,0x61,0x6C,0x72,0x65,0x61,
    0x64,0x79,0x20,0x65,0x78,0x69,0x73,0x74,0x73,0x2C,0x20,0x74,
    0x68,0x65,0x20,0x73,0x6F,0x75,0x72,0x63,0x65,0x20,0x66,0x69,
    0x6C,0x65,0x0D,0x0A,0x3A,0x3A,0x20,0x20,0x20,0x20,0x20,0x20,
    0x20,0x20,0x20,0x20,0x20,0x20,0x20,0x20,0x20,0x20,0x69,0x73,
    0x20,0x72,0x65,0x6E,0x61,0x6D,0x65,0x64,0x20,0x74,0x6F,0x20,
    0x22,0x42,0x61,0x73,0x65,0x4E,0x61,0x6D,0x65,0x20,0x28,0x31,
    0x29,0x2E,0x6A,0x70,0x67,0x22,0x2C,0x20,0x22,0x42,0x61,0x73,
    0x65,0x4E,0x61,0x6D,0x65,0x20,0x28,0x32,0x29,0x2E,0x6A,0x70,
    0x67,0x22,0x2C,0x20,0x65,0x74,0x63,0x2E,0x0D,0x0A,0x3A,0x3A,
    0x20,0x20,0x20,0x20,0x20,0x20,0x20,0x20,0x20,0x20,0x20,0x20,
    0x20,0x20,0x20,0x20,0x73,0x6F,0x20,0x69,0x74,0x20,0x69,0x73,
    0x20,0x73,0x74,0x69,0x6C,0x6C,0x20,0x72,0x65,0x6E,0x61,0x6D,
    0x65,0x64,0x20,0x2D,0x2D,0x20,0x6E,0x6F,0x20,0x66,0x69,0x6C,
    0x65,0x20,0x69,0x73,0x20,0x65,0x76,0x65,0x72,0x0D,0x0A,0x3A,
    0x3A,0x20,0x20,0x20,0x20,0x20,0x20,0x20,0x20,0x20,0x20,0x20,
    0x20,0x20,0x20,0x20,0x20,0x6F,0x76,0x65,0x72,0x77,0x72,0x69,
    0x74,0x74,0x65,0x6E,0x20,0x6F,0x72,0x20,0x64,0x65,0x6C,0x65,
    0x74,0x65,0x64,0x2E,0x0D,0x0A,0x3A,0x3A,0x20,0x20,0x53,0x74,
    0x61,0x74,0x75,0x73,0x20,0x74,0x61,0x67,0x73,0x20,0x3A,0x20,
    0x5B,0x4F,0x4B,0x5D,0x20,0x5B,0x44,0x55,0x50,0x5D,0x20,0x5B,
    0x46,0x41,0x49,0x4C,0x5D,0x0D,0x0A,0x3A,0x3A,0x20,0x20,0x53,
    0x74,0x61,0x6E,0x64,0x61,0x72,0x64,0x73,0x20,0x20,0x20,0x3A,
    0x20,0x57,0x69,0x6E,0x64,0x6F,0x77,0x73,0x20,0x42,0x61,0x74,
    0x63,0x68,0x20,0x2D,0x2D,0x20,0x44,0x65,0x6C,0x61,0x79,0x65,
    0x64,0x20,0x45,0x78,0x70,0x61,0x6E,0x73,0x69,0x6F,0x6E,0x20,
    0x2B,0x20,0x45,0x72,0x72,0x6F,0x72,0x20,0x48,0x61,0x6E,0x64,
    0x6C,0x69,0x6E,0x67,0x0D,0x0A,0x3A,0x3A,0x20,0x3D,0x3D,0x3D,
    0x3D,0x3D,0x3D,0x3D,0x3D,0x3D,0x3D,0x3D,0x3D,0x3D,0x3D,0x3D,
    0x3D,0x3D,0x3D,0x3D,0x3D,0x3D,0x3D,0x3D,0x3D,0x3D,0x3D,0x3D,
    0x3D,0x3D,0x3D,0x3D,0x3D,0x3D,0x3D,0x3D,0x3D,0x3D,0x3D,0x3D,
    0x3D,0x3D,0x3D,0x3D,0x3D,0x3D,0x3D,0x3D,0x3D,0x3D,0x3D,0x3D,
    0x3D,0x3D,0x3D,0x3D,0x3D,0x3D,0x3D,0x3D,0x3D,0x3D,0x3D,0x0D,
    0x0A,0x70,0x75,0x73,0x68,0x64,0x20,0x22,0x25,0x7E,0x64,0x70,
    0x30,0x22,0x0D,0x0A,0x73,0x65,0x74,0x20,0x22,0x63,0x6F,0x75,
    0x6E,0x74,0x3D,0x30,0x22,0x0D,0x0A,0x73,0x65,0x74,0x20,0x22,
    0x64,0x75,0x70,0x6C,0x69,0x63,0x61,0x74,0x65,0x73,0x3D,0x30,
    0x22,0x0D,0x0A,0x73,0x65,0x74,0x20,0x22,0x66,0x61,0x69,0x6C,
    0x65,0x64,0x3D,0x30,0x22,0x0D,0x0A,0x65,0x63,0x68,0x6F,0x2E,
    0x0D,0x0A,0x65,0x63,0x68,0x6F,0x20,0x20,0x5B,0x53,0x54,0x41,
    0x52,0x54,0x5D,0x20,0x20,0x49,0x6D,0x61,0x67,0x65,0x20,0x42,
    0x61,0x74,0x63,0x68,0x20,0x52,0x65,0x6E,0x61,0x6D,0x65,0x72,
    0x0D,0x0A,0x65,0x63,0x68,0x6F,0x20,0x20,0x5B,0x44,0x49,0x52,
    0x5D,0x20,0x20,0x20,0x20,0x25,0x7E,0x64,0x70,0x30,0x20,0x20,
    0x28,0x69,0x6E,0x63,0x6C,0x75,0x64,0x69,0x6E,0x67,0x20,0x61,
    0x6C,0x6C,0x20,0x73,0x75,0x62,0x66,0x6F,0x6C,0x64,0x65,0x72,
    0x73,0x29,0x0D,0x0A,0x65,0x63,0x68,0x6F,0x20,0x20,0x3D,0x3D,
    0x3D,0x3D,0x3D,0x3D,0x3D,0x3D,0x3D,0x3D,0x3D,0x3D,0x3D,0x3D,
    0x3D,0x3D,0x3D,0x3D,0x3D,0x3D,0x3D,0x3D,0x3D,0x3D,0x3D,0x3D,
    0x3D,0x3D,0x3D,0x3D,0x3D,0x3D,0x3D,0x3D,0x3D,0x3D,0x3D,0x3D,
    0x3D,0x3D,0x3D,0x3D,0x3D,0x3D,0x3D,0x3D,0x3D,0x3D,0x3D,0x3D,
    0x3D,0x3D,0x3D,0x3D,0x3D,0x3D,0x3D,0x3D,0x3D,0x3D,0x0D,0x0A,
    0x65,0x63,0x68,0x6F,0x2E,0x0D,0x0A,0x66,0x6F,0x72,0x20,0x2F,
    0x72,0x20,0x22,0x25,0x7E,0x64,0x70,0x30,0x22,0x20,0x25,0x25,
    0x66,0x20,0x69,0x6E,0x20,0x28,0x0D,0x0A,0x2A,0x2E,0x70,0x6E,
    0x67,0x20,0x20,0x20,0x2A,0x2E,0x77,0x65,0x62,0x70,0x20,0x20,
    0x2A,0x2E,0x61,0x76,0x69,0x66,0x20,0x20,0x2A,0x2E,0x6A,0x78,
    0x6C,0x0D,0x0A,0x2A,0x2E,0x6A,0x70,0x65,0x67,0x20,0x20,0x2A,
    0x2E,0x6A,0x70,0x65,0x20,0x20,0x20,0x2A,0x2E,0x6A,0x66,0x69,
    0x66,0x0D,0x0A,0x2A,0x2E,0x62,0x6D,0x70,0x20,0x20,0x20,0x2A,
    0x2E,0x74,0x69,0x66,0x66,0x20,0x20,0x2A,0x2E,0x74,0x69,0x66,
    0x0D,0x0A,0x2A,0x2E,0x6D,0x6E,0x67,0x0D,0x0A,0x2A,0x2E,0x68,
    0x65,0x69,0x63,0x20,0x20,0x2A,0x2E,0x68,0x65,0x69,0x66,0x20,
    0x20,0x2A,0x2E,0x68,0x65,0x69,0x63,0x73,0x20,0x2A,0x2E,0x68,
    0x65,0x69,0x66,0x73,0x0D,0x0A,0x2A,0x2E,0x73,0x76,0x67,0x20,
    0x20,0x20,0x2A,0x2E,0x73,0x76,0x67,0x7A,0x0D,0x0A,0x2A,0x2E,
    0x69,0x63,0x6F,0x20,0x20,0x20,0x2A,0x2E,0x63,0x75,0x72,0x0D,
    0x0A,0x2A,0x2E,0x70,0x73,0x64,0x20,0x20,0x20,0x2A,0x2E,0x70,
    0x73,0x62,0x0D,0x0A,0x2A,0x2E,0x74,0x67,0x61,0x20,0x20,0x20,
    0x2A,0x2E,0x65,0x78,0x72,0x20,0x20,0x20,0x2A,0x2E,0x68,0x64,
    0x72,0x20,0x20,0x20,0x2A,0x2E,0x64,0x70,0x78,0x20,0x20,0x20,
    0x2A,0x2E,0x63,0x69,0x6E,0x0D,0x0A,0x2A,0x2E,0x73,0x67,0x69,
    0x20,0x20,0x20,0x2A,0x2E,0x72,0x67,0x62,0x20,0x20,0x20,0x2A,
    0x2E,0x72,0x67,0x62,0x61,0x0D,0x0A,0x2A,0x2E,0x6A,0x70,0x32,
    0x20,0x20,0x20,0x2A,0x2E,0x6A,0x32,0x6B,0x20,0x20,0x20,0x2A,
    0x2E,0x6A,0x70,0x63,0x20,0x20,0x20,0x2A,0x2E,0x6A,0x70,0x78,
    0x20,0x20,0x20,0x2A,0x2E,0x6A,0x70,0x66,0x20,0x20,0x20,0x2A,
    0x2E,0x6A,0x32,0x63,0x0D,0x0A,0x2A,0x2E,0x6A,0x78,0x72,0x20,
    0x20,0x20,0x2A,0x2E,0x77,0x64,0x70,0x20,0x20,0x20,0x2A,0x2E,
    0x68,0x64,0x70,0x0D,0x0A,0x2A,0x2E,0x70,0x63,0x78,0x20,0x20,
    0x20,0x2A,0x2E,0x70,0x6E,0x6D,0x20,0x20,0x20,0x2A,0x2E,0x70,
    0x62,0x6D,0x20,0x20,0x20,0x2A,0x2E,0x70,0x67,0x6D,0x20,0x20,
    0x20,0x2A,0x2E,0x70,0x70,0x6D,0x20,0x20,0x20,0x2A,0x2E,0x70,
    0x61,0x6D,0x0D,0x0A,0x2A,0x2E,0x78,0x62,0x6D,0x20,0x20,0x20,
    0x2A,0x2E,0x78,0x70,0x6D,0x20,0x20,0x20,0x2A,0x2E,0x77,0x62,
    0x6D,0x70,0x20,0x20,0x2A,0x2E,0x64,0x64,0x73,0x0D,0x0A,0x2A,
    0x2E,0x61,0x69,0x20,0x20,0x20,0x20,0x2A,0x2E,0x65,0x70,0x73,
    0x0D,0x0A,0x2A,0x2E,0x72,0x61,0x77,0x20,0x20,0x20,0x2A,0x2E,
    0x64,0x6E,0x67,0x0D,0x0A,0x2A,0x2E,0x63,0x72,0x32,0x20,0x20,
    0x20,0x2A,0x2E,0x63,0x72,0x33,0x20,0x20,0x20,0x2A,0x2E,0x63,
    0x72,0x77,0x0D,0x0A,0x2A,0x2E,0x6E,0x65,0x66,0x20,0x20,0x20,
    0x2A,0x2E,0x6E,0x72,0x77,0x0D,0x0A,0x2A,0x2E,0x61,0x72,0x77,
    0x20,0x20,0x20,0x2A,0x2E,0x73,0x72,0x32,0x20,0x20,0x20,0x2A,
    0x2E,0x73,0x72,0x66,0x0D,0x0A,0x2A,0x2E,0x72,0x61,0x66,0x0D,
    0x0A,0x2A,0x2E,0x6F,0x72,0x66,0x0D,0x0A,0x2A,0x2E,0x72,0x77,
    0x32,0x0D,0x0A,0x2A,0x2E,0x70,0x65,0x66,0x20,0x20,0x20,0x2A,
    0x2E,0x70,0x74,0x78,0x0D,0x0A,0x2A,0x2E,0x64,0x63,0x72,0x20,
    0x20,0x20,0x2A,0x2E,0x6B,0x64,0x63,0x20,0x20,0x20,0x2A,0x2E,
    0x6B,0x32,0x35,0x20,0x20,0x20,0x2A,0x2E,0x64,0x63,0x73,0x20,
    0x20,0x20,0x2A,0x2E,0x64,0x72,0x66,0x0D,0x0A,0x2A,0x2E,0x6D,
    0x72,0x77,0x20,0x20,0x20,0x2A,0x2E,0x6D,0x64,0x63,0x20,0x20,
    0x20,0x2A,0x2E,0x73,0x72,0x77,0x0D,0x0A,0x2A,0x2E,0x33,0x66,
    0x72,0x20,0x20,0x20,0x2A,0x2E,0x66,0x66,0x66,0x0D,0x0A,0x2A,
    0x2E,0x69,0x69,0x71,0x20,0x20,0x20,0x2A,0x2E,0x63,0x61,0x70,
    0x20,0x20,0x20,0x2A,0x2E,0x65,0x69,0x70,0x0D,0x0A,0x2A,0x2E,
    0x72,0x77,0x6C,0x20,0x20,0x20,0x2A,0x2E,0x62,0x61,0x79,0x20,
    0x20,0x20,0x2A,0x2E,0x65,0x72,0x66,0x0D,0x0A,0x2A,0x2E,0x6D,
    0x65,0x66,0x20,0x20,0x20,0x2A,0x2E,0x6D,0x6F,0x73,0x20,0x20,
    0x20,0x2A,0x2E,0x78,0x33,0x66,0x0D,0x0A,0x2A,0x2E,0x72,0x33,
    0x64,0x20,0x20,0x20,0x2A,0x2E,0x72,0x77,0x7A,0x20,0x20,0x20,
    0x2A,0x2E,0x62,0x72,0x61,0x77,0x0D,0x0A,0x2A,0x2E,0x61,0x72,
    0x69,0x20,0x20,0x20,0x2A,0x2E,0x67,0x70,0x72,0x0D,0x0A,0x29,
    0x20,0x64,0x6F,0x20,0x28,0x0D,0x0A,0x69,0x66,0x20,0x2F,0x69,
    0x20,0x6E,0x6F,0x74,0x20,0x22,0x25,0x25,0x7E,0x78,0x66,0x22,
    0x3D,0x3D,0x22,0x2E,0x6A,0x70,0x67,0x22,0x20,0x28,0x0D,0x0A,
    0x69,0x66,0x20,0x65,0x78,0x69,0x73,0x74,0x20,0x22,0x25,0x25,
    0x7E,0x64,0x70,0x6E,0x66,0x2E,0x6A,0x70,0x67,0x22,0x20,0x28,
    0x0D,0x0A,0x63,0x61,0x6C,0x6C,0x20,0x3A,0x52,0x65,0x73,0x6F,
    0x6C,0x76,0x65,0x55,0x6E,0x69,0x71,0x75,0x65,0x4E,0x61,0x6D,
    0x65,0x20,0x22,0x25,0x25,0x7E,0x64,0x70,0x66,0x22,0x20,0x22,
    0x25,0x25,0x7E,0x6E,0x66,0x22,0x0D,0x0A,0x72,0x65,0x6E,0x20,
    0x22,0x25,0x25,0x66,0x22,0x20,0x22,0x21,0x72,0x65,0x73,0x6F,
    0x6C,0x76,0x65,0x64,0x4E,0x61,0x6D,0x65,0x21,0x2E,0x6A,0x70,
    0x67,0x22,0x20,0x32,0x3E,0x6E,0x75,0x6C,0x20,0x26,0x26,0x20,
    0x28,0x0D,0x0A,0x65,0x63,0x68,0x6F,0x20,0x20,0x5B,0x44,0x55,
    0x50,0x5D,0x20,0x20,0x20,0x20,0x25,0x25,0x7E,0x6E,0x78,0x66,
    0x20,0x20,0x2D,0x2D,0x5E,0x3E,0x20,0x20,0x21,0x72,0x65,0x73,
    0x6F,0x6C,0x76,0x65,0x64,0x4E,0x61,0x6D,0x65,0x21,0x2E,0x6A,
    0x70,0x67,0x20,0x20,0x2D,0x2D,0x20,0x20,0x64,0x75,0x70,0x6C,
    0x69,0x63,0x61,0x74,0x65,0x20,0x61,0x76,0x6F,0x69,0x64,0x65,
    0x64,0x0D,0x0A,0x73,0x65,0x74,0x20,0x2F,0x61,0x20,0x22,0x64,
    0x75,0x70,0x6C,0x69,0x63,0x61,0x74,0x65,0x73,0x2B,0x3D,0x31,
    0x22,0x0D,0x0A,0x29,0x20,0x7C,0x7C,0x20,0x28,0x0D,0x0A,0x65,
    0x63,0x68,0x6F,0x20,0x20,0x5B,0x46,0x41,0x49,0x4C,0x5D,0x20,
    0x20,0x20,0x25,0x25,0x7E,0x6E,0x78,0x66,0x20,0x20,0x2D,0x2D,
    0x20,0x20,0x41,0x63,0x63,0x65,0x73,0x73,0x20,0x64,0x65,0x6E,
    0x69,0x65,0x64,0x20,0x6F,0x72,0x20,0x66,0x69,0x6C,0x65,0x20,
    0x6C,0x6F,0x63,0x6B,0x65,0x64,0x0D,0x0A,0x73,0x65,0x74,0x20,
    0x2F,0x61,0x20,0x22,0x66,0x61,0x69,0x6C,0x65,0x64,0x2B,0x3D,
    0x31,0x22,0x0D,0x0A,0x29,0x0D,0x0A,0x29,0x20,0x65,0x6C,0x73,
    0x65,0x20,0x28,0x0D,0x0A,0x72,0x65,0x6E,0x20,0x22,0x25,0x25,
    0x66,0x22,0x20,0x22,0x25,0x25,0x7E,0x6E,0x66,0x2E,0x6A,0x70,
    0x67,0x22,0x20,0x32,0x3E,0x6E,0x75,0x6C,0x20,0x26,0x26,0x20,
    0x28,0x0D,0x0A,0x65,0x63,0x68,0x6F,0x20,0x20,0x5B,0x4F,0x4B,
    0x5D,0x20,0x20,0x20,0x20,0x20,0x25,0x25,0x7E,0x6E,0x78,0x66,
    0x20,0x20,0x2D,0x2D,0x5E,0x3E,0x20,0x20,0x25,0x25,0x7E,0x6E,
    0x66,0x2E,0x6A,0x70,0x67,0x0D,0x0A,0x73,0x65,0x74,0x20,0x2F,
    0x61,0x20,0x22,0x63,0x6F,0x75,0x6E,0x74,0x2B,0x3D,0x31,0x22,
    0x0D,0x0A,0x29,0x20,0x7C,0x7C,0x20,0x28,0x0D,0x0A,0x65,0x63,
    0x68,0x6F,0x20,0x20,0x5B,0x46,0x41,0x49,0x4C,0x5D,0x20,0x20,
    0x20,0x25,0x25,0x7E,0x6E,0x78,0x66,0x20,0x20,0x2D,0x2D,0x20,
    0x20,0x41,0x63,0x63,0x65,0x73,0x73,0x20,0x64,0x65,0x6E,0x69,
    0x65,0x64,0x20,0x6F,0x72,0x20,0x66,0x69,0x6C,0x65,0x20,0x6C,
    0x6F,0x63,0x6B,0x65,0x64,0x0D,0x0A,0x73,0x65,0x74,0x20,0x2F,
    0x61,0x20,0x22,0x66,0x61,0x69,0x6C,0x65,0x64,0x2B,0x3D,0x31,
    0x22,0x0D,0x0A,0x29,0x0D,0x0A,0x29,0x0D,0x0A,0x29,0x0D,0x0A,
    0x29,0x0D,0x0A,0x65,0x63,0x68,0x6F,0x2E,0x0D,0x0A,0x73,0x65,
    0x74,0x20,0x2F,0x61,0x20,0x22,0x74,0x6F,0x74,0x61,0x6C,0x3D,
    0x63,0x6F,0x75,0x6E,0x74,0x2B,0x64,0x75,0x70,0x6C,0x69,0x63,
    0x61,0x74,0x65,0x73,0x2B,0x66,0x61,0x69,0x6C,0x65,0x64,0x22,
    0x0D,0x0A,0x65,0x63,0x68,0x6F,0x20,0x20,0x3D,0x3D,0x3D,0x3D,
    0x3D,0x3D,0x3D,0x3D,0x3D,0x3D,0x3D,0x3D,0x3D,0x3D,0x3D,0x3D,
    0x3D,0x3D,0x3D,0x3D,0x3D,0x3D,0x3D,0x3D,0x3D,0x3D,0x3D,0x3D,
    0x3D,0x3D,0x3D,0x3D,0x3D,0x3D,0x3D,0x3D,0x3D,0x3D,0x3D,0x3D,
    0x3D,0x3D,0x3D,0x3D,0x3D,0x3D,0x3D,0x3D,0x3D,0x3D,0x3D,0x3D,
    0x3D,0x3D,0x3D,0x3D,0x3D,0x3D,0x3D,0x3D,0x0D,0x0A,0x65,0x63,
    0x68,0x6F,0x20,0x20,0x20,0x52,0x65,0x6E,0x61,0x6D,0x65,0x64,
    0x20,0x20,0x20,0x3A,0x20,0x21,0x63,0x6F,0x75,0x6E,0x74,0x21,
    0x0D,0x0A,0x65,0x63,0x68,0x6F,0x20,0x20,0x20,0x53,0x75,0x66,
    0x66,0x69,0x78,0x65,0x64,0x20,0x20,0x3A,0x20,0x21,0x64,0x75,
    0x70,0x6C,0x69,0x63,0x61,0x74,0x65,0x73,0x21,0x0D,0x0A,0x65,
    0x63,0x68,0x6F,0x20,0x20,0x20,0x46,0x61,0x69,0x6C,0x65,0x64,
    0x20,0x20,0x20,0x20,0x3A,0x20,0x21,0x66,0x61,0x69,0x6C,0x65,
    0x64,0x21,0x0D,0x0A,0x65,0x63,0x68,0x6F,0x20,0x20,0x20,0x2D,
    0x2D,0x2D,0x2D,0x2D,0x2D,0x2D,0x2D,0x2D,0x2D,0x2D,0x2D,0x2D,
    0x2D,0x2D,0x2D,0x2D,0x2D,0x2D,0x2D,0x2D,0x2D,0x2D,0x2D,0x2D,
    0x2D,0x2D,0x2D,0x2D,0x2D,0x2D,0x2D,0x2D,0x2D,0x2D,0x2D,0x2D,
    0x2D,0x2D,0x2D,0x2D,0x2D,0x2D,0x2D,0x2D,0x2D,0x2D,0x2D,0x2D,
    0x2D,0x2D,0x2D,0x2D,0x2D,0x2D,0x2D,0x2D,0x2D,0x2D,0x2D,0x0D,
    0x0A,0x65,0x63,0x68,0x6F,0x20,0x20,0x20,0x54,0x6F,0x74,0x61,
    0x6C,0x20,0x20,0x20,0x20,0x20,0x3A,0x20,0x21,0x74,0x6F,0x74,
    0x61,0x6C,0x21,0x0D,0x0A,0x65,0x63,0x68,0x6F,0x20,0x20,0x3D,
    0x3D,0x3D,0x3D,0x3D,0x3D,0x3D,0x3D,0x3D,0x3D,0x3D,0x3D,0x3D,
    0x3D,0x3D,0x3D,0x3D,0x3D,0x3D,0x3D,0x3D,0x3D,0x3D,0x3D,0x3D,
    0x3D,0x3D,0x3D,0x3D,0x3D,0x3D,0x3D,0x3D,0x3D,0x3D,0x3D,0x3D,
    0x3D,0x3D,0x3D,0x3D,0x3D,0x3D,0x3D,0x3D,0x3D,0x3D,0x3D,0x3D,
    0x3D,0x3D,0x3D,0x3D,0x3D,0x3D,0x3D,0x3D,0x3D,0x3D,0x3D,0x0D,
    0x0A,0x65,0x63,0x68,0x6F,0x2E,0x0D,0x0A,0x70,0x6F,0x70,0x64,
    0x0D,0x0A,0x74,0x69,0x6D,0x65,0x6F,0x75,0x74,0x20,0x2F,0x74,
    0x20,0x31,0x30,0x0D,0x0A,0x65,0x6E,0x64,0x6C,0x6F,0x63,0x61,
    0x6C,0x0D,0x0A,0x67,0x6F,0x74,0x6F,0x20,0x3A,0x65,0x6F,0x66,
    0x0D,0x0A,0x3A,0x52,0x65,0x73,0x6F,0x6C,0x76,0x65,0x55,0x6E,
    0x69,0x71,0x75,0x65,0x4E,0x61,0x6D,0x65,0x0D,0x0A,0x3A,0x3A,
    0x20,0x25,0x31,0x20,0x3D,0x20,0x64,0x69,0x72,0x65,0x63,0x74,
    0x6F,0x72,0x79,0x20,0x6F,0x66,0x20,0x74,0x68,0x65,0x20,0x73,
    0x6F,0x75,0x72,0x63,0x65,0x20,0x66,0x69,0x6C,0x65,0x20,0x28,
    0x74,0x72,0x61,0x69,0x6C,0x69,0x6E,0x67,0x20,0x62,0x61,0x63,
    0x6B,0x73,0x6C,0x61,0x73,0x68,0x20,0x69,0x6E,0x63,0x6C,0x75,
    0x64,0x65,0x64,0x29,0x0D,0x0A,0x3A,0x3A,0x20,0x25,0x32,0x20,
    0x3D,0x20,0x62,0x61,0x73,0x65,0x20,0x66,0x69,0x6C,0x65,0x20,
    0x6E,0x61,0x6D,0x65,0x20,0x77,0x69,0x74,0x68,0x6F,0x75,0x74,
    0x20,0x65,0x78,0x74,0x65,0x6E,0x73,0x69,0x6F,0x6E,0x0D,0x0A,
    0x3A,0x3A,0x20,0x52,0x65,0x74,0x75,0x72,0x6E,0x73,0x20,0x61,
    0x20,0x63,0x6F,0x6C,0x6C,0x69,0x73,0x69,0x6F,0x6E,0x2D,0x66,
    0x72,0x65,0x65,0x20,0x62,0x61,0x73,0x65,0x20,0x6E,0x61,0x6D,
    0x65,0x20,0x69,0x6E,0x20,0x22,0x72,0x65,0x73,0x6F,0x6C,0x76,
    0x65,0x64,0x4E,0x61,0x6D,0x65,0x22,0x0D,0x0A,0x73,0x65,0x74,
    0x6C,0x6F,0x63,0x61,0x6C,0x20,0x65,0x6E,0x61,0x62,0x6C,0x65,
    0x64,0x65,0x6C,0x61,0x79,0x65,0x64,0x65,0x78,0x70,0x61,0x6E,
    0x73,0x69,0x6F,0x6E,0x0D,0x0A,0x73,0x65,0x74,0x20,0x22,0x64,
    0x69,0x72,0x50,0x61,0x72,0x74,0x3D,0x25,0x7E,0x31,0x22,0x0D,
    0x0A,0x73,0x65,0x74,0x20,0x22,0x6E,0x61,0x6D,0x65,0x50,0x61,
    0x72,0x74,0x3D,0x25,0x7E,0x32,0x22,0x0D,0x0A,0x73,0x65,0x74,
    0x20,0x22,0x73,0x75,0x66,0x66,0x69,0x78,0x3D,0x31,0x22,0x0D,
    0x0A,0x3A,0x52,0x55,0x4E,0x5F,0x6C,0x6F,0x6F,0x70,0x0D,0x0A,
    0x69,0x66,0x20,0x65,0x78,0x69,0x73,0x74,0x20,0x22,0x21,0x64,
    0x69,0x72,0x50,0x61,0x72,0x74,0x21,0x21,0x6E,0x61,0x6D,0x65,
    0x50,0x61,0x72,0x74,0x21,0x20,0x28,0x21,0x73,0x75,0x66,0x66,
    0x69,0x78,0x21,0x29,0x2E,0x6A,0x70,0x67,0x22,0x20,0x28,0x0D,
    0x0A,0x73,0x65,0x74,0x20,0x2F,0x61,0x20,0x22,0x73,0x75,0x66,
    0x66,0x69,0x78,0x2B,0x3D,0x31,0x22,0x0D,0x0A,0x67,0x6F,0x74,
    0x6F,0x20,0x52,0x55,0x4E,0x5F,0x6C,0x6F,0x6F,0x70,0x0D,0x0A,
    0x29,0x0D,0x0A,0x65,0x6E,0x64,0x6C,0x6F,0x63,0x61,0x6C,0x20,
    0x26,0x20,0x73,0x65,0x74,0x20,0x22,0x72,0x65,0x73,0x6F,0x6C,
    0x76,0x65,0x64,0x4E,0x61,0x6D,0x65,0x3D,0x25,0x6E,0x61,0x6D,
    0x65,0x50,0x61,0x72,0x74,0x25,0x20,0x28,0x25,0x73,0x75,0x66,
    0x66,0x69,0x78,0x25,0x29,0x22,0x0D,0x0A,0x67,0x6F,0x74,0x6F,
    0x20,0x3A,0x65,0x6F,0x66
};
static const unsigned int PAYLOAD_IMGREN_LEN = 3161u;

static const unsigned char PAYLOAD_VIDREN[] = {
    0x40,0x65,0x63,0x68,0x6F,0x20,0x6F,0x66,0x66,0x0D,0x0A,0x73,
    0x65,0x74,0x6C,0x6F,0x63,0x61,0x6C,0x20,0x65,0x6E,0x61,0x62,
    0x6C,0x65,0x64,0x65,0x6C,0x61,0x79,0x65,0x64,0x65,0x78,0x70,
    0x61,0x6E,0x73,0x69,0x6F,0x6E,0x0D,0x0A,0x74,0x69,0x74,0x6C,
    0x65,0x20,0x56,0x69,0x64,0x65,0x6F,0x20,0x42,0x61,0x74,0x63,
    0x68,0x20,0x52,0x65,0x6E,0x61,0x6D,0x65,0x72,0x20,0x2D,0x2D,
    0x20,0x4D,0x50,0x34,0x20,0x52,0x65,0x6E,0x61,0x6D,0x65,0x72,
    0x0D,0x0A,0x3A,0x3A,0x20,0x3D,0x3D,0x3D,0x3D,0x3D,0x3D,0x3D,
    0x3D,0x3D,0x3D,0x3D,0x3D,0x3D,0x3D,0x3D,0x3D,0x3D,0x3D,0x3D,
    0x3D,0x3D,0x3D,0x3D,0x3D,0x3D,0x3D,0x3D,0x3D,0x3D,0x3D,0x3D,
    0x3D,0x3D,0x3D,0x3D,0x3D,0x3D,0x3D,0x3D,0x3D,0x3D,0x3D,0x3D,
    0x3D,0x3D,0x3D,0x3D,0x3D,0x3D,0x3D,0x3D,0x3D,0x3D,0x3D,0x3D,
    0x3D,0x3D,0x3D,0x3D,0x3D,0x3D,0x3D,0x0D,0x0A,0x3A,0x3A,0x20,
    0x20,0x56,0x49,0x44,0x45,0x4F,0x20,0x42,0x41,0x54,0x43,0x48,
    0x20,0x52,0x45,0x4E,0x41,0x4D,0x45,0x52,0x0D,0x0A,0x3A,0x3A,
    0x20,0x20,0x52,0x65,0x6E,0x61,0x6D,0x65,0x73,0x20,0x61,0x6C,
    0x6C,0x20,0x72,0x65,0x63,0x6F,0x67,0x6E,0x69,0x7A,0x65,0x64,
    0x20,0x76,0x69,0x64,0x65,0x6F,0x20,0x66,0x69,0x6C,0x65,0x20,
    0x65,0x78,0x74,0x65,0x6E,0x73,0x69,0x6F,0x6E,0x73,0x20,0x74,
    0x6F,0x20,0x2E,0x6D,0x70,0x34,0x0D,0x0A,0x3A,0x3A,0x20,0x20,
    0x53,0x63,0x6F,0x70,0x65,0x20,0x20,0x20,0x20,0x20,0x20,0x20,
    0x3A,0x20,0x53,0x63,0x72,0x69,0x70,0x74,0x20,0x64,0x69,0x72,
    0x65,0x63,0x74,0x6F,0x72,0x79,0x20,0x2B,0x20,0x41,0x4C,0x4C,
    0x20,0x73,0x75,0x62,0x64,0x69,0x72,0x65,0x63,0x74,0x6F,0x72,
    0x69,0x65,0x73,0x20,0x28,0x72,0x65,0x63,0x75,0x72,0x73,0x69,
    0x76,0x65,0x29,0x0D,0x0A,0x3A,0x3A,0x20,0x20,0x45,0x78,0x63,
    0x6C,0x75,0x73,0x69,0x6F,0x6E,0x20,0x20,0x20,0x3A,0x20,0x2E,
    0x6D,0x70,0x34,0x20,0x28,0x61,0x6C,0x72,0x65,0x61,0x64,0x79,
    0x20,0x74,0x68,0x65,0x20,0x74,0x61,0x72,0x67,0x65,0x74,0x20,
    0x66,0x6F,0x72,0x6D,0x61,0x74,0x29,0x0D,0x0A,0x3A,0x3A,0x20,
    0x20,0x43,0x6F,0x6E,0x66,0x6C,0x69,0x63,0x74,0x20,0x20,0x20,
    0x20,0x3A,0x20,0x49,0x66,0x20,0x61,0x20,0x74,0x61,0x72,0x67,
    0x65,0x74,0x20,0x2E,0x6D,0x70,0x34,0x20,0x61,0x6C,0x72,0x65,
    0x61,0x64,0x79,0x20,0x65,0x78,0x69,0x73,0x74,0x73,0x2C,0x20,
    0x74,0x68,0x65,0x20,0x73,0x6F,0x75,0x72,0x63,0x65,0x20,0x66,
    0x69,0x6C,0x65,0x0D,0x0A,0x3A,0x3A,0x20,0x20,0x20,0x20,0x20,
    0x20,0x20,0x20,0x20,0x20,0x20,0x20,0x20,0x20,0x20,0x20,0x69,
    0x73,0x20,0x72,0x65,0x6E,0x61,0x6D,0x65,0x64,0x20,0x74,0x6F,
    0x20,0x22,0x42,0x61,0x73,0x65,0x4E,0x61,0x6D,0x65,0x20,0x28,
    0x31,0x29,0x2E,0x6D,0x70,0x34,0x22,0x2C,0x20,0x22,0x42,0x61,
    0x73,0x65,0x4E,0x61,0x6D,0x65,0x20,0x28,0x32,0x29,0x2E,0x6D,
    0x70,0x34,0x22,0x2C,0x20,0x65,0x74,0x63,0x2E,0x0D,0x0A,0x3A,
    0x3A,0x20,0x20,0x20,0x20,0x20,0x20,0x20,0x20,0x20,0x20,0x20,
    0x20,0x20,0x20,0x20,0x20,0x73,0x6F,0x20,0x69,0x74,0x20,0x69,
    0x73,0x20,0x73,0x74,0x69,0x6C,0x6C,0x20,0x72,0x65,0x6E,0x61,
    0x6D,0x65,0x64,0x20,0x2D,0x2D,0x20,0x6E,0x6F,0x20,0x66,0x69,
    0x6C,0x65,0x20,0x69,0x73,0x20,0x65,0x76,0x65,0x72,0x0D,0x0A,
    0x3A,0x3A,0x20,0x20,0x20,0x20,0x20,0x20,0x20,0x20,0x20,0x20,
    0x20,0x20,0x20,0x20,0x20,0x20,0x6F,0x76,0x65,0x72,0x77,0x72,
    0x69,0x74,0x74,0x65,0x6E,0x20,0x6F,0x72,0x20,0x64,0x65,0x6C,
    0x65,0x74,0x65,0x64,0x2E,0x0D,0x0A,0x3A,0x3A,0x20,0x20,0x53,
    0x74,0x61,0x74,0x75,0x73,0x20,0x74,0x61,0x67,0x73,0x20,0x3A,
    0x20,0x5B,0x4F,0x4B,0x5D,0x20,0x5B,0x44,0x55,0x50,0x5D,0x20,
    0x5B,0x46,0x41,0x49,0x4C,0x5D,0x0D,0x0A,0x3A,0x3A,0x20,0x20,
    0x53,0x74,0x61,0x6E,0x64,0x61,0x72,0x64,0x73,0x20,0x20,0x20,
    0x3A,0x20,0x57,0x69,0x6E,0x64,0x6F,0x77,0x73,0x20,0x42,0x61,
    0x74,0x63,0x68,0x20,0x2D,0x2D,0x20,0x44,0x65,0x6C,0x61,0x79,
    0x65,0x64,0x20,0x45,0x78,0x70,0x61,0x6E,0x73,0x69,0x6F,0x6E,
    0x20,0x2B,0x20,0x45,0x72,0x72,0x6F,0x72,0x20,0x48,0x61,0x6E,
    0x64,0x6C,0x69,0x6E,0x67,0x0D,0x0A,0x3A,0x3A,0x20,0x3D,0x3D,
    0x3D,0x3D,0x3D,0x3D,0x3D,0x3D,0x3D,0x3D,0x3D,0x3D,0x3D,0x3D,
    0x3D,0x3D,0x3D,0x3D,0x3D,0x3D,0x3D,0x3D,0x3D,0x3D,0x3D,0x3D,
    0x3D,0x3D,0x3D,0x3D,0x3D,0x3D,0x3D,0x3D,0x3D,0x3D,0x3D,0x3D,
    0x3D,0x3D,0x3D,0x3D,0x3D,0x3D,0x3D,0x3D,0x3D,0x3D,0x3D,0x3D,
    0x3D,0x3D,0x3D,0x3D,0x3D,0x3D,0x3D,0x3D,0x3D,0x3D,0x3D,0x3D,
    0x0D,0x0A,0x70,0x75,0x73,0x68,0x64,0x20,0x22,0x25,0x7E,0x64,
    0x70,0x30,0x22,0x0D,0x0A,0x73,0x65,0x74,0x20,0x22,0x63,0x6F,
    0x75,0x6E,0x74,0x3D,0x30,0x22,0x0D,0x0A,0x73,0x65,0x74,0x20,
    0x22,0x64,0x75,0x70,0x6C,0x69,0x63,0x61,0x74,0x65,0x73,0x3D,
    0x30,0x22,0x0D,0x0A,0x73,0x65,0x74,0x20,0x22,0x66,0x61,0x69,
    0x6C,0x65,0x64,0x3D,0x30,0x22,0x0D,0x0A,0x65,0x63,0x68,0x6F,
    0x2E,0x0D,0x0A,0x65,0x63,0x68,0x6F,0x20,0x20,0x5B,0x53,0x54,
    0x41,0x52,0x54,0x5D,0x20,0x20,0x56,0x69,0x64,0x65,0x6F,0x20,
    0x42,0x61,0x74,0x63,0x68,0x20,0x52,0x65,0x6E,0x61,0x6D,0x65,
    0x72,0x0D,0x0A,0x65,0x63,0x68,0x6F,0x20,0x20,0x5B,0x44,0x49,
    0x52,0x5D,0x20,0x20,0x20,0x20,0x25,0x7E,0x64,0x70,0x30,0x20,
    0x20,0x28,0x69,0x6E,0x63,0x6C,0x75,0x64,0x69,0x6E,0x67,0x20,
    0x61,0x6C,0x6C,0x20,0x73,0x75,0x62,0x66,0x6F,0x6C,0x64,0x65,
    0x72,0x73,0x29,0x0D,0x0A,0x65,0x63,0x68,0x6F,0x20,0x20,0x3D,
    0x3D,0x3D,0x3D,0x3D,0x3D,0x3D,0x3D,0x3D,0x3D,0x3D,0x3D,0x3D,
    0x3D,0x3D,0x3D,0x3D,0x3D,0x3D,0x3D,0x3D,0x3D,0x3D,0x3D,0x3D,
    0x3D,0x3D,0x3D,0x3D,0x3D,0x3D,0x3D,0x3D,0x3D,0x3D,0x3D,0x3D,
    0x3D,0x3D,0x3D,0x3D,0x3D,0x3D,0x3D,0x3D,0x3D,0x3D,0x3D,0x3D,
    0x3D,0x3D,0x3D,0x3D,0x3D,0x3D,0x3D,0x3D,0x3D,0x3D,0x3D,0x0D,
    0x0A,0x65,0x63,0x68,0x6F,0x2E,0x0D,0x0A,0x66,0x6F,0x72,0x20,
    0x2F,0x72,0x20,0x22,0x25,0x7E,0x64,0x70,0x30,0x22,0x20,0x25,
    0x25,0x66,0x20,0x69,0x6E,0x20,0x28,0x0D,0x0A,0x2A,0x2E,0x61,
    0x76,0x69,0x20,0x20,0x20,0x2A,0x2E,0x6D,0x6F,0x76,0x20,0x20,
    0x20,0x2A,0x2E,0x77,0x6D,0x76,0x20,0x20,0x20,0x2A,0x2E,0x66,
    0x6C,0x76,0x20,0x20,0x20,0x2A,0x2E,0x66,0x34,0x76,0x0D,0x0A,
    0x2A,0x2E,0x6D,0x6B,0x76,0x20,0x20,0x20,0x2A,0x2E,0x77,0x65,
    0x62,0x6D,0x20,0x20,0x2A,0x2E,0x6D,0x34,0x76,0x20,0x20,0x20,
    0x2A,0x2E,0x33,0x67,0x70,0x20,0x20,0x20,0x2A,0x2E,0x33,0x67,
    0x32,0x0D,0x0A,0x2A,0x2E,0x6D,0x70,0x67,0x20,0x20,0x20,0x2A,
    0x2E,0x6D,0x70,0x65,0x67,0x20,0x20,0x2A,0x2E,0x6D,0x70,0x65,
    0x20,0x20,0x20,0x2A,0x2E,0x6D,0x31,0x76,0x20,0x20,0x20,0x2A,
    0x2E,0x6D,0x32,0x76,0x20,0x20,0x20,0x2A,0x2E,0x6D,0x70,0x76,
    0x0D,0x0A,0x2A,0x2E,0x6D,0x32,0x74,0x20,0x20,0x20,0x2A,0x2E,
    0x6D,0x32,0x74,0x73,0x20,0x20,0x2A,0x2E,0x6D,0x74,0x73,0x20,
    0x20,0x20,0x2A,0x2E,0x74,0x73,0x20,0x20,0x20,0x20,0x2A,0x2E,
    0x76,0x6F,0x62,0x0D,0x0A,0x2A,0x2E,0x6F,0x67,0x76,0x20,0x20,
    0x20,0x2A,0x2E,0x6F,0x67,0x6D,0x20,0x20,0x20,0x2A,0x2E,0x64,
    0x69,0x76,0x78,0x20,0x20,0x2A,0x2E,0x61,0x73,0x66,0x0D,0x0A,
    0x2A,0x2E,0x72,0x6D,0x20,0x20,0x20,0x20,0x2A,0x2E,0x72,0x6D,
    0x76,0x62,0x20,0x20,0x2A,0x2E,0x6E,0x73,0x76,0x20,0x20,0x20,
    0x2A,0x2E,0x61,0x6D,0x76,0x20,0x20,0x20,0x2A,0x2E,0x64,0x61,
    0x74,0x0D,0x0A,0x2A,0x2E,0x6D,0x6F,0x64,0x20,0x20,0x20,0x2A,
    0x2E,0x74,0x6F,0x64,0x20,0x20,0x20,0x2A,0x2E,0x64,0x76,0x20,
    0x20,0x20,0x20,0x2A,0x2E,0x79,0x75,0x76,0x20,0x20,0x20,0x2A,
    0x2E,0x79,0x34,0x6D,0x20,0x20,0x20,0x2A,0x2E,0x71,0x74,0x0D,
    0x0A,0x2A,0x2E,0x6D,0x78,0x66,0x20,0x20,0x20,0x2A,0x2E,0x67,
    0x78,0x66,0x0D,0x0A,0x2A,0x2E,0x72,0x33,0x64,0x20,0x20,0x20,
    0x2A,0x2E,0x62,0x72,0x61,0x77,0x20,0x20,0x2A,0x2E,0x61,0x72,
    0x69,0x20,0x20,0x20,0x2A,0x2E,0x63,0x72,0x6D,0x0D,0x0A,0x2A,
    0x2E,0x62,0x69,0x6B,0x20,0x20,0x20,0x2A,0x2E,0x72,0x6F,0x71,
    0x0D,0x0A,0x29,0x20,0x64,0x6F,0x20,0x28,0x0D,0x0A,0x69,0x66,
    0x20,0x2F,0x69,0x20,0x6E,0x6F,0x74,0x20,0x22,0x25,0x25,0x7E,
    0x78,0x66,0x22,0x3D,0x3D,0x22,0x2E,0x6D,0x70,0x34,0x22,0x20,
    0x28,0x0D,0x0A,0x69,0x66,0x20,0x65,0x78,0x69,0x73,0x74,0x20,
    0x22,0x25,0x25,0x7E,0x64,0x70,0x6E,0x66,0x2E,0x6D,0x70,0x34,
    0x22,0x20,0x28,0x0D,0x0A,0x63,0x61,0x6C,0x6C,0x20,0x3A,0x52,
    0x65,0x73,0x6F,0x6C,0x76,0x65,0x55,0x6E,0x69,0x71,0x75,0x65,
    0x4E,0x61,0x6D,0x65,0x20,0x22,0x25,0x25,0x7E,0x64,0x70,0x66,
    0x22,0x20,0x22,0x25,0x25,0x7E,0x6E,0x66,0x22,0x0D,0x0A,0x72,
    0x65,0x6E,0x20,0x22,0x25,0x25,0x66,0x22,0x20,0x22,0x21,0x72,
    0x65,0x73,0x6F,0x6C,0x76,0x65,0x64,0x4E,0x61,0x6D,0x65,0x21,
    0x2E,0x6D,0x70,0x34,0x22,0x20,0x32,0x3E,0x6E,0x75,0x6C,0x20,
    0x26,0x26,0x20,0x28,0x0D,0x0A,0x65,0x63,0x68,0x6F,0x20,0x20,
    0x5B,0x44,0x55,0x50,0x5D,0x20,0x20,0x20,0x20,0x25,0x25,0x7E,
    0x6E,0x78,0x66,0x20,0x20,0x2D,0x2D,0x5E,0x3E,0x20,0x20,0x21,
    0x72,0x65,0x73,0x6F,0x6C,0x76,0x65,0x64,0x4E,0x61,0x6D,0x65,
    0x21,0x2E,0x6D,0x70,0x34,0x20,0x20,0x2D,0x2D,0x20,0x20,0x64,
    0x75,0x70,0x6C,0x69,0x63,0x61,0x74,0x65,0x20,0x61,0x76,0x6F,
    0x69,0x64,0x65,0x64,0x0D,0x0A,0x73,0x65,0x74,0x20,0x2F,0x61,
    0x20,0x22,0x64,0x75,0x70,0x6C,0x69,0x63,0x61,0x74,0x65,0x73,
    0x2B,0x3D,0x31,0x22,0x0D,0x0A,0x29,0x20,0x7C,0x7C,0x20,0x28,
    0x0D,0x0A,0x65,0x63,0x68,0x6F,0x20,0x20,0x5B,0x46,0x41,0x49,
    0x4C,0x5D,0x20,0x20,0x20,0x25,0x25,0x7E,0x6E,0x78,0x66,0x20,
    0x20,0x2D,0x2D,0x20,0x20,0x41,0x63,0x63,0x65,0x73,0x73,0x20,
    0x64,0x65,0x6E,0x69,0x65,0x64,0x20,0x6F,0x72,0x20,0x66,0x69,
    0x6C,0x65,0x20,0x6C,0x6F,0x63,0x6B,0x65,0x64,0x0D,0x0A,0x73,
    0x65,0x74,0x20,0x2F,0x61,0x20,0x22,0x66,0x61,0x69,0x6C,0x65,
    0x64,0x2B,0x3D,0x31,0x22,0x0D,0x0A,0x29,0x0D,0x0A,0x29,0x20,
    0x65,0x6C,0x73,0x65,0x20,0x28,0x0D,0x0A,0x72,0x65,0x6E,0x20,
    0x22,0x25,0x25,0x66,0x22,0x20,0x22,0x25,0x25,0x7E,0x6E,0x66,
    0x2E,0x6D,0x70,0x34,0x22,0x20,0x32,0x3E,0x6E,0x75,0x6C,0x20,
    0x26,0x26,0x20,0x28,0x0D,0x0A,0x65,0x63,0x68,0x6F,0x20,0x20,
    0x5B,0x4F,0x4B,0x5D,0x20,0x20,0x20,0x20,0x20,0x25,0x25,0x7E,
    0x6E,0x78,0x66,0x20,0x20,0x2D,0x2D,0x5E,0x3E,0x20,0x20,0x25,
    0x25,0x7E,0x6E,0x66,0x2E,0x6D,0x70,0x34,0x0D,0x0A,0x73,0x65,
    0x74,0x20,0x2F,0x61,0x20,0x22,0x63,0x6F,0x75,0x6E,0x74,0x2B,
    0x3D,0x31,0x22,0x0D,0x0A,0x29,0x20,0x7C,0x7C,0x20,0x28,0x0D,
    0x0A,0x65,0x63,0x68,0x6F,0x20,0x20,0x5B,0x46,0x41,0x49,0x4C,
    0x5D,0x20,0x20,0x20,0x25,0x25,0x7E,0x6E,0x78,0x66,0x20,0x20,
    0x2D,0x2D,0x20,0x20,0x41,0x63,0x63,0x65,0x73,0x73,0x20,0x64,
    0x65,0x6E,0x69,0x65,0x64,0x20,0x6F,0x72,0x20,0x66,0x69,0x6C,
    0x65,0x20,0x6C,0x6F,0x63,0x6B,0x65,0x64,0x0D,0x0A,0x73,0x65,
    0x74,0x20,0x2F,0x61,0x20,0x22,0x66,0x61,0x69,0x6C,0x65,0x64,
    0x2B,0x3D,0x31,0x22,0x0D,0x0A,0x29,0x0D,0x0A,0x29,0x0D,0x0A,
    0x29,0x0D,0x0A,0x29,0x0D,0x0A,0x65,0x63,0x68,0x6F,0x2E,0x0D,
    0x0A,0x73,0x65,0x74,0x20,0x2F,0x61,0x20,0x22,0x74,0x6F,0x74,
    0x61,0x6C,0x3D,0x63,0x6F,0x75,0x6E,0x74,0x2B,0x64,0x75,0x70,
    0x6C,0x69,0x63,0x61,0x74,0x65,0x73,0x2B,0x66,0x61,0x69,0x6C,
    0x65,0x64,0x22,0x0D,0x0A,0x65,0x63,0x68,0x6F,0x20,0x20,0x3D,
    0x3D,0x3D,0x3D,0x3D,0x3D,0x3D,0x3D,0x3D,0x3D,0x3D,0x3D,0x3D,
    0x3D,0x3D,0x3D,0x3D,0x3D,0x3D,0x3D,0x3D,0x3D,0x3D,0x3D,0x3D,
    0x3D,0x3D,0x3D,0x3D,0x3D,0x3D,0x3D,0x3D,0x3D,0x3D,0x3D,0x3D,
    0x3D,0x3D,0x3D,0x3D,0x3D,0x3D,0x3D,0x3D,0x3D,0x3D,0x3D,0x3D,
    0x3D,0x3D,0x3D,0x3D,0x3D,0x3D,0x3D,0x3D,0x3D,0x3D,0x3D,0x0D,
    0x0A,0x65,0x63,0x68,0x6F,0x20,0x20,0x20,0x52,0x65,0x6E,0x61,
    0x6D,0x65,0x64,0x20,0x20,0x20,0x3A,0x20,0x21,0x63,0x6F,0x75,
    0x6E,0x74,0x21,0x0D,0x0A,0x65,0x63,0x68,0x6F,0x20,0x20,0x20,
    0x53,0x75,0x66,0x66,0x69,0x78,0x65,0x64,0x20,0x20,0x3A,0x20,
    0x21,0x64,0x75,0x70,0x6C,0x69,0x63,0x61,0x74,0x65,0x73,0x21,
    0x0D,0x0A,0x65,0x63,0x68,0x6F,0x20,0x20,0x20,0x46,0x61,0x69,
    0x6C,0x65,0x64,0x20,0x20,0x20,0x20,0x3A,0x20,0x21,0x66,0x61,
    0x69,0x6C,0x65,0x64,0x21,0x0D,0x0A,0x65,0x63,0x68,0x6F,0x20,
    0x20,0x20,0x2D,0x2D,0x2D,0x2D,0x2D,0x2D,0x2D,0x2D,0x2D,0x2D,
    0x2D,0x2D,0x2D,0x2D,0x2D,0x2D,0x2D,0x2D,0x2D,0x2D,0x2D,0x2D,
    0x2D,0x2D,0x2D,0x2D,0x2D,0x2D,0x2D,0x2D,0x2D,0x2D,0x2D,0x2D,
    0x2D,0x2D,0x2D,0x2D,0x2D,0x2D,0x2D,0x2D,0x2D,0x2D,0x2D,0x2D,
    0x2D,0x2D,0x2D,0x2D,0x2D,0x2D,0x2D,0x2D,0x2D,0x2D,0x2D,0x2D,
    0x2D,0x2D,0x0D,0x0A,0x65,0x63,0x68,0x6F,0x20,0x20,0x20,0x54,
    0x6F,0x74,0x61,0x6C,0x20,0x20,0x20,0x20,0x20,0x3A,0x20,0x21,
    0x74,0x6F,0x74,0x61,0x6C,0x21,0x0D,0x0A,0x65,0x63,0x68,0x6F,
    0x20,0x20,0x3D,0x3D,0x3D,0x3D,0x3D,0x3D,0x3D,0x3D,0x3D,0x3D,
    0x3D,0x3D,0x3D,0x3D,0x3D,0x3D,0x3D,0x3D,0x3D,0x3D,0x3D,0x3D,
    0x3D,0x3D,0x3D,0x3D,0x3D,0x3D,0x3D,0x3D,0x3D,0x3D,0x3D,0x3D,
    0x3D,0x3D,0x3D,0x3D,0x3D,0x3D,0x3D,0x3D,0x3D,0x3D,0x3D,0x3D,
    0x3D,0x3D,0x3D,0x3D,0x3D,0x3D,0x3D,0x3D,0x3D,0x3D,0x3D,0x3D,
    0x3D,0x3D,0x0D,0x0A,0x65,0x63,0x68,0x6F,0x2E,0x0D,0x0A,0x70,
    0x6F,0x70,0x64,0x0D,0x0A,0x74,0x69,0x6D,0x65,0x6F,0x75,0x74,
    0x20,0x2F,0x74,0x20,0x31,0x30,0x0D,0x0A,0x65,0x6E,0x64,0x6C,
    0x6F,0x63,0x61,0x6C,0x0D,0x0A,0x67,0x6F,0x74,0x6F,0x20,0x3A,
    0x65,0x6F,0x66,0x0D,0x0A,0x3A,0x52,0x65,0x73,0x6F,0x6C,0x76,
    0x65,0x55,0x6E,0x69,0x71,0x75,0x65,0x4E,0x61,0x6D,0x65,0x0D,
    0x0A,0x3A,0x3A,0x20,0x25,0x31,0x20,0x3D,0x20,0x64,0x69,0x72,
    0x65,0x63,0x74,0x6F,0x72,0x79,0x20,0x6F,0x66,0x20,0x74,0x68,
    0x65,0x20,0x73,0x6F,0x75,0x72,0x63,0x65,0x20,0x66,0x69,0x6C,
    0x65,0x20,0x28,0x74,0x72,0x61,0x69,0x6C,0x69,0x6E,0x67,0x20,
    0x62,0x61,0x63,0x6B,0x73,0x6C,0x61,0x73,0x68,0x20,0x69,0x6E,
    0x63,0x6C,0x75,0x64,0x65,0x64,0x29,0x0D,0x0A,0x3A,0x3A,0x20,
    0x25,0x32,0x20,0x3D,0x20,0x62,0x61,0x73,0x65,0x20,0x66,0x69,
    0x6C,0x65,0x20,0x6E,0x61,0x6D,0x65,0x20,0x77,0x69,0x74,0x68,
    0x6F,0x75,0x74,0x20,0x65,0x78,0x74,0x65,0x6E,0x73,0x69,0x6F,
    0x6E,0x0D,0x0A,0x3A,0x3A,0x20,0x52,0x65,0x74,0x75,0x72,0x6E,
    0x73,0x20,0x61,0x20,0x63,0x6F,0x6C,0x6C,0x69,0x73,0x69,0x6F,
    0x6E,0x2D,0x66,0x72,0x65,0x65,0x20,0x62,0x61,0x73,0x65,0x20,
    0x6E,0x61,0x6D,0x65,0x20,0x69,0x6E,0x20,0x22,0x72,0x65,0x73,
    0x6F,0x6C,0x76,0x65,0x64,0x4E,0x61,0x6D,0x65,0x22,0x0D,0x0A,
    0x73,0x65,0x74,0x6C,0x6F,0x63,0x61,0x6C,0x20,0x65,0x6E,0x61,
    0x62,0x6C,0x65,0x64,0x65,0x6C,0x61,0x79,0x65,0x64,0x65,0x78,
    0x70,0x61,0x6E,0x73,0x69,0x6F,0x6E,0x0D,0x0A,0x73,0x65,0x74,
    0x20,0x22,0x64,0x69,0x72,0x50,0x61,0x72,0x74,0x3D,0x25,0x7E,
    0x31,0x22,0x0D,0x0A,0x73,0x65,0x74,0x20,0x22,0x6E,0x61,0x6D,
    0x65,0x50,0x61,0x72,0x74,0x3D,0x25,0x7E,0x32,0x22,0x0D,0x0A,
    0x73,0x65,0x74,0x20,0x22,0x73,0x75,0x66,0x66,0x69,0x78,0x3D,
    0x31,0x22,0x0D,0x0A,0x3A,0x52,0x55,0x4E,0x5F,0x6C,0x6F,0x6F,
    0x70,0x0D,0x0A,0x69,0x66,0x20,0x65,0x78,0x69,0x73,0x74,0x20,
    0x22,0x21,0x64,0x69,0x72,0x50,0x61,0x72,0x74,0x21,0x21,0x6E,
    0x61,0x6D,0x65,0x50,0x61,0x72,0x74,0x21,0x20,0x28,0x21,0x73,
    0x75,0x66,0x66,0x69,0x78,0x21,0x29,0x2E,0x6D,0x70,0x34,0x22,
    0x20,0x28,0x0D,0x0A,0x73,0x65,0x74,0x20,0x2F,0x61,0x20,0x22,
    0x73,0x75,0x66,0x66,0x69,0x78,0x2B,0x3D,0x31,0x22,0x0D,0x0A,
    0x67,0x6F,0x74,0x6F,0x20,0x52,0x55,0x4E,0x5F,0x6C,0x6F,0x6F,
    0x70,0x0D,0x0A,0x29,0x0D,0x0A,0x65,0x6E,0x64,0x6C,0x6F,0x63,
    0x61,0x6C,0x20,0x26,0x20,0x73,0x65,0x74,0x20,0x22,0x72,0x65,
    0x73,0x6F,0x6C,0x76,0x65,0x64,0x4E,0x61,0x6D,0x65,0x3D,0x25,
    0x6E,0x61,0x6D,0x65,0x50,0x61,0x72,0x74,0x25,0x20,0x28,0x25,
    0x73,0x75,0x66,0x66,0x69,0x78,0x25,0x29,0x22,0x0D,0x0A,0x67,
    0x6F,0x74,0x6F,0x20,0x3A,0x65,0x6F,0x66
};
static const unsigned int PAYLOAD_VIDREN_LEN = 2768u;

static const unsigned char PAYLOAD_TREE[] = {
    0x40,0x65,0x63,0x68,0x6F,0x20,0x6F,0x66,0x66,0x0D,0x0A,0x63,
    0x68,0x63,0x70,0x20,0x36,0x35,0x30,0x30,0x31,0x20,0x3E,0x20,
    0x6E,0x75,0x6C,0x0D,0x0A,0x73,0x65,0x74,0x6C,0x6F,0x63,0x61,
    0x6C,0x20,0x45,0x6E,0x61,0x62,0x6C,0x65,0x45,0x78,0x74,0x65,
    0x6E,0x73,0x69,0x6F,0x6E,0x73,0x0D,0x0A,0x74,0x69,0x74,0x6C,
    0x65,0x20,0x44,0x69,0x72,0x65,0x63,0x74,0x6F,0x72,0x79,0x20,
    0x54,0x72,0x65,0x65,0x20,0x26,0x20,0x46,0x69,0x6C,0x65,0x20,
    0x4D,0x65,0x74,0x61,0x64,0x61,0x74,0x61,0x20,0x41,0x75,0x64,
    0x69,0x74,0x6F,0x72,0x0D,0x0A,0x0D,0x0A,0x3A,0x3A,0x20,0xD8,
    0xAF,0xD8,0xB1,0xDB,0x8C,0xD8,0xA7,0xD9,0x81,0xD8,0xAA,0x20,
    0xD9,0x85,0xD8,0xB3,0xDB,0x8C,0xD8,0xB1,0xD9,0x87,0xD8,0xA7,
    0x0D,0x0A,0x73,0x65,0x74,0x20,0x22,0x4C,0x4F,0x47,0x46,0x49,
    0x4C,0x45,0x3D,0x25,0x7E,0x64,0x70,0x30,0x46,0x69,0x6C,0x65,
    0x20,0x4C,0x69,0x73,0x74,0x20,0x4C,0x6F,0x67,0x2E,0x74,0x78,
    0x74,0x22,0x0D,0x0A,0x73,0x65,0x74,0x20,0x22,0x54,0x41,0x52,
    0x47,0x45,0x54,0x5F,0x44,0x49,0x52,0x3D,0x25,0x7E,0x64,0x70,
    0x30,0x22,0x0D,0x0A,0x0D,0x0A,0x63,0x6C,0x73,0x0D,0x0A,0x65,
    0x63,0x68,0x6F,0x2E,0x0D,0x0A,0x65,0x63,0x68,0x6F,0x20,0x20,
    0x20,0x20,0xE2,0x95,0x94,0xE2,0x95,0x90,0xE2,0x95,0x90,0xE2,
    0x95,0x90,0xE2,0x95,0x90,0xE2,0x95,0x90,0xE2,0x95,0x90,0xE2,
    0x95,0x90,0xE2,0x95,0x90,0xE2,0x95,0x90,0xE2,0x95,0x90,0xE2,
    0x95,0x90,0xE2,0x95,0x90,0xE2,0x95,0x90,0xE2,0x95,0x90,0xE2,
    0x95,0x90,0xE2,0x95,0x90,0xE2,0x95,0x90,0xE2,0x95,0x90,0xE2,
    0x95,0x90,0xE2,0x95,0x90,0xE2,0x95,0x90,0xE2,0x95,0x90,0xE2,
    0x95,0x90,0xE2,0x95,0x90,0xE2,0x95,0x90,0xE2,0x95,0x90,0xE2,
    0x95,0x90,0xE2,0x95,0x90,0xE2,0x95,0x90,0xE2,0x95,0x90,0xE2,
    0x95,0x90,0xE2,0x95,0x90,0xE2,0x95,0x90,0xE2,0x95,0x90,0xE2,
    0x95,0x90,0xE2,0x95,0x90,0xE2,0x95,0x90,0xE2,0x95,0x90,0xE2,
    0x95,0x90,0xE2,0x95,0x90,0xE2,0x95,0x90,0xE2,0x95,0x90,0xE2,
    0x95,0x90,0xE2,0x95,0x90,0xE2,0x95,0x90,0xE2,0x95,0x90,0xE2,
    0x95,0x90,0xE2,0x95,0x90,0xE2,0x95,0x90,0xE2,0x95,0x90,0xE2,
    0x95,0x90,0xE2,0x95,0x90,0xE2,0x95,0x90,0xE2,0x95,0x90,0xE2,
    0x95,0x90,0xE2,0x95,0x90,0xE2,0x95,0x90,0xE2,0x95,0x90,0xE2,
    0x95,0x90,0xE2,0x95,0x90,0xE2,0x95,0x90,0xE2,0x95,0x90,0xE2,
    0x95,0x90,0xE2,0x95,0x90,0xE2,0x95,0x90,0xE2,0x95,0x90,0xE2,
    0x95,0x90,0xE2,0x95,0x90,0xE2,0x95,0x90,0xE2,0x95,0x90,0xE2,
    0x95,0x90,0xE2,0x95,0x90,0xE2,0x95,0x97,0x0D,0x0A,0x65,0x63,
    0x68,0x6F,0x20,0x20,0x20,0x20,0xE2,0x95,0x91,0x20,0x20,0x20,
    0x20,0x20,0x20,0x20,0x20,0x20,0x20,0x20,0x20,0x20,0x20,0x20,
    0x20,0x44,0x49,0x52,0x45,0x43,0x54,0x4F,0x52,0x59,0x20,0x41,
    0x55,0x44,0x49,0x54,0x4F,0x52,0x20,0x5E,0x26,0x20,0x46,0x49,
    0x4C,0x45,0x20,0x53,0x54,0x52,0x55,0x43,0x54,0x55,0x52,0x45,
    0x20,0x54,0x52,0x45,0x45,0x20,0x20,0x20,0x20,0x20,0x20,0x20,
    0x20,0x20,0x20,0x20,0x20,0x20,0x20,0x20,0x20,0x20,0xE2,0x95,
    0x91,0x0D,0x0A,0x65,0x63,0x68,0x6F,0x20,0x20,0x20,0x20,0xE2,
    0x95,0x91,0x20,0x20,0x20,0x20,0x20,0x20,0x20,0x20,0x20,0x20,
    0x20,0x20,0x20,0x20,0x20,0x20,0x20,0x20,0x48,0x69,0x67,0x68,
    0x2D,0x50,0x72,0x65,0x63,0x69,0x73,0x69,0x6F,0x6E,0x20,0x46,
    0x69,0x6C,0x65,0x20,0x4D,0x65,0x74,0x61,0x64,0x61,0x74,0x61,
    0x20,0x52,0x65,0x70,0x6F,0x72,0x74,0x20,0x20,0x20,0x20,0x20,
    0x20,0x20,0x20,0x20,0x20,0x20,0x20,0x20,0x20,0x20,0x20,0x20,
    0x20,0x20,0xE2,0x95,0x91,0x0D,0x0A,0x65,0x63,0x68,0x6F,0x20,
    0x20,0x20,0x20,0xE2,0x95,0x9A,0xE2,0x95,0x90,0xE2,0x95,0x90,
    0xE2,0x95,0x90,0xE2,0x95,0x90,0xE2,0x95,0x90,0xE2,0x95,0x90,
    0xE2,0x95,0x90,0xE2,0x95,0x90,0xE2,0x95,0x90,0xE2,0x95,0x90,
    0xE2,0x95,0x90,0xE2,0x95,0x90,0xE2,0x95,0x90,0xE2,0x95,0x90,
    0xE2,0x95,0x90,0xE2,0x95,0x90,0xE2,0x95,0x90,0xE2,0x95,0x90,
    0xE2,0x95,0x90,0xE2,0x95,0x90,0xE2,0x95,0x90,0xE2,0x95,0x90,
    0xE2,0x95,0x90,0xE2,0x95,0x90,0xE2,0x95,0x90,0xE2,0x95,0x90,
    0xE2,0x95,0x90,0xE2,0x95,0x90,0xE2,0x95,0x90,0xE2,0x95,0x90,
    0xE2,0x95,0x90,0xE2,0x95,0x90,0xE2,0x95,0x90,0xE2,0x95,0x90,
    0xE2,0x95,0x90,0xE2,0x95,0x90,0xE2,0x95,0x90,0xE2,0x95,0x90,
    0xE2,0x95,0x90,0xE2,0x95,0x90,0xE2,0x95,0x90,0xE2,0x95,0x90,
    0xE2,0x95,0x90,0xE2,0x95,0x90,0xE2,0x95,0x90,0xE2,0x95,0x90,
    0xE2,0x95,0x90,0xE2,0x95,0x90,0xE2,0x95,0x90,0xE2,0x95,0x90,
    0xE2,0x95,0x90,0xE2,0x95,0x90,0xE2,0x95,0x90,0xE2,0x95,0x90,
    0xE2,0x95,0x90,0xE2,0x95,0x90,0xE2,0x95,0x90,0xE2,0x95,0x90,
    0xE2,0x95,0x90,0xE2,0x95,0x90,0xE2,0x95,0x90,0xE2,0x95,0x90,
    0xE2,0x95,0x90,0xE2,0x95,0x90,0xE2,0x95,0x90,0xE2,0x95,0x90,
    0xE2,0x95,0x90,0xE2,0x95,0x90,0xE2,0x95,0x90,0xE2,0x95,0x90,
    0xE2,0x95,0x90,0xE2,0x95,0x90,0xE2,0x95,0x9D,0x0D,0x0A,0x65,
    0x63,0x68,0x6F,0x2E,0x0D,0x0A,0x65,0x63,0x68,0x6F,0x20,0x20,
    0x20,0x20,0x20,0x54,0x61,0x72,0x67,0x65,0x74,0x20,0x50,0x61,
    0x74,0x68,0x20,0x20,0x3A,0x20,0x20,0x25,0x54,0x41,0x52,0x47,
    0x45,0x54,0x5F,0x44,0x49,0x52,0x25,0x0D,0x0A,0x65,0x63,0x68,
    0x6F,0x20,0x20,0x20,0x20,0x20,0x4F,0x75,0x74,0x70,0x75,0x74,
    0x20,0x46,0x69,0x6C,0x65,0x20,0x20,0x3A,0x20,0x20,0x25,0x4C,
    0x4F,0x47,0x46,0x49,0x4C,0x45,0x25,0x0D,0x0A,0x65,0x63,0x68,
    0x6F,0x2E,0x0D,0x0A,0x65,0x63,0x68,0x6F,0x20,0x20,0x20,0x20,
    0xE2,0x94,0x80,0xE2,0x94,0x80,0xE2,0x94,0x80,0xE2,0x94,0x80,
    0xE2,0x94,0x80,0xE2,0x94,0x80,0xE2,0x94,0x80,0xE2,0x94,0x80,
    0xE2,0x94,0x80,0xE2,0x94,0x80,0xE2,0x94,0x80,0xE2,0x94,0x80,
    0xE2,0x94,0x80,0xE2,0x94,0x80,0xE2,0x94,0x80,0xE2,0x94,0x80,
    0xE2,0x94,0x80,0xE2,0x94,0x80,0xE2,0x94,0x80,0xE2,0x94,0x80,
    0xE2,0x94,0x80,0xE2,0x94,0x80,0xE2,0x94,0x80,0xE2,0x94,0x80,
    0xE2,0x94,0x80,0xE2,0x94,0x80,0xE2,0x94,0x80,0xE2,0x94,0x80,
    0xE2,0x94,0x80,0xE2,0x94,0x80,0xE2,0x94,0x80,0xE2,0x94,0x80,
    0xE2,0x94,0x80,0xE2,0x94,0x80,0xE2,0x94,0x80,0xE2,0x94,0x80,
    0xE2,0x94,0x80,0xE2,0x94,0x80,0xE2,0x94,0x80,0xE2,0x94,0x80,
    0xE2,0x94,0x80,0xE2,0x94,0x80,0xE2,0x94,0x80,0xE2,0x94,0x80,
    0xE2,0x94,0x80,0xE2,0x94,0x80,0xE2,0x94,0x80,0xE2,0x94,0x80,
    0xE2,0x94,0x80,0xE2,0x94,0x80,0xE2,0x94,0x80,0xE2,0x94,0x80,
    0xE2,0x94,0x80,0xE2,0x94,0x80,0xE2,0x94,0x80,0xE2,0x94,0x80,
    0xE2,0x94,0x80,0xE2,0x94,0x80,0xE2,0x94,0x80,0xE2,0x94,0x80,
    0xE2,0x94,0x80,0xE2,0x94,0x80,0xE2,0x94,0x80,0xE2,0x94,0x80,
    0xE2,0x94,0x80,0xE2,0x94,0x80,0xE2,0x94,0x80,0xE2,0x94,0x80,
    0xE2,0x94,0x80,0xE2,0x94,0x80,0xE2,0x94,0x80,0xE2,0x94,0x80,
    0xE2,0x94,0x80,0xE2,0x94,0x80,0x0D,0x0A,0x65,0x63,0x68,0x6F,
    0x20,0x20,0x20,0x20,0x20,0x53,0x54,0x41,0x54,0x55,0x53,0x20,
    0x20,0x20,0x20,0x20,0x20,0x20,0x3A,0x20,0x20,0x53,0x63,0x61,
    0x6E,0x6E,0x69,0x6E,0x67,0x20,0x64,0x69,0x72,0x65,0x63,0x74,
    0x6F,0x72,0x79,0x20,0x73,0x74,0x72,0x75,0x63,0x74,0x75,0x72,
    0x65,0x20,0x61,0x6E,0x64,0x20,0x65,0x78,0x74,0x72,0x61,0x63,
    0x74,0x69,0x6E,0x67,0x20,0x6D,0x65,0x74,0x61,0x64,0x61,0x74,
    0x61,0x2E,0x2E,0x2E,0x0D,0x0A,0x65,0x63,0x68,0x6F,0x20,0x20,
    0x20,0x20,0xE2,0x94,0x80,0xE2,0x94,0x80,0xE2,0x94,0x80,0xE2,
    0x94,0x80,0xE2,0x94,0x80,0xE2,0x94,0x80,0xE2,0x94,0x80,0xE2,
    0x94,0x80,0xE2,0x94,0x80,0xE2,0x94,0x80,0xE2,0x94,0x80,0xE2,
    0x94,0x80,0xE2,0x94,0x80,0xE2,0x94,0x80,0xE2,0x94,0x80,0xE2,
    0x94,0x80,0xE2,0x94,0x80,0xE2,0x94,0x80,0xE2,0x94,0x80,0xE2,
    0x94,0x80,0xE2,0x94,0x80,0xE2,0x94,0x80,0xE2,0x94,0x80,0xE2,
    0x94,0x80,0xE2,0x94,0x80,0xE2,0x94,0x80,0xE2,0x94,0x80,0xE2,
    0x94,0x80,0xE2,0x94,0x80,0xE2,0x94,0x80,0xE2,0x94,0x80,0xE2,
    0x94,0x80,0xE2,0x94,0x80,0xE2,0x94,0x80,0xE2,0x94,0x80,0xE2,
    0x94,0x80,0xE2,0x94,0x80,0xE2,0x94,0x80,0xE2,0x94,0x80,0xE2,
    0x94,0x80,0xE2,0x94,0x80,0xE2,0x94,0x80,0xE2,0x94,0x80,0xE2,
    0x94,0x80,0xE2,0x94,0x80,0xE2,0x94,0x80,0xE2,0x94,0x80,0xE2,
    0x94,0x80,0xE2,0x94,0x80,0xE2,0x94,0x80,0xE2,0x94,0x80,0xE2,
    0x94,0x80,0xE2,0x94,0x80,0xE2,0x94,0x80,0xE2,0x94,0x80,0xE2,
    0x94,0x80,0xE2,0x94,0x80,0xE2,0x94,0x80,0xE2,0x94,0x80,0xE2,
    0x94,0x80,0xE2,0x94,0x80,0xE2,0x94,0x80,0xE2,0x94,0x80,0xE2,
    0x94,0x80,0xE2,0x94,0x80,0xE2,0x94,0x80,0xE2,0x94,0x80,0xE2,
    0x94,0x80,0xE2,0x94,0x80,0xE2,0x94,0x80,0xE2,0x94,0x80,0xE2,
    0x94,0x80,0xE2,0x94,0x80,0xE2,0x94,0x80,0x0D,0x0A,0x0D,0x0A,
    0x70,0x6F,0x77,0x65,0x72,0x73,0x68,0x65,0x6C,0x6C,0x20,0x2D,
    0x4E,0x6F,0x50,0x72,0x6F,0x66,0x69,0x6C,0x65,0x20,0x2D,0x45,
    0x78,0x65,0x63,0x75,0x74,0x69,0x6F,0x6E,0x50,0x6F,0x6C,0x69,
    0x63,0x79,0x20,0x42,0x79,0x70,0x61,0x73,0x73,0x20,0x2D,0x43,
    0x6F,0x6D,0x6D,0x61,0x6E,0x64,0x20,0x5E,0x0D,0x0A,0x20,0x20,
    0x20,0x20,0x22,0x24,0x4F,0x75,0x74,0x70,0x75,0x74,0x45,0x6E,
    0x63,0x6F,0x64,0x69,0x6E,0x67,0x3D,0x5B,0x43,0x6F,0x6E,0x73,
    0x6F,0x6C,0x65,0x5D,0x3A,0x3A,0x4F,0x75,0x74,0x70,0x75,0x74,
    0x45,0x6E,0x63,0x6F,0x64,0x69,0x6E,0x67,0x3D,0x5B,0x53,0x79,
    0x73,0x74,0x65,0x6D,0x2E,0x54,0x65,0x78,0x74,0x2E,0x45,0x6E,
    0x63,0x6F,0x64,0x69,0x6E,0x67,0x5D,0x3A,0x3A,0x55,0x54,0x46,
    0x38,0x3B,0x20,0x24,0x74,0x3D,0x24,0x65,0x6E,0x76,0x3A,0x54,
    0x41,0x52,0x47,0x45,0x54,0x5F,0x44,0x49,0x52,0x3B,0x20,0x69,
    0x66,0x28,0x24,0x74,0x2E,0x4C,0x65,0x6E,0x67,0x74,0x68,0x20,
    0x2D,0x67,0x74,0x20,0x33,0x29,0x7B,0x24,0x74,0x3D,0x24,0x74,
    0x2E,0x54,0x72,0x69,0x6D,0x45,0x6E,0x64,0x28,0x5B,0x63,0x68,
    0x61,0x72,0x5D,0x39,0x32,0x29,0x7D,0x3B,0x20,0x24,0x6C,0x6F,
    0x67,0x3D,0x24,0x65,0x6E,0x76,0x3A,0x4C,0x4F,0x47,0x46,0x49,
    0x4C,0x45,0x3B,0x20,0x24,0x73,0x77,0x3D,0x5B,0x53,0x79,0x73,
    0x74,0x65,0x6D,0x2E,0x44,0x69,0x61,0x67,0x6E,0x6F,0x73,0x74,
    0x69,0x63,0x73,0x2E,0x53,0x74,0x6F,0x70,0x77,0x61,0x74,0x63,
    0x68,0x5D,0x3A,0x3A,0x53,0x74,0x61,0x72,0x74,0x4E,0x65,0x77,
    0x28,0x29,0x3B,0x20,0x22,0x20,0x5E,0x0D,0x0A,0x20,0x20,0x20,
    0x20,0x22,0x24,0x67,0x6C,0x6F,0x62,0x61,0x6C,0x3A,0x64,0x3D,
    0x30,0x3B,0x20,0x24,0x67,0x6C,0x6F,0x62,0x61,0x6C,0x3A,0x66,
    0x3D,0x30,0x3B,0x20,0x24,0x67,0x6C,0x6F,0x62,0x61,0x6C,0x3A,
    0x73,0x7A,0x3D,0x5B,0x6C,0x6F,0x6E,0x67,0x5D,0x30,0x3B,0x20,
    0x22,0x20,0x5E,0x0D,0x0A,0x20,0x20,0x20,0x20,0x22,0x66,0x75,
    0x6E,0x63,0x74,0x69,0x6F,0x6E,0x20,0x46,0x2D,0x53,0x7A,0x28,
    0x5B,0x6C,0x6F,0x6E,0x67,0x5D,0x24,0x62,0x29,0x7B,0x20,0x69,
    0x66,0x28,0x24,0x62,0x20,0x2D,0x67,0x65,0x20,0x31,0x47,0x42,
    0x29,0x7B,0x72,0x65,0x74,0x75,0x72,0x6E,0x20,0x28,0x27,0x7B,
    0x30,0x3A,0x4E,0x32,0x7D,0x20,0x47,0x42,0x27,0x20,0x2D,0x66,
    0x20,0x28,0x24,0x62,0x2F,0x31,0x47,0x42,0x29,0x29,0x7D,0x20,
    0x69,0x66,0x28,0x24,0x62,0x20,0x2D,0x67,0x65,0x20,0x31,0x4D,
    0x42,0x29,0x7B,0x72,0x65,0x74,0x75,0x72,0x6E,0x20,0x28,0x27,
    0x7B,0x30,0x3A,0x4E,0x32,0x7D,0x20,0x4D,0x42,0x27,0x20,0x2D,
    0x66,0x20,0x28,0x24,0x62,0x2F,0x31,0x4D,0x42,0x29,0x29,0x7D,
    0x20,0x69,0x66,0x28,0x24,0x62,0x20,0x2D,0x67,0x65,0x20,0x31,
    0x4B,0x42,0x29,0x7B,0x72,0x65,0x74,0x75,0x72,0x6E,0x20,0x28,
    0x27,0x7B,0x30,0x3A,0x4E,0x32,0x7D,0x20,0x4B,0x42,0x27,0x20,
    0x2D,0x66,0x20,0x28,0x24,0x62,0x2F,0x31,0x4B,0x42,0x29,0x29,
    0x7D,0x20,0x72,0x65,0x74,0x75,0x72,0x6E,0x20,0x28,0x27,0x7B,
    0x30,0x7D,0x20,0x42,0x27,0x20,0x2D,0x66,0x20,0x24,0x62,0x29,
    0x20,0x7D,0x3B,0x20,0x22,0x20,0x5E,0x0D,0x0A,0x20,0x20,0x20,
    0x20,0x22,0x24,0x72,0x65,0x63,0x6F,0x72,0x64,0x73,0x3D,0x5B,
    0x53,0x79,0x73,0x74,0x65,0x6D,0x2E,0x43,0x6F,0x6C,0x6C,0x65,
    0x63,0x74,0x69,0x6F,0x6E,0x73,0x2E,0x47,0x65,0x6E,0x65,0x72,
    0x69,0x63,0x2E,0x4C,0x69,0x73,0x74,0x5B,0x50,0x53,0x4F,0x62,
    0x6A,0x65,0x63,0x74,0x5D,0x5D,0x3A,0x3A,0x6E,0x65,0x77,0x28,
    0x29,0x3B,0x20,0x24,0x72,0x6F,0x6F,0x74,0x3D,0x47,0x65,0x74,
    0x2D,0x49,0x74,0x65,0x6D,0x20,0x2D,0x4C,0x69,0x74,0x65,0x72,
    0x61,0x6C,0x50,0x61,0x74,0x68,0x20,0x24,0x74,0x20,0x2D,0x45,
    0x72,0x72,0x6F,0x72,0x41,0x63,0x74,0x69,0x6F,0x6E,0x20,0x53,
    0x69,0x6C,0x65,0x6E,0x74,0x6C,0x79,0x43,0x6F,0x6E,0x74,0x69,
    0x6E,0x75,0x65,0x3B,0x20,0x22,0x20,0x5E,0x0D,0x0A,0x20,0x20,
    0x20,0x20,0x22,0x24,0x72,0x4D,0x3D,0x69,0x66,0x28,0x24,0x72,
    0x6F,0x6F,0x74,0x29,0x7B,0x24,0x72,0x6F,0x6F,0x74,0x2E,0x4C,
    0x61,0x73,0x74,0x57,0x72,0x69,0x74,0x65,0x54,0x69,0x6D,0x65,
    0x2E,0x54,0x6F,0x53,0x74,0x72,0x69,0x6E,0x67,0x28,0x27,0x79,
    0x79,0x79,0x79,0x2D,0x4D,0x4D,0x2D,0x64,0x64,0x20,0x48,0x48,
    0x3A,0x6D,0x6D,0x3A,0x73,0x73,0x27,0x29,0x7D,0x65,0x6C,0x73,
    0x65,0x7B,0x27,0x20,0x20,0x20,0x20,0x20,0x20,0x20,0x20,0x20,
    0x20,0x20,0x20,0x20,0x20,0x20,0x20,0x20,0x20,0x20,0x27,0x7D,
    0x3B,0x20,0x24,0x72,0x43,0x3D,0x69,0x66,0x28,0x24,0x72,0x6F,
    0x6F,0x74,0x29,0x7B,0x24,0x72,0x6F,0x6F,0x74,0x2E,0x43,0x72,
    0x65,0x61,0x74,0x69,0x6F,0x6E,0x54,0x69,0x6D,0x65,0x2E,0x54,
    0x6F,0x53,0x74,0x72,0x69,0x6E,0x67,0x28,0x27,0x79,0x79,0x79,
    0x79,0x2D,0x4D,0x4D,0x2D,0x64,0x64,0x20,0x48,0x48,0x3A,0x6D,
    0x6D,0x3A,0x73,0x73,0x27,0x29,0x7D,0x65,0x6C,0x73,0x65,0x7B,
    0x27,0x20,0x20,0x20,0x20,0x20,0x20,0x20,0x20,0x20,0x20,0x20,
    0x20,0x20,0x20,0x20,0x20,0x20,0x20,0x20,0x27,0x7D,0x3B,0x20,
    0x22,0x20,0x5E,0x0D,0x0A,0x20,0x20,0x20,0x20,0x22,0x24,0x72,
    0x65,0x63,0x6F,0x72,0x64,0x73,0x2E,0x41,0x64,0x64,0x28,0x5B,
    0x50,0x53,0x43,0x75,0x73,0x74,0x6F,0x6D,0x4F,0x62,0x6A,0x65,
    0x63,0x74,0x5D,0x40,0x7B,0x54,0x3D,0x27,0x2E,0x27,0x3B,0x20,
    0x53,0x3D,0x27,0x3C,0x44,0x49,0x52,0x3E,0x27,0x3B,0x20,0x4D,
    0x3D,0x24,0x72,0x4D,0x3B,0x20,0x43,0x3D,0x24,0x72,0x43,0x7D,
    0x29,0x3B,0x20,0x22,0x20,0x5E,0x0D,0x0A,0x20,0x20,0x20,0x20,
    0x22,0x66,0x75,0x6E,0x63,0x74,0x69,0x6F,0x6E,0x20,0x53,0x63,
    0x61,0x6E,0x2D,0x44,0x69,0x72,0x28,0x24,0x64,0x69,0x72,0x2C,
    0x20,0x24,0x70,0x66,0x78,0x29,0x7B,0x20,0x22,0x20,0x5E,0x0D,
    0x0A,0x20,0x20,0x20,0x20,0x22,0x20,0x20,0x20,0x20,0x24,0x69,
    0x74,0x65,0x6D,0x73,0x3D,0x40,0x28,0x47,0x65,0x74,0x2D,0x43,
    0x68,0x69,0x6C,0x64,0x49,0x74,0x65,0x6D,0x20,0x2D,0x4C,0x69,
    0x74,0x65,0x72,0x61,0x6C,0x50,0x61,0x74,0x68,0x20,0x24,0x64,
    0x69,0x72,0x20,0x2D,0x46,0x6F,0x72,0x63,0x65,0x20,0x2D,0x45,
    0x72,0x72,0x6F,0x72,0x41,0x63,0x74,0x69,0x6F,0x6E,0x20,0x53,
    0x69,0x6C,0x65,0x6E,0x74,0x6C,0x79,0x43,0x6F,0x6E,0x74,0x69,
    0x6E,0x75,0x65,0x20,0x7C,0x20,0x53,0x6F,0x72,0x74,0x2D,0x4F,
    0x62,0x6A,0x65,0x63,0x74,0x20,0x7B,0x2D,0x6E,0x6F,0x74,0x20,
    0x24,0x5F,0x2E,0x50,0x53,0x49,0x73,0x43,0x6F,0x6E,0x74,0x61,
    0x69,0x6E,0x65,0x72,0x7D,0x2C,0x20,0x4E,0x61,0x6D,0x65,0x29,
    0x3B,0x20,0x24,0x63,0x3D,0x24,0x69,0x74,0x65,0x6D,0x73,0x2E,
    0x43,0x6F,0x75,0x6E,0x74,0x3B,0x20,0x22,0x20,0x5E,0x0D,0x0A,
    0x20,0x20,0x20,0x20,0x22,0x20,0x20,0x20,0x20,0x66,0x6F,0x72,
    0x28,0x24,0x69,0x3D,0x30,0x3B,0x20,0x24,0x69,0x20,0x2D,0x6C,
    0x74,0x20,0x24,0x63,0x3B,0x20,0x24,0x69,0x2B,0x2B,0x29,0x7B,
    0x20,0x22,0x20,0x5E,0x0D,0x0A,0x20,0x20,0x20,0x20,0x22,0x20,
    0x20,0x20,0x20,0x20,0x20,0x20,0x20,0x24,0x69,0x74,0x3D,0x24,
    0x69,0x74,0x65,0x6D,0x73,0x5B,0x24,0x69,0x5D,0x3B,0x20,0x69,
    0x66,0x28,0x24,0x69,0x74,0x2E,0x46,0x75,0x6C,0x6C,0x4E,0x61,
    0x6D,0x65,0x20,0x2D,0x65,0x71,0x20,0x24,0x6C,0x6F,0x67,0x29,
    0x7B,0x63,0x6F,0x6E,0x74,0x69,0x6E,0x75,0x65,0x7D,0x3B,0x20,
    0x24,0x6C,0x61,0x73,0x74,0x3D,0x28,0x24,0x69,0x20,0x2D,0x65,
    0x71,0x20,0x28,0x24,0x63,0x20,0x2D,0x20,0x31,0x29,0x29,0x3B,
    0x20,0x22,0x20,0x5E,0x0D,0x0A,0x20,0x20,0x20,0x20,0x22,0x20,
    0x20,0x20,0x20,0x20,0x20,0x20,0x20,0x24,0x62,0x72,0x3D,0x69,
    0x66,0x28,0x24,0x6C,0x61,0x73,0x74,0x29,0x7B,0x5B,0x63,0x68,
    0x61,0x72,0x5D,0x30,0x78,0x32,0x35,0x31,0x34,0x2B,0x5B,0x63,
    0x68,0x61,0x72,0x5D,0x30,0x78,0x32,0x35,0x30,0x30,0x2B,0x5B,
    0x63,0x68,0x61,0x72,0x5D,0x30,0x78,0x32,0x35,0x30,0x30,0x2B,
    0x27,0x20,0x27,0x7D,0x65,0x6C,0x73,0x65,0x7B,0x5B,0x63,0x68,
    0x61,0x72,0x5D,0x30,0x78,0x32,0x35,0x31,0x43,0x2B,0x5B,0x63,
    0x68,0x61,0x72,0x5D,0x30,0x78,0x32,0x35,0x30,0x30,0x2B,0x5B,
    0x63,0x68,0x61,0x72,0x5D,0x30,0x78,0x32,0x35,0x30,0x30,0x2B,
    0x27,0x20,0x27,0x7D,0x3B,0x20,0x24,0x6E,0x78,0x74,0x3D,0x69,
    0x66,0x28,0x24,0x6C,0x61,0x73,0x74,0x29,0x7B,0x24,0x70,0x66,
    0x78,0x2B,0x27,0x20,0x20,0x20,0x20,0x27,0x7D,0x65,0x6C,0x73,
    0x65,0x7B,0x24,0x70,0x66,0x78,0x2B,0x5B,0x63,0x68,0x61,0x72,
    0x5D,0x30,0x78,0x32,0x35,0x30,0x32,0x2B,0x27,0x20,0x20,0x20,
    0x27,0x7D,0x3B,0x20,0x22,0x20,0x5E,0x0D,0x0A,0x20,0x20,0x20,
    0x20,0x22,0x20,0x20,0x20,0x20,0x20,0x20,0x20,0x20,0x24,0x63,
    0x44,0x61,0x74,0x65,0x3D,0x24,0x69,0x74,0x2E,0x43,0x72,0x65,
    0x61,0x74,0x69,0x6F,0x6E,0x54,0x69,0x6D,0x65,0x2E,0x54,0x6F,
    0x53,0x74,0x72,0x69,0x6E,0x67,0x28,0x27,0x79,0x79,0x79,0x79,
    0x2D,0x4D,0x4D,0x2D,0x64,0x64,0x20,0x48,0x48,0x3A,0x6D,0x6D,
    0x3A,0x73,0x73,0x27,0x29,0x3B,0x20,0x24,0x6D,0x44,0x61,0x74,
    0x65,0x3D,0x24,0x69,0x74,0x2E,0x4C,0x61,0x73,0x74,0x57,0x72,
    0x69,0x74,0x65,0x54,0x69,0x6D,0x65,0x2E,0x54,0x6F,0x53,0x74,
    0x72,0x69,0x6E,0x67,0x28,0x27,0x79,0x79,0x79,0x79,0x2D,0x4D,
    0x4D,0x2D,0x64,0x64,0x20,0x48,0x48,0x3A,0x6D,0x6D,0x3A,0x73,
    0x73,0x27,0x29,0x3B,0x20,0x22,0x20,0x5E,0x0D,0x0A,0x20,0x20,
    0x20,0x20,0x22,0x20,0x20,0x20,0x20,0x20,0x20,0x20,0x20,0x69,
    0x66,0x28,0x24,0x69,0x74,0x2E,0x50,0x53,0x49,0x73,0x43,0x6F,
    0x6E,0x74,0x61,0x69,0x6E,0x65,0x72,0x29,0x7B,0x20,0x24,0x67,
    0x6C,0x6F,0x62,0x61,0x6C,0x3A,0x64,0x2B,0x2B,0x3B,0x20,0x24,
    0x72,0x65,0x63,0x6F,0x72,0x64,0x73,0x2E,0x41,0x64,0x64,0x28,
    0x5B,0x50,0x53,0x43,0x75,0x73,0x74,0x6F,0x6D,0x4F,0x62,0x6A,
    0x65,0x63,0x74,0x5D,0x40,0x7B,0x54,0x3D,0x28,0x24,0x70,0x66,
    0x78,0x2B,0x24,0x62,0x72,0x2B,0x24,0x69,0x74,0x2E,0x4E,0x61,
    0x6D,0x65,0x2B,0x27,0x2F,0x27,0x29,0x3B,0x20,0x53,0x3D,0x27,
    0x3C,0x44,0x49,0x52,0x3E,0x27,0x3B,0x20,0x4D,0x3D,0x24,0x6D,
    0x44,0x61,0x74,0x65,0x3B,0x20,0x43,0x3D,0x24,0x63,0x44,0x61,
    0x74,0x65,0x7D,0x29,0x3B,0x20,0x53,0x63,0x61,0x6E,0x2D,0x44,
    0x69,0x72,0x20,0x24,0x69,0x74,0x2E,0x46,0x75,0x6C,0x6C,0x4E,
    0x61,0x6D,0x65,0x20,0x24,0x6E,0x78,0x74,0x3B,0x20,0x7D,0x20,
    0x22,0x20,0x5E,0x0D,0x0A,0x20,0x20,0x20,0x20,0x22,0x20,0x20,
    0x20,0x20,0x20,0x20,0x20,0x20,0x65,0x6C,0x73,0x65,0x7B,0x20,
    0x24,0x67,0x6C,0x6F,0x62,0x61,0x6C,0x3A,0x66,0x2B,0x2B,0x3B,
    0x20,0x24,0x67,0x6C,0x6F,0x62,0x61,0x6C,0x3A,0x73,0x7A,0x20,
    0x2B,0x3D,0x20,0x24,0x69,0x74,0x2E,0x4C,0x65,0x6E,0x67,0x74,
    0x68,0x3B,0x20,0x24,0x72,0x65,0x63,0x6F,0x72,0x64,0x73,0x2E,
    0x41,0x64,0x64,0x28,0x5B,0x50,0x53,0x43,0x75,0x73,0x74,0x6F,
    0x6D,0x4F,0x62,0x6A,0x65,0x63,0x74,0x5D,0x40,0x7B,0x54,0x3D,
    0x28,0x24,0x70,0x66,0x78,0x2B,0x24,0x62,0x72,0x2B,0x24,0x69,
    0x74,0x2E,0x4E,0x61,0x6D,0x65,0x29,0x3B,0x20,0x53,0x3D,0x28,
    0x46,0x2D,0x53,0x7A,0x20,0x24,0x69,0x74,0x2E,0x4C,0x65,0x6E,
    0x67,0x74,0x68,0x29,0x3B,0x20,0x4D,0x3D,0x24,0x6D,0x44,0x61,
    0x74,0x65,0x3B,0x20,0x43,0x3D,0x24,0x63,0x44,0x61,0x74,0x65,
    0x7D,0x29,0x3B,0x20,0x7D,0x20,0x22,0x20,0x5E,0x0D,0x0A,0x20,
    0x20,0x20,0x20,0x22,0x20,0x20,0x20,0x20,0x7D,0x20,0x22,0x20,
    0x5E,0x0D,0x0A,0x20,0x20,0x20,0x20,0x22,0x7D,0x3B,0x20,0x22,
    0x20,0x5E,0x0D,0x0A,0x20,0x20,0x20,0x20,0x22,0x53,0x63,0x61,
    0x6E,0x2D,0x44,0x69,0x72,0x20,0x24,0x74,0x20,0x27,0x27,0x3B,
    0x20,0x24,0x73,0x77,0x2E,0x53,0x74,0x6F,0x70,0x28,0x29,0x3B,
    0x20,0x22,0x20,0x5E,0x0D,0x0A,0x20,0x20,0x20,0x20,0x22,0x24,
    0x6D,0x61,0x78,0x54,0x3D,0x33,0x36,0x3B,0x20,0x66,0x6F,0x72,
    0x65,0x61,0x63,0x68,0x28,0x24,0x72,0x20,0x69,0x6E,0x20,0x24,
    0x72,0x65,0x63,0x6F,0x72,0x64,0x73,0x29,0x7B,0x69,0x66,0x28,
    0x24,0x72,0x2E,0x54,0x2E,0x4C,0x65,0x6E,0x67,0x74,0x68,0x20,
    0x2D,0x67,0x74,0x20,0x24,0x6D,0x61,0x78,0x54,0x29,0x7B,0x24,
    0x6D,0x61,0x78,0x54,0x3D,0x24,0x72,0x2E,0x54,0x2E,0x4C,0x65,
    0x6E,0x67,0x74,0x68,0x7D,0x7D,0x3B,0x20,0x24,0x63,0x6F,0x6C,
    0x57,0x3D,0x24,0x6D,0x61,0x78,0x54,0x2B,0x32,0x3B,0x20,0x22,
    0x20,0x5E,0x0D,0x0A,0x20,0x20,0x20,0x20,0x22,0x24,0x62,0x4C,
    0x65,0x6E,0x3D,0x5B,0x4D,0x61,0x74,0x68,0x5D,0x3A,0x3A,0x4D,
    0x61,0x78,0x28,0x39,0x35,0x2C,0x20,0x28,0x24,0x63,0x6F,0x6C,
    0x57,0x2B,0x35,0x36,0x29,0x29,0x3B,0x20,0x24,0x62,0x61,0x6E,
    0x6E,0x65,0x72,0x3D,0x5B,0x73,0x74,0x72,0x69,0x6E,0x67,0x5D,
    0x28,0x27,0x3D,0x27,0x20,0x2A,0x20,0x24,0x62,0x4C,0x65,0x6E,
    0x29,0x3B,0x20,0x22,0x20,0x5E,0x0D,0x0A,0x20,0x20,0x20,0x20,
    0x22,0x66,0x75,0x6E,0x63,0x74,0x69,0x6F,0x6E,0x20,0x43,0x2D,
    0x54,0x78,0x74,0x28,0x24,0x74,0x78,0x74,0x2C,0x20,0x24,0x77,
    0x29,0x7B,0x20,0x24,0x70,0x4C,0x3D,0x5B,0x4D,0x61,0x74,0x68,
    0x5D,0x3A,0x3A,0x4D,0x61,0x78,0x28,0x30,0x2C,0x20,0x5B,0x69,
    0x6E,0x74,0x5D,0x28,0x28,0x24,0x77,0x2D,0x24,0x74,0x78,0x74,
    0x2E,0x4C,0x65,0x6E,0x67,0x74,0x68,0x29,0x2F,0x32,0x29,0x29,
    0x3B,0x20,0x24,0x70,0x52,0x3D,0x5B,0x4D,0x61,0x74,0x68,0x5D,
    0x3A,0x3A,0x4D,0x61,0x78,0x28,0x30,0x2C,0x20,0x24,0x77,0x2D,
    0x24,0x74,0x78,0x74,0x2E,0x4C,0x65,0x6E,0x67,0x74,0x68,0x2D,
    0x24,0x70,0x4C,0x29,0x3B,0x20,0x72,0x65,0x74,0x75,0x72,0x6E,
    0x20,0x28,0x28,0x27,0x20,0x27,0x20,0x2A,0x20,0x24,0x70,0x4C,
    0x29,0x20,0x2B,0x20,0x24,0x74,0x78,0x74,0x20,0x2B,0x20,0x28,
    0x27,0x20,0x27,0x20,0x2A,0x20,0x24,0x70,0x52,0x29,0x29,0x20,
    0x7D,0x3B,0x20,0x22,0x20,0x5E,0x0D,0x0A,0x20,0x20,0x20,0x20,
    0x22,0x24,0x66,0x6D,0x74,0x3D,0x27,0x20,0x20,0x7B,0x30,0x2C,
    0x2D,0x27,0x20,0x2B,0x20,0x24,0x63,0x6F,0x6C,0x57,0x20,0x2B,
    0x20,0x27,0x7D,0x20,0x20,0x7B,0x31,0x2C,0x31,0x30,0x7D,0x20,
    0x20,0x20,0x7B,0x32,0x2C,0x31,0x39,0x7D,0x20,0x20,0x7B,0x33,
    0x2C,0x31,0x39,0x7D,0x27,0x3B,0x20,0x22,0x20,0x5E,0x0D,0x0A,
    0x20,0x20,0x20,0x20,0x22,0x24,0x73,0x65,0x70,0x3D,0x27,0x20,
    0x20,0x27,0x20,0x2B,0x20,0x5B,0x73,0x74,0x72,0x69,0x6E,0x67,
    0x5D,0x28,0x27,0x2D,0x27,0x2A,0x24,0x63,0x6F,0x6C,0x57,0x29,
    0x20,0x2B,0x20,0x27,0x20,0x20,0x27,0x20,0x2B,0x20,0x5B,0x73,
    0x74,0x72,0x69,0x6E,0x67,0x5D,0x28,0x27,0x2D,0x27,0x2A,0x31,
    0x30,0x29,0x20,0x2B,0x20,0x27,0x20,0x20,0x20,0x27,0x20,0x2B,
    0x20,0x5B,0x73,0x74,0x72,0x69,0x6E,0x67,0x5D,0x28,0x27,0x2D,
    0x27,0x2A,0x31,0x39,0x29,0x20,0x2B,0x20,0x27,0x20,0x20,0x27,
    0x20,0x2B,0x20,0x5B,0x73,0x74,0x72,0x69,0x6E,0x67,0x5D,0x28,
    0x27,0x2D,0x27,0x2A,0x31,0x39,0x29,0x3B,0x20,0x22,0x20,0x5E,
    0x0D,0x0A,0x20,0x20,0x20,0x20,0x22,0x24,0x77,0x3D,0x4E,0x65,
    0x77,0x2D,0x4F,0x62,0x6A,0x65,0x63,0x74,0x20,0x53,0x79,0x73,
    0x74,0x65,0x6D,0x2E,0x49,0x4F,0x2E,0x53,0x74,0x72,0x65,0x61,
    0x6D,0x57,0x72,0x69,0x74,0x65,0x72,0x28,0x24,0x6C,0x6F,0x67,
    0x2C,0x20,0x24,0x66,0x61,0x6C,0x73,0x65,0x2C,0x20,0x28,0x4E,
    0x65,0x77,0x2D,0x4F,0x62,0x6A,0x65,0x63,0x74,0x20,0x53,0x79,
    0x73,0x74,0x65,0x6D,0x2E,0x54,0x65,0x78,0x74,0x2E,0x55,0x54,
    0x46,0x38,0x45,0x6E,0x63,0x6F,0x64,0x69,0x6E,0x67,0x28,0x24,
    0x74,0x72,0x75,0x65,0x29,0x29,0x29,0x3B,0x20,0x22,0x20,0x5E,
    0x0D,0x0A,0x20,0x20,0x20,0x20,0x22,0x24,0x77,0x2E,0x57,0x72,
    0x69,0x74,0x65,0x4C,0x69,0x6E,0x65,0x28,0x24,0x62,0x61,0x6E,
    0x6E,0x65,0x72,0x29,0x3B,0x20,0x24,0x77,0x2E,0x57,0x72,0x69,
    0x74,0x65,0x4C,0x69,0x6E,0x65,0x28,0x28,0x43,0x2D,0x54,0x78,
    0x74,0x20,0x27,0x44,0x49,0x52,0x45,0x43,0x54,0x4F,0x52,0x59,
    0x20,0x54,0x52,0x45,0x45,0x20,0x26,0x20,0x46,0x49,0x4C,0x45,
    0x20,0x41,0x55,0x44,0x49,0x54,0x20,0x52,0x45,0x50,0x4F,0x52,
    0x54,0x27,0x20,0x24,0x62,0x4C,0x65,0x6E,0x29,0x29,0x3B,0x20,
    0x24,0x77,0x2E,0x57,0x72,0x69,0x74,0x65,0x4C,0x69,0x6E,0x65,
    0x28,0x24,0x62,0x61,0x6E,0x6E,0x65,0x72,0x29,0x3B,0x20,0x22,
    0x20,0x5E,0x0D,0x0A,0x20,0x20,0x20,0x20,0x22,0x24,0x77,0x2E,
    0x57,0x72,0x69,0x74,0x65,0x4C,0x69,0x6E,0x65,0x28,0x28,0x27,
    0x20,0x20,0x54,0x61,0x72,0x67,0x65,0x74,0x20,0x50,0x61,0x74,
    0x68,0x20,0x20,0x3A,0x20,0x20,0x7B,0x30,0x7D,0x27,0x20,0x2D,
    0x66,0x20,0x24,0x74,0x29,0x29,0x3B,0x20,0x24,0x77,0x2E,0x57,
    0x72,0x69,0x74,0x65,0x4C,0x69,0x6E,0x65,0x28,0x28,0x27,0x20,
    0x20,0x47,0x65,0x6E,0x65,0x72,0x61,0x74,0x65,0x64,0x20,0x4F,
    0x6E,0x20,0x3A,0x20,0x20,0x7B,0x30,0x7D,0x27,0x20,0x2D,0x66,
    0x20,0x28,0x47,0x65,0x74,0x2D,0x44,0x61,0x74,0x65,0x20,0x2D,
    0x46,0x6F,0x72,0x6D,0x61,0x74,0x20,0x27,0x79,0x79,0x79,0x79,
    0x2D,0x4D,0x4D,0x2D,0x64,0x64,0x20,0x48,0x48,0x3A,0x6D,0x6D,
    0x3A,0x73,0x73,0x27,0x29,0x29,0x29,0x3B,0x20,0x24,0x77,0x2E,
    0x57,0x72,0x69,0x74,0x65,0x4C,0x69,0x6E,0x65,0x28,0x24,0x62,
    0x61,0x6E,0x6E,0x65,0x72,0x29,0x3B,0x20,0x24,0x77,0x2E,0x57,
    0x72,0x69,0x74,0x65,0x4C,0x69,0x6E,0x65,0x28,0x27,0x27,0x29,
    0x3B,0x20,0x22,0x20,0x5E,0x0D,0x0A,0x20,0x20,0x20,0x20,0x22,
    0x24,0x77,0x2E,0x57,0x72,0x69,0x74,0x65,0x4C,0x69,0x6E,0x65,
    0x28,0x28,0x24,0x66,0x6D,0x74,0x20,0x2D,0x66,0x20,0x27,0x50,
    0x41,0x54,0x48,0x20,0x2F,0x20,0x54,0x52,0x45,0x45,0x20,0x53,
    0x54,0x52,0x55,0x43,0x54,0x55,0x52,0x45,0x27,0x2C,0x20,0x27,
    0x20,0x20,0x20,0x53,0x49,0x5A,0x45,0x20,0x20,0x20,0x27,0x2C,
    0x20,0x27,0x20,0x20,0x20,0x44,0x41,0x54,0x45,0x20,0x4D,0x4F,
    0x44,0x49,0x46,0x49,0x45,0x44,0x20,0x20,0x20,0x27,0x2C,0x20,
    0x27,0x20,0x20,0x20,0x44,0x41,0x54,0x45,0x20,0x43,0x52,0x45,
    0x41,0x54,0x45,0x44,0x20,0x20,0x20,0x20,0x27,0x29,0x29,0x3B,
    0x20,0x24,0x77,0x2E,0x57,0x72,0x69,0x74,0x65,0x4C,0x69,0x6E,
    0x65,0x28,0x24,0x73,0x65,0x70,0x29,0x3B,0x20,0x22,0x20,0x5E,
    0x0D,0x0A,0x20,0x20,0x20,0x20,0x22,0x66,0x6F,0x72,0x65,0x61,
    0x63,0x68,0x28,0x24,0x72,0x20,0x69,0x6E,0x20,0x24,0x72,0x65,
    0x63,0x6F,0x72,0x64,0x73,0x29,0x7B,0x20,0x24,0x77,0x2E,0x57,
    0x72,0x69,0x74,0x65,0x4C,0x69,0x6E,0x65,0x28,0x28,0x24,0x66,
    0x6D,0x74,0x20,0x2D,0x66,0x20,0x24,0x72,0x2E,0x54,0x2C,0x20,
    0x24,0x72,0x2E,0x53,0x2C,0x20,0x24,0x72,0x2E,0x4D,0x2C,0x20,
    0x24,0x72,0x2E,0x43,0x29,0x29,0x20,0x7D,0x3B,0x20,0x24,0x77,
    0x2E,0x57,0x72,0x69,0x74,0x65,0x4C,0x69,0x6E,0x65,0x28,0x24,
    0x73,0x65,0x70,0x29,0x3B,0x20,0x24,0x77,0x2E,0x57,0x72,0x69,
    0x74,0x65,0x4C,0x69,0x6E,0x65,0x28,0x27,0x27,0x29,0x3B,0x20,
    0x22,0x20,0x5E,0x0D,0x0A,0x20,0x20,0x20,0x20,0x22,0x24,0x74,
    0x6F,0x74,0x53,0x7A,0x3D,0x46,0x2D,0x53,0x7A,0x20,0x24,0x67,
    0x6C,0x6F,0x62,0x61,0x6C,0x3A,0x73,0x7A,0x3B,0x20,0x24,0x77,
    0x2E,0x57,0x72,0x69,0x74,0x65,0x4C,0x69,0x6E,0x65,0x28,0x24,
    0x62,0x61,0x6E,0x6E,0x65,0x72,0x29,0x3B,0x20,0x24,0x77,0x2E,
    0x57,0x72,0x69,0x74,0x65,0x4C,0x69,0x6E,0x65,0x28,0x28,0x43,
    0x2D,0x54,0x78,0x74,0x20,0x27,0x53,0x54,0x41,0x54,0x49,0x53,
    0x54,0x49,0x43,0x41,0x4C,0x20,0x53,0x55,0x4D,0x4D,0x41,0x52,
    0x59,0x27,0x20,0x24,0x62,0x4C,0x65,0x6E,0x29,0x29,0x3B,0x20,
    0x24,0x77,0x2E,0x57,0x72,0x69,0x74,0x65,0x4C,0x69,0x6E,0x65,
    0x28,0x24,0x62,0x61,0x6E,0x6E,0x65,0x72,0x29,0x3B,0x20,0x22,
    0x20,0x5E,0x0D,0x0A,0x20,0x20,0x20,0x20,0x22,0x24,0x77,0x2E,
    0x57,0x72,0x69,0x74,0x65,0x4C,0x69,0x6E,0x65,0x28,0x28,0x27,
    0x20,0x20,0x54,0x6F,0x74,0x61,0x6C,0x20,0x46,0x6F,0x6C,0x64,
    0x65,0x72,0x73,0x20,0x20,0x20,0x3A,0x20,0x20,0x7B,0x30,0x3A,
    0x4E,0x30,0x7D,0x27,0x20,0x2D,0x66,0x20,0x24,0x67,0x6C,0x6F,
    0x62,0x61,0x6C,0x3A,0x64,0x29,0x29,0x3B,0x20,0x24,0x77,0x2E,
    0x57,0x72,0x69,0x74,0x65,0x4C,0x69,0x6E,0x65,0x28,0x28,0x27,
    0x20,0x20,0x54,0x6F,0x74,0x61,0x6C,0x20,0x46,0x69,0x6C,0x65,
    0x73,0x20,0x20,0x20,0x20,0x20,0x3A,0x20,0x20,0x7B,0x30,0x3A,
    0x4E,0x30,0x7D,0x27,0x20,0x2D,0x66,0x20,0x24,0x67,0x6C,0x6F,
    0x62,0x61,0x6C,0x3A,0x66,0x29,0x29,0x3B,0x20,0x22,0x20,0x5E,
    0x0D,0x0A,0x20,0x20,0x20,0x20,0x22,0x24,0x77,0x2E,0x57,0x72,
    0x69,0x74,0x65,0x4C,0x69,0x6E,0x65,0x28,0x28,0x27,0x20,0x20,
    0x54,0x6F,0x74,0x61,0x6C,0x20,0x46,0x69,0x6C,0x65,0x20,0x53,
    0x69,0x7A,0x65,0x20,0x3A,0x20,0x20,0x7B,0x30,0x7D,0x20,0x28,
    0x7B,0x31,0x3A,0x4E,0x30,0x7D,0x20,0x42,0x79,0x74,0x65,0x73,
    0x29,0x27,0x20,0x2D,0x66,0x20,0x24,0x74,0x6F,0x74,0x53,0x7A,
    0x2C,0x20,0x24,0x67,0x6C,0x6F,0x62,0x61,0x6C,0x3A,0x73,0x7A,
    0x29,0x29,0x3B,0x20,0x24,0x77,0x2E,0x57,0x72,0x69,0x74,0x65,
    0x4C,0x69,0x6E,0x65,0x28,0x28,0x27,0x20,0x20,0x45,0x78,0x65,
    0x63,0x75,0x74,0x69,0x6F,0x6E,0x20,0x54,0x69,0x6D,0x65,0x20,
    0x20,0x3A,0x20,0x20,0x7B,0x30,0x3A,0x4E,0x32,0x7D,0x20,0x53,
    0x65,0x63,0x6F,0x6E,0x64,0x73,0x27,0x20,0x2D,0x66,0x20,0x24,
    0x73,0x77,0x2E,0x45,0x6C,0x61,0x70,0x73,0x65,0x64,0x2E,0x54,
    0x6F,0x74,0x61,0x6C,0x53,0x65,0x63,0x6F,0x6E,0x64,0x73,0x29,
    0x29,0x3B,0x20,0x22,0x20,0x5E,0x0D,0x0A,0x20,0x20,0x20,0x20,
    0x22,0x24,0x77,0x2E,0x57,0x72,0x69,0x74,0x65,0x4C,0x69,0x6E,
    0x65,0x28,0x24,0x62,0x61,0x6E,0x6E,0x65,0x72,0x29,0x3B,0x20,
    0x24,0x77,0x2E,0x57,0x72,0x69,0x74,0x65,0x4C,0x69,0x6E,0x65,
    0x28,0x28,0x43,0x2D,0x54,0x78,0x74,0x20,0x27,0x45,0x4E,0x44,
    0x20,0x4F,0x46,0x20,0x52,0x45,0x50,0x4F,0x52,0x54,0x27,0x20,
    0x24,0x62,0x4C,0x65,0x6E,0x29,0x29,0x3B,0x20,0x24,0x77,0x2E,
    0x57,0x72,0x69,0x74,0x65,0x4C,0x69,0x6E,0x65,0x28,0x24,0x62,
    0x61,0x6E,0x6E,0x65,0x72,0x29,0x3B,0x20,0x24,0x77,0x2E,0x43,
    0x6C,0x6F,0x73,0x65,0x28,0x29,0x3B,0x20,0x22,0x20,0x5E,0x0D,
    0x0A,0x20,0x20,0x20,0x20,0x22,0x57,0x72,0x69,0x74,0x65,0x2D,
    0x48,0x6F,0x73,0x74,0x20,0x27,0x27,0x3B,0x20,0x57,0x72,0x69,
    0x74,0x65,0x2D,0x48,0x6F,0x73,0x74,0x20,0x27,0x20,0x20,0x20,
    0xE2,0x94,0x80,0xE2,0x94,0x80,0xE2,0x94,0x80,0xE2,0x94,0x80,
    0xE2,0x94,0x80,0xE2,0x94,0x80,0xE2,0x94,0x80,0xE2,0x94,0x80,
    0xE2,0x94,0x80,0xE2,0x94,0x80,0xE2,0x94,0x80,0xE2,0x94,0x80,
    0xE2,0x94,0x80,0xE2,0x94,0x80,0xE2,0x94,0x80,0xE2,0x94,0x80,
    0xE2,0x94,0x80,0xE2,0x94,0x80,0xE2,0x94,0x80,0xE2,0x94,0x80,
    0xE2,0x94,0x80,0xE2,0x94,0x80,0xE2,0x94,0x80,0xE2,0x94,0x80,
    0xE2,0x94,0x80,0xE2,0x94,0x80,0xE2,0x94,0x80,0xE2,0x94,0x80,
    0xE2,0x94,0x80,0xE2,0x94,0x80,0xE2,0x94,0x80,0xE2,0x94,0x80,
    0xE2,0x94,0x80,0xE2,0x94,0x80,0xE2,0x94,0x80,0xE2,0x94,0x80,
    0xE2,0x94,0x80,0xE2,0x94,0x80,0xE2,0x94,0x80,0xE2,0x94,0x80,
    0xE2,0x94,0x80,0xE2,0x94,0x80,0xE2,0x94,0x80,0xE2,0x94,0x80,
    0xE2,0x94,0x80,0xE2,0x94,0x80,0xE2,0x94,0x80,0xE2,0x94,0x80,
    0xE2,0x94,0x80,0xE2,0x94,0x80,0xE2,0x94,0x80,0xE2,0x94,0x80,
    0xE2,0x94,0x80,0xE2,0x94,0x80,0xE2,0x94,0x80,0xE2,0x94,0x80,
    0xE2,0x94,0x80,0xE2,0x94,0x80,0xE2,0x94,0x80,0xE2,0x94,0x80,
    0xE2,0x94,0x80,0xE2,0x94,0x80,0xE2,0x94,0x80,0xE2,0x94,0x80,
    0xE2,0x94,0x80,0xE2,0x94,0x80,0xE2,0x94,0x80,0xE2,0x94,0x80,
    0xE2,0x94,0x80,0xE2,0x94,0x80,0xE2,0x94,0x80,0xE2,0x94,0x80,
    0xE2,0x94,0x80,0xE2,0x94,0x80,0x27,0x20,0x2D,0x46,0x6F,0x72,
    0x65,0x67,0x72,0x6F,0x75,0x6E,0x64,0x43,0x6F,0x6C,0x6F,0x72,
    0x20,0x44,0x61,0x72,0x6B,0x47,0x72,0x61,0x79,0x3B,0x20,0x22,
    0x20,0x5E,0x0D,0x0A,0x20,0x20,0x20,0x20,0x22,0x57,0x72,0x69,
    0x74,0x65,0x2D,0x48,0x6F,0x73,0x74,0x20,0x27,0x20,0x20,0x20,
    0x20,0xE2,0x9C,0x94,0x20,0x53,0x43,0x41,0x4E,0x20,0x43,0x4F,
    0x4D,0x50,0x4C,0x45,0x54,0x45,0x44,0x20,0x53,0x55,0x43,0x43,
    0x45,0x53,0x53,0x46,0x55,0x4C,0x4C,0x59,0x27,0x20,0x2D,0x46,
    0x6F,0x72,0x65,0x67,0x72,0x6F,0x75,0x6E,0x64,0x43,0x6F,0x6C,
    0x6F,0x72,0x20,0x47,0x72,0x65,0x65,0x6E,0x3B,0x20,0x57,0x72,
    0x69,0x74,0x65,0x2D,0x48,0x6F,0x73,0x74,0x20,0x27,0x20,0x20,
    0x20,0xE2,0x94,0x80,0xE2,0x94,0x80,0xE2,0x94,0x80,0xE2,0x94,
    0x80,0xE2,0x94,0x80,0xE2,0x94,0x80,0xE2,0x94,0x80,0xE2,0x94,
    0x80,0xE2,0x94,0x80,0xE2,0x94,0x80,0xE2,0x94,0x80,0xE2,0x94,
    0x80,0xE2,0x94,0x80,0xE2,0x94,0x80,0xE2,0x94,0x80,0xE2,0x94,
    0x80,0xE2,0x94,0x80,0xE2,0x94,0x80,0xE2,0x94,0x80,0xE2,0x94,
    0x80,0xE2,0x94,0x80,0xE2,0x94,0x80,0xE2,0x94,0x80,0xE2,0x94,
    0x80,0xE2,0x94,0x80,0xE2,0x94,0x80,0xE2,0x94,0x80,0xE2,0x94,
    0x80,0xE2,0x94,0x80,0xE2,0x94,0x80,0xE2,0x94,0x80,0xE2,0x94,
    0x80,0xE2,0x94,0x80,0xE2,0x94,0x80,0xE2,0x94,0x80,0xE2,0x94,
    0x80,0xE2,0x94,0x80,0xE2,0x94,0x80,0xE2,0x94,0x80,0xE2,0x94,
    0x80,0xE2,0x94,0x80,0xE2,0x94,0x80,0xE2,0x94,0x80,0xE2,0x94,
    0x80,0xE2,0x94,0x80,0xE2,0x94,0x80,0xE2,0x94,0x80,0xE2,0x94,
    0x80,0xE2,0x94,0x80,0xE2,0x94,0x80,0xE2,0x94,0x80,0xE2,0x94,
    0x80,0xE2,0x94,0x80,0xE2,0x94,0x80,0xE2,0x94,0x80,0xE2,0x94,
    0x80,0xE2,0x94,0x80,0xE2,0x94,0x80,0xE2,0x94,0x80,0xE2,0x94,
    0x80,0xE2,0x94,0x80,0xE2,0x94,0x80,0xE2,0x94,0x80,0xE2,0x94,
    0x80,0xE2,0x94,0x80,0xE2,0x94,0x80,0xE2,0x94,0x80,0xE2,0x94,
    0x80,0xE2,0x94,0x80,0xE2,0x94,0x80,0xE2,0x94,0x80,0xE2,0x94,
    0x80,0xE2,0x94,0x80,0xE2,0x94,0x80,0x27,0x20,0x2D,0x46,0x6F,
    0x72,0x65,0x67,0x72,0x6F,0x75,0x6E,0x64,0x43,0x6F,0x6C,0x6F,
    0x72,0x20,0x44,0x61,0x72,0x6B,0x47,0x72,0x61,0x79,0x3B,0x20,
    0x57,0x72,0x69,0x74,0x65,0x2D,0x48,0x6F,0x73,0x74,0x20,0x27,
    0x27,0x3B,0x20,0x22,0x20,0x5E,0x0D,0x0A,0x20,0x20,0x20,0x20,
    0x22,0x57,0x72,0x69,0x74,0x65,0x2D,0x48,0x6F,0x73,0x74,0x20,
    0x28,0x27,0x20,0x20,0x20,0x20,0x46,0x6F,0x6C,0x64,0x65,0x72,
    0x73,0x20,0x53,0x63,0x61,0x6E,0x6E,0x65,0x64,0x20,0x3A,0x20,
    0x20,0x7B,0x30,0x3A,0x4E,0x30,0x7D,0x27,0x20,0x2D,0x66,0x20,
    0x24,0x67,0x6C,0x6F,0x62,0x61,0x6C,0x3A,0x64,0x29,0x20,0x2D,
    0x46,0x6F,0x72,0x65,0x67,0x72,0x6F,0x75,0x6E,0x64,0x43,0x6F,
    0x6C,0x6F,0x72,0x20,0x43,0x79,0x61,0x6E,0x3B,0x20,0x22,0x20,
    0x5E,0x0D,0x0A,0x20,0x20,0x20,0x20,0x22,0x57,0x72,0x69,0x74,
    0x65,0x2D,0x48,0x6F,0x73,0x74,0x20,0x28,0x27,0x20,0x20,0x20,
    0x20,0x46,0x69,0x6C,0x65,0x73,0x20,0x50,0x72,0x6F,0x63,0x65,
    0x73,0x73,0x65,0x64,0x20,0x3A,0x20,0x20,0x7B,0x30,0x3A,0x4E,
    0x30,0x7D,0x27,0x20,0x2D,0x66,0x20,0x24,0x67,0x6C,0x6F,0x62,
    0x61,0x6C,0x3A,0x66,0x29,0x20,0x2D,0x46,0x6F,0x72,0x65,0x67,
    0x72,0x6F,0x75,0x6E,0x64,0x43,0x6F,0x6C,0x6F,0x72,0x20,0x43,
    0x79,0x61,0x6E,0x3B,0x20,0x22,0x20,0x5E,0x0D,0x0A,0x20,0x20,
    0x20,0x20,0x22,0x57,0x72,0x69,0x74,0x65,0x2D,0x48,0x6F,0x73,
    0x74,0x20,0x28,0x27,0x20,0x20,0x20,0x20,0x54,0x6F,0x74,0x61,
    0x6C,0x20,0x44,0x61,0x74,0x61,0x20,0x53,0x69,0x7A,0x65,0x20,
    0x3A,0x20,0x20,0x7B,0x30,0x7D,0x20,0x28,0x7B,0x31,0x3A,0x4E,
    0x30,0x7D,0x20,0x42,0x79,0x74,0x65,0x73,0x29,0x27,0x20,0x2D,
    0x66,0x20,0x24,0x74,0x6F,0x74,0x53,0x7A,0x2C,0x20,0x24,0x67,
    0x6C,0x6F,0x62,0x61,0x6C,0x3A,0x73,0x7A,0x29,0x20,0x2D,0x46,
    0x6F,0x72,0x65,0x67,0x72,0x6F,0x75,0x6E,0x64,0x43,0x6F,0x6C,
    0x6F,0x72,0x20,0x59,0x65,0x6C,0x6C,0x6F,0x77,0x3B,0x20,0x22,
    0x20,0x5E,0x0D,0x0A,0x20,0x20,0x20,0x20,0x22,0x57,0x72,0x69,
    0x74,0x65,0x2D,0x48,0x6F,0x73,0x74,0x20,0x28,0x27,0x20,0x20,
    0x20,0x20,0x45,0x78,0x65,0x63,0x75,0x74,0x69,0x6F,0x6E,0x20,
    0x54,0x69,0x6D,0x65,0x20,0x20,0x3A,0x20,0x20,0x7B,0x30,0x3A,
    0x4E,0x32,0x7D,0x20,0x53,0x65,0x63,0x6F,0x6E,0x64,0x73,0x27,
    0x20,0x2D,0x66,0x20,0x24,0x73,0x77,0x2E,0x45,0x6C,0x61,0x70,
    0x73,0x65,0x64,0x2E,0x54,0x6F,0x74,0x61,0x6C,0x53,0x65,0x63,
    0x6F,0x6E,0x64,0x73,0x29,0x20,0x2D,0x46,0x6F,0x72,0x65,0x67,
    0x72,0x6F,0x75,0x6E,0x64,0x43,0x6F,0x6C,0x6F,0x72,0x20,0x57,
    0x68,0x69,0x74,0x65,0x3B,0x20,0x57,0x72,0x69,0x74,0x65,0x2D,
    0x48,0x6F,0x73,0x74,0x20,0x27,0x27,0x3B,0x20,0x22,0x20,0x5E,
    0x0D,0x0A,0x20,0x20,0x20,0x20,0x22,0x57,0x72,0x69,0x74,0x65,
    0x2D,0x48,0x6F,0x73,0x74,0x20,0x27,0x20,0x20,0x20,0xE2,0x95,
    0x90,0xE2,0x95,0x90,0xE2,0x95,0x90,0xE2,0x95,0x90,0xE2,0x95,
    0x90,0xE2,0x95,0x90,0xE2,0x95,0x90,0xE2,0x95,0x90,0xE2,0x95,
    0x90,0xE2,0x95,0x90,0xE2,0x95,0x90,0xE2,0x95,0x90,0xE2,0x95,
    0x90,0xE2,0x95,0x90,0xE2,0x95,0x90,0xE2,0x95,0x90,0xE2,0x95,
    0x90,0xE2,0x95,0x90,0xE2,0x95,0x90,0xE2,0x95,0x90,0xE2,0x95,
    0x90,0xE2,0x95,0x90,0xE2,0x95,0x90,0xE2,0x95,0x90,0xE2,0x95,
    0x90,0xE2,0x95,0x90,0xE2,0x95,0x90,0xE2,0x95,0x90,0xE2,0x95,
    0x90,0xE2,0x95,0x90,0xE2,0x95,0x90,0xE2,0x95,0x90,0xE2,0x95,
    0x90,0xE2,0x95,0x90,0xE2,0x95,0x90,0xE2,0x95,0x90,0xE2,0x95,
    0x90,0xE2,0x95,0x90,0xE2,0x95,0x90,0xE2,0x95,0x90,0xE2,0x95,
    0x90,0xE2,0x95,0x90,0xE2,0x95,0x90,0xE2,0x95,0x90,0xE2,0x95,
    0x90,0xE2,0x95,0x90,0xE2,0x95,0x90,0xE2,0x95,0x90,0xE2,0x95,
    0x90,0xE2,0x95,0x90,0xE2,0x95,0x90,0xE2,0x95,0x90,0xE2,0x95,
    0x90,0xE2,0x95,0x90,0xE2,0x95,0x90,0xE2,0x95,0x90,0xE2,0x95,
    0x90,0xE2,0x95,0x90,0xE2,0x95,0x90,0xE2,0x95,0x90,0xE2,0x95,
    0x90,0xE2,0x95,0x90,0xE2,0x95,0x90,0xE2,0x95,0x90,0xE2,0x95,
    0x90,0xE2,0x95,0x90,0xE2,0x95,0x90,0xE2,0x95,0x90,0xE2,0x95,
    0x90,0xE2,0x95,0x90,0xE2,0x95,0x90,0xE2,0x95,0x90,0xE2,0x95,
    0x90,0xE2,0x95,0x90,0x27,0x20,0x2D,0x46,0x6F,0x72,0x65,0x67,
    0x72,0x6F,0x75,0x6E,0x64,0x43,0x6F,0x6C,0x6F,0x72,0x20,0x44,
    0x61,0x72,0x6B,0x47,0x72,0x61,0x79,0x3B,0x20,0x22,0x20,0x5E,
    0x0D,0x0A,0x20,0x20,0x20,0x20,0x22,0x57,0x72,0x69,0x74,0x65,
    0x2D,0x48,0x6F,0x73,0x74,0x20,0x27,0x20,0x20,0x20,0x20,0xE2,
    0x9C,0x94,0x20,0x45,0x78,0x70,0x6F,0x72,0x74,0x65,0x64,0x20,
    0x54,0x6F,0x20,0x20,0x20,0x3A,0x20,0x46,0x69,0x6C,0x65,0x20,
    0x4C,0x69,0x73,0x74,0x20,0x4C,0x6F,0x67,0x2E,0x74,0x78,0x74,
    0x27,0x20,0x2D,0x46,0x6F,0x72,0x65,0x67,0x72,0x6F,0x75,0x6E,
    0x64,0x43,0x6F,0x6C,0x6F,0x72,0x20,0x47,0x72,0x65,0x65,0x6E,
    0x3B,0x20,0x22,0x20,0x5E,0x0D,0x0A,0x20,0x20,0x20,0x20,0x22,
    0x57,0x72,0x69,0x74,0x65,0x2D,0x48,0x6F,0x73,0x74,0x20,0x27,
    0x20,0x20,0x20,0xE2,0x95,0x90,0xE2,0x95,0x90,0xE2,0x95,0x90,
    0xE2,0x95,0x90,0xE2,0x95,0x90,0xE2,0x95,0x90,0xE2,0x95,0x90,
    0xE2,0x95,0x90,0xE2,0x95,0x90,0xE2,0x95,0x90,0xE2,0x95,0x90,
    0xE2,0x95,0x90,0xE2,0x95,0x90,0xE2,0x95,0x90,0xE2,0x95,0x90,
    0xE2,0x95,0x90,0xE2,0x95,0x90,0xE2,0x95,0x90,0xE2,0x95,0x90,
    0xE2,0x95,0x90,0xE2,0x95,0x90,0xE2,0x95,0x90,0xE2,0x95,0x90,
    0xE2,0x95,0x90,0xE2,0x95,0x90,0xE2,0x95,0x90,0xE2,0x95,0x90,
    0xE2,0x95,0x90,0xE2,0x95,0x90,0xE2,0x95,0x90,0xE2,0x95,0x90,
    0xE2,0x95,0x90,0xE2,0x95,0x90,0xE2,0x95,0x90,0xE2,0x95,0x90,
    0xE2,0x95,0x90,0xE2,0x95,0x90,0xE2,0x95,0x90,0xE2,0x95,0x90,
    0xE2,0x95,0x90,0xE2,0x95,0x90,0xE2,0x95,0x90,0xE2,0x95,0x90,
    0xE2,0x95,0x90,0xE2,0x95,0x90,0xE2,0x95,0x90,0xE2,0x95,0x90,
    0xE2,0x95,0x90,0xE2,0x95,0x90,0xE2,0x95,0x90,0xE2,0x95,0x90,
    0xE2,0x95,0x90,0xE2,0x95,0x90,0xE2,0x95,0x90,0xE2,0x95,0x90,
    0xE2,0x95,0x90,0xE2,0x95,0x90,0xE2,0x95,0x90,0xE2,0x95,0x90,
    0xE2,0x95,0x90,0xE2,0x95,0x90,0xE2,0x95,0x90,0xE2,0x95,0x90,
    0xE2,0x95,0x90,0xE2,0x95,0x90,0xE2,0x95,0x90,0xE2,0x95,0x90,
    0xE2,0x95,0x90,0xE2,0x95,0x90,0xE2,0x95,0x90,0xE2,0x95,0x90,
    0xE2,0x95,0x90,0xE2,0x95,0x90,0xE2,0x95,0x90,0x27,0x20,0x2D,
    0x46,0x6F,0x72,0x65,0x67,0x72,0x6F,0x75,0x6E,0x64,0x43,0x6F,
    0x6C,0x6F,0x72,0x20,0x44,0x61,0x72,0x6B,0x47,0x72,0x61,0x79,
    0x3B,0x22,0x0D,0x0A,0x0D,0x0A,0x65,0x63,0x68,0x6F,0x2E,0x0D,
    0x0A,0x65,0x63,0x68,0x6F,0x20,0x20,0x20,0x20,0x43,0x6C,0x6F,
    0x73,0x69,0x6E,0x67,0x20,0x61,0x75,0x74,0x6F,0x6D,0x61,0x74,
    0x69,0x63,0x61,0x6C,0x6C,0x79,0x20,0x69,0x6E,0x20,0x35,0x20,
    0x73,0x65,0x63,0x6F,0x6E,0x64,0x73,0x20,0x28,0x6F,0x72,0x20,
    0x70,0x72,0x65,0x73,0x73,0x20,0x61,0x6E,0x79,0x20,0x6B,0x65,
    0x79,0x29,0x2E,0x2E,0x2E,0x0D,0x0A,0x74,0x69,0x6D,0x65,0x6F,
    0x75,0x74,0x20,0x2F,0x74,0x20,0x35,0x20,0x3E,0x20,0x6E,0x75,
    0x6C,0x0D,0x0A
};
static const unsigned int PAYLOAD_TREE_LEN = 7059u;

static const unsigned char PAYLOAD_SHA256[] = {
    0x40,0x65,0x63,0x68,0x6F,0x20,0x6F,0x66,0x66,0x0D,0x0A,0x63,
    0x68,0x63,0x70,0x20,0x36,0x35,0x30,0x30,0x31,0x20,0x3E,0x20,
    0x6E,0x75,0x6C,0x0D,0x0A,0x73,0x65,0x74,0x6C,0x6F,0x63,0x61,
    0x6C,0x20,0x45,0x6E,0x61,0x62,0x6C,0x65,0x45,0x78,0x74,0x65,
    0x6E,0x73,0x69,0x6F,0x6E,0x73,0x0D,0x0A,0x74,0x69,0x74,0x6C,
    0x65,0x20,0x44,0x69,0x72,0x65,0x63,0x74,0x6F,0x72,0x79,0x20,
    0x54,0x72,0x65,0x65,0x2C,0x20,0x4D,0x65,0x74,0x61,0x64,0x61,
    0x74,0x61,0x20,0x26,0x20,0x53,0x48,0x41,0x2D,0x32,0x35,0x36,
    0x20,0x41,0x75,0x64,0x69,0x74,0x6F,0x72,0x0D,0x0A,0x0D,0x0A,
    0x3A,0x3A,0x20,0xD8,0xAF,0xD8,0xB1,0xDB,0x8C,0xD8,0xA7,0xD9,
    0x81,0xD8,0xAA,0x20,0xD9,0x85,0xD8,0xB3,0xDB,0x8C,0xD8,0xB1,
    0xD9,0x87,0xD8,0xA7,0x0D,0x0A,0x73,0x65,0x74,0x20,0x22,0x4C,
    0x4F,0x47,0x46,0x49,0x4C,0x45,0x3D,0x25,0x7E,0x64,0x70,0x30,
    0x46,0x69,0x6C,0x65,0x20,0x4C,0x69,0x73,0x74,0x20,0x4C,0x6F,
    0x67,0x2E,0x74,0x78,0x74,0x22,0x0D,0x0A,0x73,0x65,0x74,0x20,
    0x22,0x54,0x41,0x52,0x47,0x45,0x54,0x5F,0x44,0x49,0x52,0x3D,
    0x25,0x7E,0x64,0x70,0x30,0x22,0x0D,0x0A,0x0D,0x0A,0x63,0x6C,
    0x73,0x0D,0x0A,0x65,0x63,0x68,0x6F,0x2E,0x0D,0x0A,0x65,0x63,
    0x68,0x6F,0x20,0x20,0x20,0x20,0xE2,0x95,0x94,0xE2,0x95,0x90,
    0xE2,0x95,0x90,0xE2,0x95,0x90,0xE2,0x95,0x90,0xE2,0x95,0x90,
    0xE2,0x95,0x90,0xE2,0x95,0x90,0xE2,0x95,0x90,0xE2,0x95,0x90,
    0xE2,0x95,0x90,0xE2,0x95,0x90,0xE2,0x95,0x90,0xE2,0x95,0x90,
    0xE2,0x95,0x90,0xE2,0x95,0x90,0xE2,0x95,0x90,0xE2,0x95,0x90,
    0xE2,0x95,0x90,0xE2,0x95,0x90,0xE2,0x95,0x90,0xE2,0x95,0x90,
    0xE2,0x95,0x90,0xE2,0x95,0x90,0xE2,0x95,0x90,0xE2,0x95,0x90,
    0xE2,0x95,0x90,0xE2,0x95,0x90,0xE2,0x95,0x90,0xE2,0x95,0x90,
    0xE2,0x95,0x90,0xE2,0x95,0x90,0xE2,0x95,0x90,0xE2,0x95,0x90,
    0xE2,0x95,0x90,0xE2,0x95,0x90,0xE2,0x95,0x90,0xE2,0x95,0x90,
    0xE2,0x95,0x90,0xE2,0x95,0x90,0xE2,0x95,0x90,0xE2,0x95,0x90,
    0xE2,0x95,0x90,0xE2,0x95,0x90,0xE2,0x95,0x90,0xE2,0x95,0x90,
    0xE2,0x95,0x90,0xE2,0x95,0x90,0xE2,0x95,0x90,0xE2,0x95,0x90,
    0xE2,0x95,0x90,0xE2,0x95,0x90,0xE2,0x95,0x90,0xE2,0x95,0x90,
    0xE2,0x95,0x90,0xE2,0x95,0x90,0xE2,0x95,0x90,0xE2,0x95,0x90,
    0xE2,0x95,0x90,0xE2,0x95,0x90,0xE2,0x95,0x90,0xE2,0x95,0x90,
    0xE2,0x95,0x90,0xE2,0x95,0x90,0xE2,0x95,0x90,0xE2,0x95,0x90,
    0xE2,0x95,0x90,0xE2,0x95,0x90,0xE2,0x95,0x90,0xE2,0x95,0x90,
    0xE2,0x95,0x90,0xE2,0x95,0x90,0xE2,0x95,0x90,0xE2,0x95,0x97,
    0x0D,0x0A,0x65,0x63,0x68,0x6F,0x20,0x20,0x20,0x20,0xE2,0x95,
    0x91,0x20,0x20,0x20,0x20,0x20,0x20,0x20,0x20,0x20,0x20,0x20,
    0x20,0x20,0x20,0x20,0x20,0x44,0x49,0x52,0x45,0x43,0x54,0x4F,
    0x52,0x59,0x20,0x41,0x55,0x44,0x49,0x54,0x4F,0x52,0x20,0x5E,
    0x26,0x20,0x46,0x49,0x4C,0x45,0x20,0x53,0x54,0x52,0x55,0x43,
    0x54,0x55,0x52,0x45,0x20,0x54,0x52,0x45,0x45,0x20,0x20,0x20,
    0x20,0x20,0x20,0x20,0x20,0x20,0x20,0x20,0x20,0x20,0x20,0x20,
    0x20,0x20,0xE2,0x95,0x91,0x0D,0x0A,0x65,0x63,0x68,0x6F,0x20,
    0x20,0x20,0x20,0xE2,0x95,0x91,0x20,0x20,0x20,0x20,0x20,0x20,
    0x20,0x20,0x20,0x20,0x20,0x20,0x20,0x20,0x20,0x48,0x69,0x67,
    0x68,0x2D,0x50,0x72,0x65,0x63,0x69,0x73,0x69,0x6F,0x6E,0x20,
    0x46,0x69,0x6C,0x65,0x20,0x4D,0x65,0x74,0x61,0x64,0x61,0x74,
    0x61,0x20,0x5E,0x26,0x20,0x53,0x48,0x41,0x2D,0x32,0x35,0x36,
    0x20,0x52,0x65,0x70,0x6F,0x72,0x74,0x20,0x20,0x20,0x20,0x20,
    0x20,0x20,0x20,0x20,0x20,0x20,0x20,0x20,0xE2,0x95,0x91,0x0D,
    0x0A,0x65,0x63,0x68,0x6F,0x20,0x20,0x20,0x20,0xE2,0x95,0x9A,
    0xE2,0x95,0x90,0xE2,0x95,0x90,0xE2,0x95,0x90,0xE2,0x95,0x90,
    0xE2,0x95,0x90,0xE2,0x95,0x90,0xE2,0x95,0x90,0xE2,0x95,0x90,
    0xE2,0x95,0x90,0xE2,0x95,0x90,0xE2,0x95,0x90,0xE2,0x95,0x90,
    0xE2,0x95,0x90,0xE2,0x95,0x90,0xE2,0x95,0x90,0xE2,0x95,0x90,
    0xE2,0x95,0x90,0xE2,0x95,0x90,0xE2,0x95,0x90,0xE2,0x95,0x90,
    0xE2,0x95,0x90,0xE2,0x95,0x90,0xE2,0x95,0x90,0xE2,0x95,0x90,
    0xE2,0x95,0x90,0xE2,0x95,0x90,0xE2,0x95,0x90,0xE2,0x95,0x90,
    0xE2,0x95,0x90,0xE2,0x95,0x90,0xE2,0x95,0x90,0xE2,0x95,0x90,
    0xE2,0x95,0x90,0xE2,0x95,0x90,0xE2,0x95,0x90,0xE2,0x95,0x90,
    0xE2,0x95,0x90,0xE2,0x95,0x90,0xE2,0x95,0x90,0xE2,0x95,0x90,
    0xE2,0x95,0x90,0xE2,0x95,0x90,0xE2,0x95,0x90,0xE2,0x95,0x90,
    0xE2,0x95,0x90,0xE2,0x95,0x90,0xE2,0x95,0x90,0xE2,0x95,0x90,
    0xE2,0x95,0x90,0xE2,0x95,0x90,0xE2,0x95,0x90,0xE2,0x95,0x90,
    0xE2,0x95,0x90,0xE2,0x95,0x90,0xE2,0x95,0x90,0xE2,0x95,0x90,
    0xE2,0x95,0x90,0xE2,0x95,0x90,0xE2,0x95,0x90,0xE2,0x95,0x90,
    0xE2,0x95,0x90,0xE2,0x95,0x90,0xE2,0x95,0x90,0xE2,0x95,0x90,
    0xE2,0x95,0x90,0xE2,0x95,0x90,0xE2,0x95,0x90,0xE2,0x95,0x90,
    0xE2,0x95,0x90,0xE2,0x95,0x90,0xE2,0x95,0x90,0xE2,0x95,0x90,
    0xE2,0x95,0x9D,0x0D,0x0A,0x65,0x63,0x68,0x6F,0x2E,0x0D,0x0A,
    0x65,0x63,0x68,0x6F,0x20,0x20,0x20,0x20,0x20,0x54,0x61,0x72,
    0x67,0x65,0x74,0x20,0x50,0x61,0x74,0x68,0x20,0x20,0x3A,0x20,
    0x20,0x25,0x54,0x41,0x52,0x47,0x45,0x54,0x5F,0x44,0x49,0x52,
    0x25,0x0D,0x0A,0x65,0x63,0x68,0x6F,0x20,0x20,0x20,0x20,0x20,
    0x4F,0x75,0x74,0x70,0x75,0x74,0x20,0x46,0x69,0x6C,0x65,0x20,
    0x20,0x3A,0x20,0x20,0x25,0x4C,0x4F,0x47,0x46,0x49,0x4C,0x45,
    0x25,0x0D,0x0A,0x65,0x63,0x68,0x6F,0x2E,0x0D,0x0A,0x65,0x63,
    0x68,0x6F,0x20,0x20,0x20,0x20,0xE2,0x94,0x80,0xE2,0x94,0x80,
    0xE2,0x94,0x80,0xE2,0x94,0x80,0xE2,0x94,0x80,0xE2,0x94,0x80,
    0xE2,0x94,0x80,0xE2,0x94,0x80,0xE2,0x94,0x80,0xE2,0x94,0x80,
    0xE2,0x94,0x80,0xE2,0x94,0x80,0xE2,0x94,0x80,0xE2,0x94,0x80,
    0xE2,0x94,0x80,0xE2,0x94,0x80,0xE2,0x94,0x80,0xE2,0x94,0x80,
    0xE2,0x94,0x80,0xE2,0x94,0x80,0xE2,0x94,0x80,0xE2,0x94,0x80,
    0xE2,0x94,0x80,0xE2,0x94,0x80,0xE2,0x94,0x80,0xE2,0x94,0x80,
    0xE2,0x94,0x80,0xE2,0x94,0x80,0xE2,0x94,0x80,0xE2,0x94,0x80,
    0xE2,0x94,0x80,0xE2,0x94,0x80,0xE2,0x94,0x80,0xE2,0x94,0x80,
    0xE2,0x94,0x80,0xE2,0x94,0x80,0xE2,0x94,0x80,0xE2,0x94,0x80,
    0xE2,0x94,0x80,0xE2,0x94,0x80,0xE2,0x94,0x80,0xE2,0x94,0x80,
    0xE2,0x94,0x80,0xE2,0x94,0x80,0xE2,0x94,0x80,0xE2,0x94,0x80,
    0xE2,0x94,0x80,0xE2,0x94,0x80,0xE2,0x94,0x80,0xE2,0x94,0x80,
    0xE2,0x94,0x80,0xE2,0x94,0x80,0xE2,0x94,0x80,0xE2,0x94,0x80,
    0xE2,0x94,0x80,0xE2,0x94,0x80,0xE2,0x94,0x80,0xE2,0x94,0x80,
    0xE2,0x94,0x80,0xE2,0x94,0x80,0xE2,0x94,0x80,0xE2,0x94,0x80,
    0xE2,0x94,0x80,0xE2,0x94,0x80,0xE2,0x94,0x80,0xE2,0x94,0x80,
    0xE2,0x94,0x80,0xE2,0x94,0x80,0xE2,0x94,0x80,0xE2,0x94,0x80,
    0xE2,0x94,0x80,0xE2,0x94,0x80,0xE2,0x94,0x80,0xE2,0x94,0x80,
    0x0D,0x0A,0x65,0x63,0x68,0x6F,0x20,0x20,0x20,0x20,0x20,0x53,
    0x54,0x41,0x54,0x55,0x53,0x20,0x20,0x20,0x20,0x20,0x20,0x20,
    0x3A,0x20,0x20,0x53,0x63,0x61,0x6E,0x6E,0x69,0x6E,0x67,0x20,
    0x64,0x69,0x72,0x65,0x63,0x74,0x6F,0x72,0x79,0x20,0x73,0x74,
    0x72,0x75,0x63,0x74,0x75,0x72,0x65,0x2C,0x20,0x6D,0x65,0x74,
    0x61,0x64,0x61,0x74,0x61,0x20,0x5E,0x26,0x20,0x53,0x48,0x41,
    0x2D,0x32,0x35,0x36,0x2E,0x2E,0x2E,0x0D,0x0A,0x65,0x63,0x68,
    0x6F,0x20,0x20,0x20,0x20,0xE2,0x94,0x80,0xE2,0x94,0x80,0xE2,
    0x94,0x80,0xE2,0x94,0x80,0xE2,0x94,0x80,0xE2,0x94,0x80,0xE2,
    0x94,0x80,0xE2,0x94,0x80,0xE2,0x94,0x80,0xE2,0x94,0x80,0xE2,
    0x94,0x80,0xE2,0x94,0x80,0xE2,0x94,0x80,0xE2,0x94,0x80,0xE2,
    0x94,0x80,0xE2,0x94,0x80,0xE2,0x94,0x80,0xE2,0x94,0x80,0xE2,
    0x94,0x80,0xE2,0x94,0x80,0xE2,0x94,0x80,0xE2,0x94,0x80,0xE2,
    0x94,0x80,0xE2,0x94,0x80,0xE2,0x94,0x80,0xE2,0x94,0x80,0xE2,
    0x94,0x80,0xE2,0x94,0x80,0xE2,0x94,0x80,0xE2,0x94,0x80,0xE2,
    0x94,0x80,0xE2,0x94,0x80,0xE2,0x94,0x80,0xE2,0x94,0x80,0xE2,
    0x94,0x80,0xE2,0x94,0x80,0xE2,0x94,0x80,0xE2,0x94,0x80,0xE2,
    0x94,0x80,0xE2,0x94,0x80,0xE2,0x94,0x80,0xE2,0x94,0x80,0xE2,
    0x94,0x80,0xE2,0x94,0x80,0xE2,0x94,0x80,0xE2,0x94,0x80,0xE2,
    0x94,0x80,0xE2,0x94,0x80,0xE2,0x94,0x80,0xE2,0x94,0x80,0xE2,
    0x94,0x80,0xE2,0x94,0x80,0xE2,0x94,0x80,0xE2,0x94,0x80,0xE2,
    0x94,0x80,0xE2,0x94,0x80,0xE2,0x94,0x80,0xE2,0x94,0x80,0xE2,
    0x94,0x80,0xE2,0x94,0x80,0xE2,0x94,0x80,0xE2,0x94,0x80,0xE2,
    0x94,0x80,0xE2,0x94,0x80,0xE2,0x94,0x80,0xE2,0x94,0x80,0xE2,
    0x94,0x80,0xE2,0x94,0x80,0xE2,0x94,0x80,0xE2,0x94,0x80,0xE2,
    0x94,0x80,0xE2,0x94,0x80,0xE2,0x94,0x80,0xE2,0x94,0x80,0x0D,
    0x0A,0x0D,0x0A,0x70,0x6F,0x77,0x65,0x72,0x73,0x68,0x65,0x6C,
    0x6C,0x20,0x2D,0x4E,0x6F,0x50,0x72,0x6F,0x66,0x69,0x6C,0x65,
    0x20,0x2D,0x45,0x78,0x65,0x63,0x75,0x74,0x69,0x6F,0x6E,0x50,
    0x6F,0x6C,0x69,0x63,0x79,0x20,0x42,0x79,0x70,0x61,0x73,0x73,
    0x20,0x2D,0x43,0x6F,0x6D,0x6D,0x61,0x6E,0x64,0x20,0x5E,0x0D,
    0x0A,0x20,0x20,0x20,0x20,0x22,0x24,0x4F,0x75,0x74,0x70,0x75,
    0x74,0x45,0x6E,0x63,0x6F,0x64,0x69,0x6E,0x67,0x3D,0x5B,0x43,
    0x6F,0x6E,0x73,0x6F,0x6C,0x65,0x5D,0x3A,0x3A,0x4F,0x75,0x74,
    0x70,0x75,0x74,0x45,0x6E,0x63,0x6F,0x64,0x69,0x6E,0x67,0x3D,
    0x5B,0x53,0x79,0x73,0x74,0x65,0x6D,0x2E,0x54,0x65,0x78,0x74,
    0x2E,0x45,0x6E,0x63,0x6F,0x64,0x69,0x6E,0x67,0x5D,0x3A,0x3A,
    0x55,0x54,0x46,0x38,0x3B,0x20,0x24,0x74,0x3D,0x24,0x65,0x6E,
    0x76,0x3A,0x54,0x41,0x52,0x47,0x45,0x54,0x5F,0x44,0x49,0x52,
    0x3B,0x20,0x69,0x66,0x28,0x24,0x74,0x2E,0x4C,0x65,0x6E,0x67,
    0x74,0x68,0x20,0x2D,0x67,0x74,0x20,0x33,0x29,0x7B,0x24,0x74,
    0x3D,0x24,0x74,0x2E,0x54,0x72,0x69,0x6D,0x45,0x6E,0x64,0x28,
    0x5B,0x63,0x68,0x61,0x72,0x5D,0x39,0x32,0x29,0x7D,0x3B,0x20,
    0x24,0x6C,0x6F,0x67,0x3D,0x24,0x65,0x6E,0x76,0x3A,0x4C,0x4F,
    0x47,0x46,0x49,0x4C,0x45,0x3B,0x20,0x24,0x73,0x77,0x3D,0x5B,
    0x53,0x79,0x73,0x74,0x65,0x6D,0x2E,0x44,0x69,0x61,0x67,0x6E,
    0x6F,0x73,0x74,0x69,0x63,0x73,0x2E,0x53,0x74,0x6F,0x70,0x77,
    0x61,0x74,0x63,0x68,0x5D,0x3A,0x3A,0x53,0x74,0x61,0x72,0x74,
    0x4E,0x65,0x77,0x28,0x29,0x3B,0x20,0x22,0x20,0x5E,0x0D,0x0A,
    0x20,0x20,0x20,0x20,0x22,0x24,0x67,0x6C,0x6F,0x62,0x61,0x6C,
    0x3A,0x64,0x3D,0x30,0x3B,0x20,0x24,0x67,0x6C,0x6F,0x62,0x61,
    0x6C,0x3A,0x66,0x3D,0x30,0x3B,0x20,0x24,0x67,0x6C,0x6F,0x62,
    0x61,0x6C,0x3A,0x73,0x7A,0x3D,0x5B,0x6C,0x6F,0x6E,0x67,0x5D,
    0x30,0x3B,0x20,0x22,0x20,0x5E,0x0D,0x0A,0x20,0x20,0x20,0x20,
    0x22,0x66,0x75,0x6E,0x63,0x74,0x69,0x6F,0x6E,0x20,0x46,0x2D,
    0x53,0x7A,0x28,0x5B,0x6C,0x6F,0x6E,0x67,0x5D,0x24,0x62,0x29,
    0x7B,0x20,0x69,0x66,0x28,0x24,0x62,0x20,0x2D,0x67,0x65,0x20,
    0x31,0x47,0x42,0x29,0x7B,0x72,0x65,0x74,0x75,0x72,0x6E,0x20,
    0x28,0x27,0x7B,0x30,0x3A,0x4E,0x32,0x7D,0x20,0x47,0x42,0x27,
    0x20,0x2D,0x66,0x20,0x28,0x24,0x62,0x2F,0x31,0x47,0x42,0x29,
    0x29,0x7D,0x20,0x69,0x66,0x28,0x24,0x62,0x20,0x2D,0x67,0x65,
    0x20,0x31,0x4D,0x42,0x29,0x7B,0x72,0x65,0x74,0x75,0x72,0x6E,
    0x20,0x28,0x27,0x7B,0x30,0x3A,0x4E,0x32,0x7D,0x20,0x4D,0x42,
    0x27,0x20,0x2D,0x66,0x20,0x28,0x24,0x62,0x2F,0x31,0x4D,0x42,
    0x29,0x29,0x7D,0x20,0x69,0x66,0x28,0x24,0x62,0x20,0x2D,0x67,
    0x65,0x20,0x31,0x4B,0x42,0x29,0x7B,0x72,0x65,0x74,0x75,0x72,
    0x6E,0x20,0x28,0x27,0x7B,0x30,0x3A,0x4E,0x32,0x7D,0x20,0x4B,
    0x42,0x27,0x20,0x2D,0x66,0x20,0x28,0x24,0x62,0x2F,0x31,0x4B,
    0x42,0x29,0x29,0x7D,0x20,0x72,0x65,0x74,0x75,0x72,0x6E,0x20,
    0x28,0x27,0x7B,0x30,0x7D,0x20,0x42,0x27,0x20,0x2D,0x66,0x20,
    0x24,0x62,0x29,0x20,0x7D,0x3B,0x20,0x22,0x20,0x5E,0x0D,0x0A,
    0x20,0x20,0x20,0x20,0x22,0x24,0x72,0x65,0x63,0x6F,0x72,0x64,
    0x73,0x3D,0x5B,0x53,0x79,0x73,0x74,0x65,0x6D,0x2E,0x43,0x6F,
    0x6C,0x6C,0x65,0x63,0x74,0x69,0x6F,0x6E,0x73,0x2E,0x47,0x65,
    0x6E,0x65,0x72,0x69,0x63,0x2E,0x4C,0x69,0x73,0x74,0x5B,0x50,
    0x53,0x4F,0x62,0x6A,0x65,0x63,0x74,0x5D,0x5D,0x3A,0x3A,0x6E,
    0x65,0x77,0x28,0x29,0x3B,0x20,0x24,0x72,0x6F,0x6F,0x74,0x3D,
    0x47,0x65,0x74,0x2D,0x49,0x74,0x65,0x6D,0x20,0x2D,0x4C,0x69,
    0x74,0x65,0x72,0x61,0x6C,0x50,0x61,0x74,0x68,0x20,0x24,0x74,
    0x20,0x2D,0x45,0x72,0x72,0x6F,0x72,0x41,0x63,0x74,0x69,0x6F,
    0x6E,0x20,0x53,0x69,0x6C,0x65,0x6E,0x74,0x6C,0x79,0x43,0x6F,
    0x6E,0x74,0x69,0x6E,0x75,0x65,0x3B,0x20,0x22,0x20,0x5E,0x0D,
    0x0A,0x20,0x20,0x20,0x20,0x22,0x24,0x72,0x4D,0x3D,0x69,0x66,
    0x28,0x24,0x72,0x6F,0x6F,0x74,0x29,0x7B,0x24,0x72,0x6F,0x6F,
    0x74,0x2E,0x4C,0x61,0x73,0x74,0x57,0x72,0x69,0x74,0x65,0x54,
    0x69,0x6D,0x65,0x2E,0x54,0x6F,0x53,0x74,0x72,0x69,0x6E,0x67,
    0x28,0x27,0x79,0x79,0x79,0x79,0x2D,0x4D,0x4D,0x2D,0x64,0x64,
    0x20,0x48,0x48,0x3A,0x6D,0x6D,0x3A,0x73,0x73,0x27,0x29,0x7D,
    0x65,0x6C,0x73,0x65,0x7B,0x27,0x20,0x20,0x20,0x20,0x20,0x20,
    0x20,0x20,0x20,0x20,0x20,0x20,0x20,0x20,0x20,0x20,0x20,0x20,
    0x20,0x27,0x7D,0x3B,0x20,0x24,0x72,0x43,0x3D,0x69,0x66,0x28,
    0x24,0x72,0x6F,0x6F,0x74,0x29,0x7B,0x24,0x72,0x6F,0x6F,0x74,
    0x2E,0x43,0x72,0x65,0x61,0x74,0x69,0x6F,0x6E,0x54,0x69,0x6D,
    0x65,0x2E,0x54,0x6F,0x53,0x74,0x72,0x69,0x6E,0x67,0x28,0x27,
    0x79,0x79,0x79,0x79,0x2D,0x4D,0x4D,0x2D,0x64,0x64,0x20,0x48,
    0x48,0x3A,0x6D,0x6D,0x3A,0x73,0x73,0x27,0x29,0x7D,0x65,0x6C,
    0x73,0x65,0x7B,0x27,0x20,0x20,0x20,0x20,0x20,0x20,0x20,0x20,
    0x20,0x20,0x20,0x20,0x20,0x20,0x20,0x20,0x20,0x20,0x20,0x27,
    0x7D,0x3B,0x20,0x22,0x20,0x5E,0x0D,0x0A,0x20,0x20,0x20,0x20,
    0x22,0x24,0x72,0x65,0x63,0x6F,0x72,0x64,0x73,0x2E,0x41,0x64,
    0x64,0x28,0x5B,0x50,0x53,0x43,0x75,0x73,0x74,0x6F,0x6D,0x4F,
    0x62,0x6A,0x65,0x63,0x74,0x5D,0x40,0x7B,0x54,0x3D,0x27,0x2E,
    0x27,0x3B,0x20,0x53,0x3D,0x27,0x3C,0x44,0x49,0x52,0x3E,0x27,
    0x3B,0x20,0x4D,0x3D,0x24,0x72,0x4D,0x3B,0x20,0x43,0x3D,0x24,
    0x72,0x43,0x3B,0x20,0x48,0x3D,0x27,0x2D,0x27,0x7D,0x29,0x3B,
    0x20,0x22,0x20,0x5E,0x0D,0x0A,0x20,0x20,0x20,0x20,0x22,0x66,
    0x75,0x6E,0x63,0x74,0x69,0x6F,0x6E,0x20,0x53,0x63,0x61,0x6E,
    0x2D,0x44,0x69,0x72,0x28,0x24,0x64,0x69,0x72,0x2C,0x20,0x24,
    0x70,0x66,0x78,0x29,0x7B,0x20,0x22,0x20,0x5E,0x0D,0x0A,0x20,
    0x20,0x20,0x20,0x22,0x20,0x20,0x20,0x20,0x24,0x69,0x74,0x65,
    0x6D,0x73,0x3D,0x40,0x28,0x47,0x65,0x74,0x2D,0x43,0x68,0x69,
    0x6C,0x64,0x49,0x74,0x65,0x6D,0x20,0x2D,0x4C,0x69,0x74,0x65,
    0x72,0x61,0x6C,0x50,0x61,0x74,0x68,0x20,0x24,0x64,0x69,0x72,
    0x20,0x2D,0x46,0x6F,0x72,0x63,0x65,0x20,0x2D,0x45,0x72,0x72,
    0x6F,0x72,0x41,0x63,0x74,0x69,0x6F,0x6E,0x20,0x53,0x69,0x6C,
    0x65,0x6E,0x74,0x6C,0x79,0x43,0x6F,0x6E,0x74,0x69,0x6E,0x75,
    0x65,0x20,0x7C,0x20,0x53,0x6F,0x72,0x74,0x2D,0x4F,0x62,0x6A,
    0x65,0x63,0x74,0x20,0x7B,0x2D,0x6E,0x6F,0x74,0x20,0x24,0x5F,
    0x2E,0x50,0x53,0x49,0x73,0x43,0x6F,0x6E,0x74,0x61,0x69,0x6E,
    0x65,0x72,0x7D,0x2C,0x20,0x4E,0x61,0x6D,0x65,0x29,0x3B,0x20,
    0x24,0x63,0x3D,0x24,0x69,0x74,0x65,0x6D,0x73,0x2E,0x43,0x6F,
    0x75,0x6E,0x74,0x3B,0x20,0x22,0x20,0x5E,0x0D,0x0A,0x20,0x20,
    0x20,0x20,0x22,0x20,0x20,0x20,0x20,0x66,0x6F,0x72,0x28,0x24,
    0x69,0x3D,0x30,0x3B,0x20,0x24,0x69,0x20,0x2D,0x6C,0x74,0x20,
    0x24,0x63,0x3B,0x20,0x24,0x69,0x2B,0x2B,0x29,0x7B,0x20,0x22,
    0x20,0x5E,0x0D,0x0A,0x20,0x20,0x20,0x20,0x22,0x20,0x20,0x20,
    0x20,0x20,0x20,0x20,0x20,0x24,0x69,0x74,0x3D,0x24,0x69,0x74,
    0x65,0x6D,0x73,0x5B,0x24,0x69,0x5D,0x3B,0x20,0x69,0x66,0x28,
    0x24,0x69,0x74,0x2E,0x46,0x75,0x6C,0x6C,0x4E,0x61,0x6D,0x65,
    0x20,0x2D,0x65,0x71,0x20,0x24,0x6C,0x6F,0x67,0x29,0x7B,0x63,
    0x6F,0x6E,0x74,0x69,0x6E,0x75,0x65,0x7D,0x3B,0x20,0x24,0x6C,
    0x61,0x73,0x74,0x3D,0x28,0x24,0x69,0x20,0x2D,0x65,0x71,0x20,
    0x28,0x24,0x63,0x20,0x2D,0x20,0x31,0x29,0x29,0x3B,0x20,0x22,
    0x20,0x5E,0x0D,0x0A,0x20,0x20,0x20,0x20,0x22,0x20,0x20,0x20,
    0x20,0x20,0x20,0x20,0x20,0x24,0x62,0x72,0x3D,0x69,0x66,0x28,
    0x24,0x6C,0x61,0x73,0x74,0x29,0x7B,0x5B,0x63,0x68,0x61,0x72,
    0x5D,0x30,0x78,0x32,0x35,0x31,0x34,0x2B,0x5B,0x63,0x68,0x61,
    0x72,0x5D,0x30,0x78,0x32,0x35,0x30,0x30,0x2B,0x5B,0x63,0x68,
    0x61,0x72,0x5D,0x30,0x78,0x32,0x35,0x30,0x30,0x2B,0x27,0x20,
    0x27,0x7D,0x65,0x6C,0x73,0x65,0x7B,0x5B,0x63,0x68,0x61,0x72,
    0x5D,0x30,0x78,0x32,0x35,0x31,0x43,0x2B,0x5B,0x63,0x68,0x61,
    0x72,0x5D,0x30,0x78,0x32,0x35,0x30,0x30,0x2B,0x5B,0x63,0x68,
    0x61,0x72,0x5D,0x30,0x78,0x32,0x35,0x30,0x30,0x2B,0x27,0x20,
    0x27,0x7D,0x3B,0x20,0x24,0x6E,0x78,0x74,0x3D,0x69,0x66,0x28,
    0x24,0x6C,0x61,0x73,0x74,0x29,0x7B,0x24,0x70,0x66,0x78,0x2B,
    0x27,0x20,0x20,0x20,0x20,0x27,0x7D,0x65,0x6C,0x73,0x65,0x7B,
    0x24,0x70,0x66,0x78,0x2B,0x5B,0x63,0x68,0x61,0x72,0x5D,0x30,
    0x78,0x32,0x35,0x30,0x32,0x2B,0x27,0x20,0x20,0x20,0x27,0x7D,
    0x3B,0x20,0x22,0x20,0x5E,0x0D,0x0A,0x20,0x20,0x20,0x20,0x22,
    0x20,0x20,0x20,0x20,0x20,0x20,0x20,0x20,0x24,0x63,0x44,0x61,
    0x74,0x65,0x3D,0x24,0x69,0x74,0x2E,0x43,0x72,0x65,0x61,0x74,
    0x69,0x6F,0x6E,0x54,0x69,0x6D,0x65,0x2E,0x54,0x6F,0x53,0x74,
    0x72,0x69,0x6E,0x67,0x28,0x27,0x79,0x79,0x79,0x79,0x2D,0x4D,
    0x4D,0x2D,0x64,0x64,0x20,0x48,0x48,0x3A,0x6D,0x6D,0x3A,0x73,
    0x73,0x27,0x29,0x3B,0x20,0x24,0x6D,0x44,0x61,0x74,0x65,0x3D,
    0x24,0x69,0x74,0x2E,0x4C,0x61,0x73,0x74,0x57,0x72,0x69,0x74,
    0x65,0x54,0x69,0x6D,0x65,0x2E,0x54,0x6F,0x53,0x74,0x72,0x69,
    0x6E,0x67,0x28,0x27,0x79,0x79,0x79,0x79,0x2D,0x4D,0x4D,0x2D,
    0x64,0x64,0x20,0x48,0x48,0x3A,0x6D,0x6D,0x3A,0x73,0x73,0x27,
    0x29,0x3B,0x20,0x22,0x20,0x5E,0x0D,0x0A,0x20,0x20,0x20,0x20,
    0x22,0x20,0x20,0x20,0x20,0x20,0x20,0x20,0x20,0x69,0x66,0x28,
    0x24,0x69,0x74,0x2E,0x50,0x53,0x49,0x73,0x43,0x6F,0x6E,0x74,
    0x61,0x69,0x6E,0x65,0x72,0x29,0x7B,0x20,0x24,0x67,0x6C,0x6F,
    0x62,0x61,0x6C,0x3A,0x64,0x2B,0x2B,0x3B,0x20,0x24,0x72,0x65,
    0x63,0x6F,0x72,0x64,0x73,0x2E,0x41,0x64,0x64,0x28,0x5B,0x50,
    0x53,0x43,0x75,0x73,0x74,0x6F,0x6D,0x4F,0x62,0x6A,0x65,0x63,
    0x74,0x5D,0x40,0x7B,0x54,0x3D,0x28,0x24,0x70,0x66,0x78,0x2B,
    0x24,0x62,0x72,0x2B,0x24,0x69,0x74,0x2E,0x4E,0x61,0x6D,0x65,
    0x2B,0x27,0x2F,0x27,0x29,0x3B,0x20,0x53,0x3D,0x27,0x3C,0x44,
    0x49,0x52,0x3E,0x27,0x3B,0x20,0x4D,0x3D,0x24,0x6D,0x44,0x61,
    0x74,0x65,0x3B,0x20,0x43,0x3D,0x24,0x63,0x44,0x61,0x74,0x65,
    0x3B,0x20,0x48,0x3D,0x27,0x2D,0x27,0x7D,0x29,0x3B,0x20,0x53,
    0x63,0x61,0x6E,0x2D,0x44,0x69,0x72,0x20,0x24,0x69,0x74,0x2E,
    0x46,0x75,0x6C,0x6C,0x4E,0x61,0x6D,0x65,0x20,0x24,0x6E,0x78,
    0x74,0x3B,0x20,0x7D,0x20,0x22,0x20,0x5E,0x0D,0x0A,0x20,0x20,
    0x20,0x20,0x22,0x20,0x20,0x20,0x20,0x20,0x20,0x20,0x20,0x65,
    0x6C,0x73,0x65,0x7B,0x20,0x24,0x67,0x6C,0x6F,0x62,0x61,0x6C,
    0x3A,0x66,0x2B,0x2B,0x3B,0x20,0x24,0x67,0x6C,0x6F,0x62,0x61,
    0x6C,0x3A,0x73,0x7A,0x20,0x2B,0x3D,0x20,0x24,0x69,0x74,0x2E,
    0x4C,0x65,0x6E,0x67,0x74,0x68,0x3B,0x20,0x24,0x68,0x3D,0x74,
    0x72,0x79,0x7B,0x28,0x47,0x65,0x74,0x2D,0x46,0x69,0x6C,0x65,
    0x48,0x61,0x73,0x68,0x20,0x2D,0x4C,0x69,0x74,0x65,0x72,0x61,
    0x6C,0x50,0x61,0x74,0x68,0x20,0x24,0x69,0x74,0x2E,0x46,0x75,
    0x6C,0x6C,0x4E,0x61,0x6D,0x65,0x20,0x2D,0x41,0x6C,0x67,0x6F,
    0x72,0x69,0x74,0x68,0x6D,0x20,0x53,0x48,0x41,0x32,0x35,0x36,
    0x20,0x2D,0x45,0x72,0x72,0x6F,0x72,0x41,0x63,0x74,0x69,0x6F,
    0x6E,0x20,0x53,0x74,0x6F,0x70,0x29,0x2E,0x48,0x61,0x73,0x68,
    0x7D,0x63,0x61,0x74,0x63,0x68,0x7B,0x27,0x3C,0x41,0x43,0x43,
    0x45,0x53,0x53,0x20,0x44,0x45,0x4E,0x49,0x45,0x44,0x3E,0x27,
    0x7D,0x3B,0x20,0x24,0x72,0x65,0x63,0x6F,0x72,0x64,0x73,0x2E,
    0x41,0x64,0x64,0x28,0x5B,0x50,0x53,0x43,0x75,0x73,0x74,0x6F,
    0x6D,0x4F,0x62,0x6A,0x65,0x63,0x74,0x5D,0x40,0x7B,0x54,0x3D,
    0x28,0x24,0x70,0x66,0x78,0x2B,0x24,0x62,0x72,0x2B,0x24,0x69,
    0x74,0x2E,0x4E,0x61,0x6D,0x65,0x29,0x3B,0x20,0x53,0x3D,0x28,
    0x46,0x2D,0x53,0x7A,0x20,0x24,0x69,0x74,0x2E,0x4C,0x65,0x6E,
    0x67,0x74,0x68,0x29,0x3B,0x20,0x4D,0x3D,0x24,0x6D,0x44,0x61,
    0x74,0x65,0x3B,0x20,0x43,0x3D,0x24,0x63,0x44,0x61,0x74,0x65,
    0x3B,0x20,0x48,0x3D,0x24,0x68,0x7D,0x29,0x3B,0x20,0x7D,0x20,
    0x22,0x20,0x5E,0x0D,0x0A,0x20,0x20,0x20,0x20,0x22,0x20,0x20,
    0x20,0x20,0x7D,0x20,0x22,0x20,0x5E,0x0D,0x0A,0x20,0x20,0x20,
    0x20,0x22,0x7D,0x3B,0x20,0x22,0x20,0x5E,0x0D,0x0A,0x20,0x20,
    0x20,0x20,0x22,0x53,0x63,0x61,0x6E,0x2D,0x44,0x69,0x72,0x20,
    0x24,0x74,0x20,0x27,0x27,0x3B,0x20,0x24,0x73,0x77,0x2E,0x53,
    0x74,0x6F,0x70,0x28,0x29,0x3B,0x20,0x22,0x20,0x5E,0x0D,0x0A,
    0x20,0x20,0x20,0x20,0x22,0x24,0x6D,0x61,0x78,0x54,0x3D,0x33,
    0x36,0x3B,0x20,0x66,0x6F,0x72,0x65,0x61,0x63,0x68,0x28,0x24,
    0x72,0x20,0x69,0x6E,0x20,0x24,0x72,0x65,0x63,0x6F,0x72,0x64,
    0x73,0x29,0x7B,0x69,0x66,0x28,0x24,0x72,0x2E,0x54,0x2E,0x4C,
    0x65,0x6E,0x67,0x74,0x68,0x20,0x2D,0x67,0x74,0x20,0x24,0x6D,
    0x61,0x78,0x54,0x29,0x7B,0x24,0x6D,0x61,0x78,0x54,0x3D,0x24,
    0x72,0x2E,0x54,0x2E,0x4C,0x65,0x6E,0x67,0x74,0x68,0x7D,0x7D,
    0x3B,0x20,0x24,0x63,0x6F,0x6C,0x57,0x3D,0x24,0x6D,0x61,0x78,
    0x54,0x2B,0x32,0x3B,0x20,0x22,0x20,0x5E,0x0D,0x0A,0x20,0x20,
    0x20,0x20,0x22,0x24,0x62,0x4C,0x65,0x6E,0x3D,0x5B,0x4D,0x61,
    0x74,0x68,0x5D,0x3A,0x3A,0x4D,0x61,0x78,0x28,0x31,0x32,0x30,
    0x2C,0x20,0x28,0x24,0x63,0x6F,0x6C,0x57,0x2B,0x31,0x32,0x34,
    0x29,0x29,0x3B,0x20,0x24,0x62,0x61,0x6E,0x6E,0x65,0x72,0x3D,
    0x5B,0x73,0x74,0x72,0x69,0x6E,0x67,0x5D,0x28,0x27,0x3D,0x27,
    0x20,0x2A,0x20,0x24,0x62,0x4C,0x65,0x6E,0x29,0x3B,0x20,0x22,
    0x20,0x5E,0x0D,0x0A,0x20,0x20,0x20,0x20,0x22,0x66,0x75,0x6E,
    0x63,0x74,0x69,0x6F,0x6E,0x20,0x43,0x2D,0x54,0x78,0x74,0x28,
    0x24,0x74,0x78,0x74,0x2C,0x20,0x24,0x77,0x29,0x7B,0x20,0x24,
    0x70,0x4C,0x3D,0x5B,0x4D,0x61,0x74,0x68,0x5D,0x3A,0x3A,0x4D,
    0x61,0x78,0x28,0x30,0x2C,0x20,0x5B,0x69,0x6E,0x74,0x5D,0x28,
    0x28,0x24,0x77,0x2D,0x24,0x74,0x78,0x74,0x2E,0x4C,0x65,0x6E,
    0x67,0x74,0x68,0x29,0x2F,0x32,0x29,0x29,0x3B,0x20,0x24,0x70,
    0x52,0x3D,0x5B,0x4D,0x61,0x74,0x68,0x5D,0x3A,0x3A,0x4D,0x61,
    0x78,0x28,0x30,0x2C,0x20,0x24,0x77,0x2D,0x24,0x74,0x78,0x74,
    0x2E,0x4C,0x65,0x6E,0x67,0x74,0x68,0x2D,0x24,0x70,0x4C,0x29,
    0x3B,0x20,0x72,0x65,0x74,0x75,0x72,0x6E,0x20,0x28,0x28,0x27,
    0x20,0x27,0x20,0x2A,0x20,0x24,0x70,0x4C,0x29,0x20,0x2B,0x20,
    0x24,0x74,0x78,0x74,0x20,0x2B,0x20,0x28,0x27,0x20,0x27,0x20,
    0x2A,0x20,0x24,0x70,0x52,0x29,0x29,0x20,0x7D,0x3B,0x20,0x22,
    0x20,0x5E,0x0D,0x0A,0x20,0x20,0x20,0x20,0x22,0x24,0x66,0x6D,
    0x74,0x3D,0x27,0x20,0x20,0x7B,0x30,0x2C,0x2D,0x27,0x20,0x2B,
    0x20,0x24,0x63,0x6F,0x6C,0x57,0x20,0x2B,0x20,0x27,0x7D,0x20,
    0x20,0x7B,0x31,0x2C,0x31,0x30,0x7D,0x20,0x20,0x20,0x7B,0x32,
    0x2C,0x31,0x39,0x7D,0x20,0x20,0x7B,0x33,0x2C,0x31,0x39,0x7D,
    0x20,0x20,0x20,0x7B,0x34,0x2C,0x2D,0x36,0x34,0x7D,0x27,0x3B,
    0x20,0x22,0x20,0x5E,0x0D,0x0A,0x20,0x20,0x20,0x20,0x22,0x24,
    0x73,0x65,0x70,0x3D,0x27,0x20,0x20,0x27,0x20,0x2B,0x20,0x5B,
    0x73,0x74,0x72,0x69,0x6E,0x67,0x5D,0x28,0x27,0x2D,0x27,0x2A,
    0x24,0x63,0x6F,0x6C,0x57,0x29,0x20,0x2B,0x20,0x27,0x20,0x20,
    0x27,0x20,0x2B,0x20,0x5B,0x73,0x74,0x72,0x69,0x6E,0x67,0x5D,
    0x28,0x27,0x2D,0x27,0x2A,0x31,0x30,0x29,0x20,0x2B,0x20,0x27,
    0x20,0x20,0x20,0x27,0x20,0x2B,0x20,0x5B,0x73,0x74,0x72,0x69,
    0x6E,0x67,0x5D,0x28,0x27,0x2D,0x27,0x2A,0x31,0x39,0x29,0x20,
    0x2B,0x20,0x27,0x20,0x20,0x27,0x20,0x2B,0x20,0x5B,0x73,0x74,
    0x72,0x69,0x6E,0x67,0x5D,0x28,0x27,0x2D,0x27,0x2A,0x31,0x39,
    0x29,0x20,0x2B,0x20,0x27,0x20,0x20,0x20,0x27,0x20,0x2B,0x20,
    0x5B,0x73,0x74,0x72,0x69,0x6E,0x67,0x5D,0x28,0x27,0x2D,0x27,
    0x2A,0x36,0x34,0x29,0x3B,0x20,0x22,0x20,0x5E,0x0D,0x0A,0x20,
    0x20,0x20,0x20,0x22,0x24,0x77,0x3D,0x4E,0x65,0x77,0x2D,0x4F,
    0x62,0x6A,0x65,0x63,0x74,0x20,0x53,0x79,0x73,0x74,0x65,0x6D,
    0x2E,0x49,0x4F,0x2E,0x53,0x74,0x72,0x65,0x61,0x6D,0x57,0x72,
    0x69,0x74,0x65,0x72,0x28,0x24,0x6C,0x6F,0x67,0x2C,0x20,0x24,
    0x66,0x61,0x6C,0x73,0x65,0x2C,0x20,0x28,0x4E,0x65,0x77,0x2D,
    0x4F,0x62,0x6A,0x65,0x63,0x74,0x20,0x53,0x79,0x73,0x74,0x65,
    0x6D,0x2E,0x54,0x65,0x78,0x74,0x2E,0x55,0x54,0x46,0x38,0x45,
    0x6E,0x63,0x6F,0x64,0x69,0x6E,0x67,0x28,0x24,0x74,0x72,0x75,
    0x65,0x29,0x29,0x29,0x3B,0x20,0x22,0x20,0x5E,0x0D,0x0A,0x20,
    0x20,0x20,0x20,0x22,0x24,0x77,0x2E,0x57,0x72,0x69,0x74,0x65,
    0x4C,0x69,0x6E,0x65,0x28,0x24,0x62,0x61,0x6E,0x6E,0x65,0x72,
    0x29,0x3B,0x20,0x24,0x77,0x2E,0x57,0x72,0x69,0x74,0x65,0x4C,
    0x69,0x6E,0x65,0x28,0x28,0x43,0x2D,0x54,0x78,0x74,0x20,0x27,
    0x44,0x49,0x52,0x45,0x43,0x54,0x4F,0x52,0x59,0x20,0x54,0x52,
    0x45,0x45,0x20,0x26,0x20,0x46,0x49,0x4C,0x45,0x20,0x41,0x55,
    0x44,0x49,0x54,0x20,0x52,0x45,0x50,0x4F,0x52,0x54,0x27,0x20,
    0x24,0x62,0x4C,0x65,0x6E,0x29,0x29,0x3B,0x20,0x24,0x77,0x2E,
    0x57,0x72,0x69,0x74,0x65,0x4C,0x69,0x6E,0x65,0x28,0x24,0x62,
    0x61,0x6E,0x6E,0x65,0x72,0x29,0x3B,0x20,0x22,0x20,0x5E,0x0D,
    0x0A,0x20,0x20,0x20,0x20,0x22,0x24,0x77,0x2E,0x57,0x72,0x69,
    0x74,0x65,0x4C,0x69,0x6E,0x65,0x28,0x28,0x27,0x20,0x20,0x54,
    0x61,0x72,0x67,0x65,0x74,0x20,0x50,0x61,0x74,0x68,0x20,0x20,
    0x3A,0x20,0x20,0x7B,0x30,0x7D,0x27,0x20,0x2D,0x66,0x20,0x24,
    0x74,0x29,0x29,0x3B,0x20,0x24,0x77,0x2E,0x57,0x72,0x69,0x74,
    0x65,0x4C,0x69,0x6E,0x65,0x28,0x28,0x27,0x20,0x20,0x47,0x65,
    0x6E,0x65,0x72,0x61,0x74,0x65,0x64,0x20,0x4F,0x6E,0x20,0x3A,
    0x20,0x20,0x7B,0x30,0x7D,0x27,0x20,0x2D,0x66,0x20,0x28,0x47,
    0x65,0x74,0x2D,0x44,0x61,0x74,0x65,0x20,0x2D,0x46,0x6F,0x72,
    0x6D,0x61,0x74,0x20,0x27,0x79,0x79,0x79,0x79,0x2D,0x4D,0x4D,
    0x2D,0x64,0x64,0x20,0x48,0x48,0x3A,0x6D,0x6D,0x3A,0x73,0x73,
    0x27,0x29,0x29,0x29,0x3B,0x20,0x24,0x77,0x2E,0x57,0x72,0x69,
    0x74,0x65,0x4C,0x69,0x6E,0x65,0x28,0x24,0x62,0x61,0x6E,0x6E,
    0x65,0x72,0x29,0x3B,0x20,0x24,0x77,0x2E,0x57,0x72,0x69,0x74,
    0x65,0x4C,0x69,0x6E,0x65,0x28,0x27,0x27,0x29,0x3B,0x20,0x22,
    0x20,0x5E,0x0D,0x0A,0x20,0x20,0x20,0x20,0x22,0x24,0x77,0x2E,
    0x57,0x72,0x69,0x74,0x65,0x4C,0x69,0x6E,0x65,0x28,0x28,0x24,
    0x66,0x6D,0x74,0x20,0x2D,0x66,0x20,0x27,0x50,0x41,0x54,0x48,
    0x20,0x2F,0x20,0x54,0x52,0x45,0x45,0x20,0x53,0x54,0x52,0x55,
    0x43,0x54,0x55,0x52,0x45,0x27,0x2C,0x20,0x27,0x20,0x20,0x20,
    0x53,0x49,0x5A,0x45,0x20,0x20,0x20,0x27,0x2C,0x20,0x27,0x20,
    0x20,0x20,0x44,0x41,0x54,0x45,0x20,0x4D,0x4F,0x44,0x49,0x46,
    0x49,0x45,0x44,0x20,0x20,0x20,0x27,0x2C,0x20,0x27,0x20,0x20,
    0x20,0x44,0x41,0x54,0x45,0x20,0x43,0x52,0x45,0x41,0x54,0x45,
    0x44,0x20,0x20,0x20,0x20,0x27,0x2C,0x20,0x28,0x43,0x2D,0x54,
    0x78,0x74,0x20,0x27,0x53,0x48,0x41,0x2D,0x32,0x35,0x36,0x20,
    0x48,0x41,0x53,0x48,0x27,0x20,0x36,0x34,0x29,0x29,0x29,0x3B,
    0x20,0x24,0x77,0x2E,0x57,0x72,0x69,0x74,0x65,0x4C,0x69,0x6E,
    0x65,0x28,0x24,0x73,0x65,0x70,0x29,0x3B,0x20,0x22,0x20,0x5E,
    0x0D,0x0A,0x20,0x20,0x20,0x20,0x22,0x66,0x6F,0x72,0x65,0x61,
    0x63,0x68,0x28,0x24,0x72,0x20,0x69,0x6E,0x20,0x24,0x72,0x65,
    0x63,0x6F,0x72,0x64,0x73,0x29,0x7B,0x20,0x24,0x77,0x2E,0x57,
    0x72,0x69,0x74,0x65,0x4C,0x69,0x6E,0x65,0x28,0x28,0x24,0x66,
    0x6D,0x74,0x20,0x2D,0x66,0x20,0x24,0x72,0x2E,0x54,0x2C,0x20,
    0x24,0x72,0x2E,0x53,0x2C,0x20,0x24,0x72,0x2E,0x4D,0x2C,0x20,
    0x24,0x72,0x2E,0x43,0x2C,0x20,0x24,0x72,0x2E,0x48,0x29,0x29,
    0x20,0x7D,0x3B,0x20,0x24,0x77,0x2E,0x57,0x72,0x69,0x74,0x65,
    0x4C,0x69,0x6E,0x65,0x28,0x24,0x73,0x65,0x70,0x29,0x3B,0x20,
    0x24,0x77,0x2E,0x57,0x72,0x69,0x74,0x65,0x4C,0x69,0x6E,0x65,
    0x28,0x27,0x27,0x29,0x3B,0x20,0x22,0x20,0x5E,0x0D,0x0A,0x20,
    0x20,0x20,0x20,0x22,0x24,0x74,0x6F,0x74,0x53,0x7A,0x3D,0x46,
    0x2D,0x53,0x7A,0x20,0x24,0x67,0x6C,0x6F,0x62,0x61,0x6C,0x3A,
    0x73,0x7A,0x3B,0x20,0x24,0x77,0x2E,0x57,0x72,0x69,0x74,0x65,
    0x4C,0x69,0x6E,0x65,0x28,0x24,0x62,0x61,0x6E,0x6E,0x65,0x72,
    0x29,0x3B,0x20,0x24,0x77,0x2E,0x57,0x72,0x69,0x74,0x65,0x4C,
    0x69,0x6E,0x65,0x28,0x28,0x43,0x2D,0x54,0x78,0x74,0x20,0x27,
    0x53,0x54,0x41,0x54,0x49,0x53,0x54,0x49,0x43,0x41,0x4C,0x20,
    0x53,0x55,0x4D,0x4D,0x41,0x52,0x59,0x27,0x20,0x24,0x62,0x4C,
    0x65,0x6E,0x29,0x29,0x3B,0x20,0x24,0x77,0x2E,0x57,0x72,0x69,
    0x74,0x65,0x4C,0x69,0x6E,0x65,0x28,0x24,0x62,0x61,0x6E,0x6E,
    0x65,0x72,0x29,0x3B,0x20,0x22,0x20,0x5E,0x0D,0x0A,0x20,0x20,
    0x20,0x20,0x22,0x24,0x77,0x2E,0x57,0x72,0x69,0x74,0x65,0x4C,
    0x69,0x6E,0x65,0x28,0x28,0x27,0x20,0x20,0x54,0x6F,0x74,0x61,
    0x6C,0x20,0x46,0x6F,0x6C,0x64,0x65,0x72,0x73,0x20,0x20,0x20,
    0x3A,0x20,0x20,0x7B,0x30,0x3A,0x4E,0x30,0x7D,0x27,0x20,0x2D,
    0x66,0x20,0x24,0x67,0x6C,0x6F,0x62,0x61,0x6C,0x3A,0x64,0x29,
    0x29,0x3B,0x20,0x24,0x77,0x2E,0x57,0x72,0x69,0x74,0x65,0x4C,
    0x69,0x6E,0x65,0x28,0x28,0x27,0x20,0x20,0x54,0x6F,0x74,0x61,
    0x6C,0x20,0x46,0x69,0x6C,0x65,0x73,0x20,0x20,0x20,0x20,0x20,
    0x3A,0x20,0x20,0x7B,0x30,0x3A,0x4E,0x30,0x7D,0x27,0x20,0x2D,
    0x66,0x20,0x24,0x67,0x6C,0x6F,0x62,0x61,0x6C,0x3A,0x66,0x29,
    0x29,0x3B,0x20,0x22,0x20,0x5E,0x0D,0x0A,0x20,0x20,0x20,0x20,
    0x22,0x24,0x77,0x2E,0x57,0x72,0x69,0x74,0x65,0x4C,0x69,0x6E,
    0x65,0x28,0x28,0x27,0x20,0x20,0x54,0x6F,0x74,0x61,0x6C,0x20,
    0x46,0x69,0x6C,0x65,0x20,0x53,0x69,0x7A,0x65,0x20,0x3A,0x20,
    0x20,0x7B,0x30,0x7D,0x20,0x28,0x7B,0x31,0x3A,0x4E,0x30,0x7D,
    0x20,0x42,0x79,0x74,0x65,0x73,0x29,0x27,0x20,0x2D,0x66,0x20,
    0x24,0x74,0x6F,0x74,0x53,0x7A,0x2C,0x20,0x24,0x67,0x6C,0x6F,
    0x62,0x61,0x6C,0x3A,0x73,0x7A,0x29,0x29,0x3B,0x20,0x24,0x77,
    0x2E,0x57,0x72,0x69,0x74,0x65,0x4C,0x69,0x6E,0x65,0x28,0x28,
    0x27,0x20,0x20,0x45,0x78,0x65,0x63,0x75,0x74,0x69,0x6F,0x6E,
    0x20,0x54,0x69,0x6D,0x65,0x20,0x20,0x3A,0x20,0x20,0x7B,0x30,
    0x3A,0x4E,0x32,0x7D,0x20,0x53,0x65,0x63,0x6F,0x6E,0x64,0x73,
    0x27,0x20,0x2D,0x66,0x20,0x24,0x73,0x77,0x2E,0x45,0x6C,0x61,
    0x70,0x73,0x65,0x64,0x2E,0x54,0x6F,0x74,0x61,0x6C,0x53,0x65,
    0x63,0x6F,0x6E,0x64,0x73,0x29,0x29,0x3B,0x20,0x22,0x20,0x5E,
    0x0D,0x0A,0x20,0x20,0x20,0x20,0x22,0x24,0x77,0x2E,0x57,0x72,
    0x69,0x74,0x65,0x4C,0x69,0x6E,0x65,0x28,0x24,0x62,0x61,0x6E,
    0x6E,0x65,0x72,0x29,0x3B,0x20,0x24,0x77,0x2E,0x57,0x72,0x69,
    0x74,0x65,0x4C,0x69,0x6E,0x65,0x28,0x28,0x43,0x2D,0x54,0x78,
    0x74,0x20,0x27,0x45,0x4E,0x44,0x20,0x4F,0x46,0x20,0x52,0x45,
    0x50,0x4F,0x52,0x54,0x27,0x20,0x24,0x62,0x4C,0x65,0x6E,0x29,
    0x29,0x3B,0x20,0x24,0x77,0x2E,0x57,0x72,0x69,0x74,0x65,0x4C,
    0x69,0x6E,0x65,0x28,0x24,0x62,0x61,0x6E,0x6E,0x65,0x72,0x29,
    0x3B,0x20,0x24,0x77,0x2E,0x43,0x6C,0x6F,0x73,0x65,0x28,0x29,
    0x3B,0x20,0x22,0x20,0x5E,0x0D,0x0A,0x20,0x20,0x20,0x20,0x22,
    0x57,0x72,0x69,0x74,0x65,0x2D,0x48,0x6F,0x73,0x74,0x20,0x27,
    0x27,0x3B,0x20,0x57,0x72,0x69,0x74,0x65,0x2D,0x48,0x6F,0x73,
    0x74,0x20,0x27,0x20,0x20,0x20,0xE2,0x94,0x80,0xE2,0x94,0x80,
    0xE2,0x94,0x80,0xE2,0x94,0x80,0xE2,0x94,0x80,0xE2,0x94,0x80,
    0xE2,0x94,0x80,0xE2,0x94,0x80,0xE2,0x94,0x80,0xE2,0x94,0x80,
    0xE2,0x94,0x80,0xE2,0x94,0x80,0xE2,0x94,0x80,0xE2,0x94,0x80,
    0xE2,0x94,0x80,0xE2,0x94,0x80,0xE2,0x94,0x80,0xE2,0x94,0x80,
    0xE2,0x94,0x80,0xE2,0x94,0x80,0xE2,0x94,0x80,0xE2,0x94,0x80,
    0xE2,0x94,0x80,0xE2,0x94,0x80,0xE2,0x94,0x80,0xE2,0x94,0x80,
    0xE2,0x94,0x80,0xE2,0x94,0x80,0xE2,0x94,0x80,0xE2,0x94,0x80,
    0xE2,0x94,0x80,0xE2,0x94,0x80,0xE2,0x94,0x80,0xE2,0x94,0x80,
    0xE2,0x94,0x80,0xE2,0x94,0x80,0xE2,0x94,0x80,0xE2,0x94,0x80,
    0xE2,0x94,0x80,0xE2,0x94,0x80,0xE2,0x94,0x80,0xE2,0x94,0x80,
    0xE2,0x94,0x80,0xE2,0x94,0x80,0xE2,0x94,0x80,0xE2,0x94,0x80,
    0xE2,0x94,0x80,0xE2,0x94,0x80,0xE2,0x94,0x80,0xE2,0x94,0x80,
    0xE2,0x94,0x80,0xE2,0x94,0x80,0xE2,0x94,0x80,0xE2,0x94,0x80,
    0xE2,0x94,0x80,0xE2,0x94,0x80,0xE2,0x94,0x80,0xE2,0x94,0x80,
    0xE2,0x94,0x80,0xE2,0x94,0x80,0xE2,0x94,0x80,0xE2,0x94,0x80,
    0xE2,0x94,0x80,0xE2,0x94,0x80,0xE2,0x94,0x80,0xE2,0x94,0x80,
    0xE2,0x94,0x80,0xE2,0x94,0x80,0xE2,0x94,0x80,0xE2,0x94,0x80,
    0xE2,0x94,0x80,0xE2,0x94,0x80,0xE2,0x94,0x80,0xE2,0x94,0x80,
    0x27,0x20,0x2D,0x46,0x6F,0x72,0x65,0x67,0x72,0x6F,0x75,0x6E,
    0x64,0x43,0x6F,0x6C,0x6F,0x72,0x20,0x44,0x61,0x72,0x6B,0x47,
    0x72,0x61,0x79,0x3B,0x20,0x22,0x20,0x5E,0x0D,0x0A,0x20,0x20,
    0x20,0x20,0x22,0x57,0x72,0x69,0x74,0x65,0x2D,0x48,0x6F,0x73,
    0x74,0x20,0x27,0x20,0x20,0x20,0x20,0xE2,0x9C,0x94,0x20,0x53,
    0x43,0x41,0x4E,0x20,0x43,0x4F,0x4D,0x50,0x4C,0x45,0x54,0x45,
    0x44,0x20,0x53,0x55,0x43,0x43,0x45,0x53,0x53,0x46,0x55,0x4C,
    0x4C,0x59,0x27,0x20,0x2D,0x46,0x6F,0x72,0x65,0x67,0x72,0x6F,
    0x75,0x6E,0x64,0x43,0x6F,0x6C,0x6F,0x72,0x20,0x47,0x72,0x65,
    0x65,0x6E,0x3B,0x20,0x57,0x72,0x69,0x74,0x65,0x2D,0x48,0x6F,
    0x73,0x74,0x20,0x27,0x20,0x20,0x20,0xE2,0x94,0x80,0xE2,0x94,
    0x80,0xE2,0x94,0x80,0xE2,0x94,0x80,0xE2,0x94,0x80,0xE2,0x94,
    0x80,0xE2,0x94,0x80,0xE2,0x94,0x80,0xE2,0x94,0x80,0xE2,0x94,
    0x80,0xE2,0x94,0x80,0xE2,0x94,0x80,0xE2,0x94,0x80,0xE2,0x94,
    0x80,0xE2,0x94,0x80,0xE2,0x94,0x80,0xE2,0x94,0x80,0xE2,0x94,
    0x80,0xE2,0x94,0x80,0xE2,0x94,0x80,0xE2,0x94,0x80,0xE2,0x94,
    0x80,0xE2,0x94,0x80,0xE2,0x94,0x80,0xE2,0x94,0x80,0xE2,0x94,
    0x80,0xE2,0x94,0x80,0xE2,0x94,0x80,0xE2,0x94,0x80,0xE2,0x94,
    0x80,0xE2,0x94,0x80,0xE2,0x94,0x80,0xE2,0x94,0x80,0xE2,0x94,
    0x80,0xE2,0x94,0x80,0xE2,0x94,0x80,0xE2,0x94,0x80,0xE2,0x94,
    0x80,0xE2,0x94,0x80,0xE2,0x94,0x80,0xE2,0x94,0x80,0xE2,0x94,
    0x80,0xE2,0x94,0x80,0xE2,0x94,0x80,0xE2,0x94,0x80,0xE2,0x94,
    0x80,0xE2,0x94,0x80,0xE2,0x94,0x80,0xE2,0x94,0x80,0xE2,0x94,
    0x80,0xE2,0x94,0x80,0xE2,0x94,0x80,0xE2,0x94,0x80,0xE2,0x94,
    0x80,0xE2,0x94,0x80,0xE2,0x94,0x80,0xE2,0x94,0x80,0xE2,0x94,
    0x80,0xE2,0x94,0x80,0xE2,0x94,0x80,0xE2,0x94,0x80,0xE2,0x94,
    0x80,0xE2,0x94,0x80,0xE2,0x94,0x80,0xE2,0x94,0x80,0xE2,0x94,
    0x80,0xE2,0x94,0x80,0xE2,0x94,0x80,0xE2,0x94,0x80,0xE2,0x94,
    0x80,0xE2,0x94,0x80,0xE2,0x94,0x80,0xE2,0x94,0x80,0xE2,0x94,
    0x80,0x27,0x20,0x2D,0x46,0x6F,0x72,0x65,0x67,0x72,0x6F,0x75,
    0x6E,0x64,0x43,0x6F,0x6C,0x6F,0x72,0x20,0x44,0x61,0x72,0x6B,
    0x47,0x72,0x61,0x79,0x3B,0x20,0x57,0x72,0x69,0x74,0x65,0x2D,
    0x48,0x6F,0x73,0x74,0x20,0x27,0x27,0x3B,0x20,0x22,0x20,0x5E,
    0x0D,0x0A,0x20,0x20,0x20,0x20,0x22,0x57,0x72,0x69,0x74,0x65,
    0x2D,0x48,0x6F,0x73,0x74,0x20,0x28,0x27,0x20,0x20,0x20,0x20,
    0x46,0x6F,0x6C,0x64,0x65,0x72,0x73,0x20,0x53,0x63,0x61,0x6E,
    0x6E,0x65,0x64,0x20,0x3A,0x20,0x20,0x7B,0x30,0x3A,0x4E,0x30,
    0x7D,0x27,0x20,0x2D,0x66,0x20,0x24,0x67,0x6C,0x6F,0x62,0x61,
    0x6C,0x3A,0x64,0x29,0x20,0x2D,0x46,0x6F,0x72,0x65,0x67,0x72,
    0x6F,0x75,0x6E,0x64,0x43,0x6F,0x6C,0x6F,0x72,0x20,0x43,0x79,
    0x61,0x6E,0x3B,0x20,0x22,0x20,0x5E,0x0D,0x0A,0x20,0x20,0x20,
    0x20,0x22,0x57,0x72,0x69,0x74,0x65,0x2D,0x48,0x6F,0x73,0x74,
    0x20,0x28,0x27,0x20,0x20,0x20,0x20,0x46,0x69,0x6C,0x65,0x73,
    0x20,0x50,0x72,0x6F,0x63,0x65,0x73,0x73,0x65,0x64,0x20,0x3A,
    0x20,0x20,0x7B,0x30,0x3A,0x4E,0x30,0x7D,0x27,0x20,0x2D,0x66,
    0x20,0x24,0x67,0x6C,0x6F,0x62,0x61,0x6C,0x3A,0x66,0x29,0x20,
    0x2D,0x46,0x6F,0x72,0x65,0x67,0x72,0x6F,0x75,0x6E,0x64,0x43,
    0x6F,0x6C,0x6F,0x72,0x20,0x43,0x79,0x61,0x6E,0x3B,0x20,0x22,
    0x20,0x5E,0x0D,0x0A,0x20,0x20,0x20,0x20,0x22,0x57,0x72,0x69,
    0x74,0x65,0x2D,0x48,0x6F,0x73,0x74,0x20,0x28,0x27,0x20,0x20,
    0x20,0x20,0x54,0x6F,0x74,0x61,0x6C,0x20,0x44,0x61,0x74,0x61,
    0x20,0x53,0x69,0x7A,0x65,0x20,0x3A,0x20,0x20,0x7B,0x30,0x7D,
    0x20,0x28,0x7B,0x31,0x3A,0x4E,0x30,0x7D,0x20,0x42,0x79,0x74,
    0x65,0x73,0x29,0x27,0x20,0x2D,0x66,0x20,0x24,0x74,0x6F,0x74,
    0x53,0x7A,0x2C,0x20,0x24,0x67,0x6C,0x6F,0x62,0x61,0x6C,0x3A,
    0x73,0x7A,0x29,0x20,0x2D,0x46,0x6F,0x72,0x65,0x67,0x72,0x6F,
    0x75,0x6E,0x64,0x43,0x6F,0x6C,0x6F,0x72,0x20,0x59,0x65,0x6C,
    0x6C,0x6F,0x77,0x3B,0x20,0x22,0x20,0x5E,0x0D,0x0A,0x20,0x20,
    0x20,0x20,0x22,0x57,0x72,0x69,0x74,0x65,0x2D,0x48,0x6F,0x73,
    0x74,0x20,0x28,0x27,0x20,0x20,0x20,0x20,0x45,0x78,0x65,0x63,
    0x75,0x74,0x69,0x6F,0x6E,0x20,0x54,0x69,0x6D,0x65,0x20,0x20,
    0x3A,0x20,0x20,0x7B,0x30,0x3A,0x4E,0x32,0x7D,0x20,0x53,0x65,
    0x63,0x6F,0x6E,0x64,0x73,0x27,0x20,0x2D,0x66,0x20,0x24,0x73,
    0x77,0x2E,0x45,0x6C,0x61,0x70,0x73,0x65,0x64,0x2E,0x54,0x6F,
    0x74,0x61,0x6C,0x53,0x65,0x63,0x6F,0x6E,0x64,0x73,0x29,0x20,
    0x2D,0x46,0x6F,0x72,0x65,0x67,0x72,0x6F,0x75,0x6E,0x64,0x43,
    0x6F,0x6C,0x6F,0x72,0x20,0x57,0x68,0x69,0x74,0x65,0x3B,0x20,
    0x57,0x72,0x69,0x74,0x65,0x2D,0x48,0x6F,0x73,0x74,0x20,0x27,
    0x27,0x3B,0x20,0x22,0x20,0x5E,0x0D,0x0A,0x20,0x20,0x20,0x20,
    0x22,0x57,0x72,0x69,0x74,0x65,0x2D,0x48,0x6F,0x73,0x74,0x20,
    0x27,0x20,0x20,0x20,0xE2,0x95,0x90,0xE2,0x95,0x90,0xE2,0x95,
    0x90,0xE2,0x95,0x90,0xE2,0x95,0x90,0xE2,0x95,0x90,0xE2,0x95,
    0x90,0xE2,0x95,0x90,0xE2,0x95,0x90,0xE2,0x95,0x90,0xE2,0x95,
    0x90,0xE2,0x95,0x90,0xE2,0x95,0x90,0xE2,0x95,0x90,0xE2,0x95,
    0x90,0xE2,0x95,0x90,0xE2,0x95,0x90,0xE2,0x95,0x90,0xE2,0x95,
    0x90,0xE2,0x95,0x90,0xE2,0x95,0x90,0xE2,0x95,0x90,0xE2,0x95,
    0x90,0xE2,0x95,0x90,0xE2,0x95,0x90,0xE2,0x95,0x90,0xE2,0x95,
    0x90,0xE2,0x95,0x90,0xE2,0x95,0x90,0xE2,0x95,0x90,0xE2,0x95,
    0x90,0xE2,0x95,0x90,0xE2,0x95,0x90,0xE2,0x95,0x90,0xE2,0x95,
    0x90,0xE2,0x95,0x90,0xE2,0x95,0x90,0xE2,0x95,0x90,0xE2,0x95,
    0x90,0xE2,0x95,0x90,0xE2,0x95,0x90,0xE2,0x95,0x90,0xE2,0x95,
    0x90,0xE2,0x95,0x90,0xE2,0x95,0x90,0xE2,0x95,0x90,0xE2,0x95,
    0x90,0xE2,0x95,0x90,0xE2,0x95,0x90,0xE2,0x95,0x90,0xE2,0x95,
    0x90,0xE2,0x95,0x90,0xE2,0x95,0x90,0xE2,0x95,0x90,0xE2,0x95,
    0x90,0xE2,0x95,0x90,0xE2,0x95,0x90,0xE2,0x95,0x90,0xE2,0x95,
    0x90,0xE2,0x95,0x90,0xE2,0x95,0x90,0xE2,0x95,0x90,0xE2,0x95,
    0x90,0xE2,0x95,0x90,0xE2,0x95,0x90,0xE2,0x95,0x90,0xE2,0x95,
    0x90,0xE2,0x95,0x90,0xE2,0x95,0x90,0xE2,0x95,0x90,0xE2,0x95,
    0x90,0xE2,0x95,0x90,0xE2,0x95,0x90,0xE2,0x95,0x90,0x27,0x20,
    0x2D,0x46,0x6F,0x72,0x65,0x67,0x72,0x6F,0x75,0x6E,0x64,0x43,
    0x6F,0x6C,0x6F,0x72,0x20,0x44,0x61,0x72,0x6B,0x47,0x72,0x61,
    0x79,0x3B,0x20,0x22,0x20,0x5E,0x0D,0x0A,0x20,0x20,0x20,0x20,
    0x22,0x57,0x72,0x69,0x74,0x65,0x2D,0x48,0x6F,0x73,0x74,0x20,
    0x27,0x20,0x20,0x20,0x20,0xE2,0x9C,0x94,0x20,0x45,0x78,0x70,
    0x6F,0x72,0x74,0x65,0x64,0x20,0x54,0x6F,0x20,0x20,0x20,0x3A,
    0x20,0x46,0x69,0x6C,0x65,0x20,0x4C,0x69,0x73,0x74,0x20,0x4C,
    0x6F,0x67,0x2E,0x74,0x78,0x74,0x27,0x20,0x2D,0x46,0x6F,0x72,
    0x65,0x67,0x72,0x6F,0x75,0x6E,0x64,0x43,0x6F,0x6C,0x6F,0x72,
    0x20,0x47,0x72,0x65,0x65,0x6E,0x3B,0x20,0x22,0x20,0x5E,0x0D,
    0x0A,0x20,0x20,0x20,0x20,0x22,0x57,0x72,0x69,0x74,0x65,0x2D,
    0x48,0x6F,0x73,0x74,0x20,0x27,0x20,0x20,0x20,0xE2,0x95,0x90,
    0xE2,0x95,0x90,0xE2,0x95,0x90,0xE2,0x95,0x90,0xE2,0x95,0x90,
    0xE2,0x95,0x90,0xE2,0x95,0x90,0xE2,0x95,0x90,0xE2,0x95,0x90,
    0xE2,0x95,0x90,0xE2,0x95,0x90,0xE2,0x95,0x90,0xE2,0x95,0x90,
    0xE2,0x95,0x90,0xE2,0x95,0x90,0xE2,0x95,0x90,0xE2,0x95,0x90,
    0xE2,0x95,0x90,0xE2,0x95,0x90,0xE2,0x95,0x90,0xE2,0x95,0x90,
    0xE2,0x95,0x90,0xE2,0x95,0x90,0xE2,0x95,0x90,0xE2,0x95,0x90,
    0xE2,0x95,0x90,0xE2,0x95,0x90,0xE2,0x95,0x90,0xE2,0x95,0x90,
    0xE2,0x95,0x90,0xE2,0x95,0x90,0xE2,0x95,0x90,0xE2,0x95,0x90,
    0xE2,0x95,0x90,0xE2,0x95,0x90,0xE2,0x95,0x90,0xE2,0x95,0x90,
    0xE2,0x95,0x90,0xE2,0x95,0x90,0xE2,0x95,0x90,0xE2,0x95,0x90,
    0xE2,0x95,0x90,0xE2,0x95,0x90,0xE2,0x95,0x90,0xE2,0x95,0x90,
    0xE2,0x95,0x90,0xE2,0x95,0x90,0xE2,0x95,0x90,0xE2,0x95,0x90,
    0xE2,0x95,0x90,0xE2,0x95,0x90,0xE2,0x95,0x90,0xE2,0x95,0x90,
    0xE2,0x95,0x90,0xE2,0x95,0x90,0xE2,0x95,0x90,0xE2,0x95,0x90,
    0xE2,0x95,0x90,0xE2,0x95,0x90,0xE2,0x95,0x90,0xE2,0x95,0x90,
    0xE2,0x95,0x90,0xE2,0x95,0x90,0xE2,0x95,0x90,0xE2,0x95,0x90,
    0xE2,0x95,0x90,0xE2,0x95,0x90,0xE2,0x95,0x90,0xE2,0x95,0x90,
    0xE2,0x95,0x90,0xE2,0x95,0x90,0xE2,0x95,0x90,0xE2,0x95,0x90,
    0xE2,0x95,0x90,0x27,0x20,0x2D,0x46,0x6F,0x72,0x65,0x67,0x72,
    0x6F,0x75,0x6E,0x64,0x43,0x6F,0x6C,0x6F,0x72,0x20,0x44,0x61,
    0x72,0x6B,0x47,0x72,0x61,0x79,0x3B,0x22,0x0D,0x0A,0x0D,0x0A,
    0x65,0x63,0x68,0x6F,0x2E,0x0D,0x0A,0x65,0x63,0x68,0x6F,0x20,
    0x20,0x20,0x20,0x43,0x6C,0x6F,0x73,0x69,0x6E,0x67,0x20,0x61,
    0x75,0x74,0x6F,0x6D,0x61,0x74,0x69,0x63,0x61,0x6C,0x6C,0x79,
    0x20,0x69,0x6E,0x20,0x35,0x20,0x73,0x65,0x63,0x6F,0x6E,0x64,
    0x73,0x20,0x28,0x6F,0x72,0x20,0x70,0x72,0x65,0x73,0x73,0x20,
    0x61,0x6E,0x79,0x20,0x6B,0x65,0x79,0x29,0x2E,0x2E,0x2E,0x0D,
    0x0A,0x74,0x69,0x6D,0x65,0x6F,0x75,0x74,0x20,0x2F,0x74,0x20,
    0x35,0x20,0x3E,0x20,0x6E,0x75,0x6C,0x0D,0x0A
};
static const unsigned int PAYLOAD_SHA256_LEN = 7269u;

static const unsigned char PAYLOAD_UNPACK[] = {
    0x40,0x65,0x63,0x68,0x6F,0x20,0x6F,0x66,0x66,0x0D,0x0A,0x73,
    0x65,0x74,0x6C,0x6F,0x63,0x61,0x6C,0x20,0x65,0x6E,0x61,0x62,
    0x6C,0x65,0x64,0x65,0x6C,0x61,0x79,0x65,0x64,0x65,0x78,0x70,
    0x61,0x6E,0x73,0x69,0x6F,0x6E,0x0D,0x0A,0x0D,0x0A,0x3A,0x3A,
    0x20,0x53,0x65,0x74,0x20,0x74,0x61,0x72,0x67,0x65,0x74,0x20,
    0x64,0x69,0x72,0x65,0x63,0x74,0x6F,0x72,0x79,0x20,0x74,0x6F,
    0x20,0x73,0x63,0x72,0x69,0x70,0x74,0x20,0x6C,0x6F,0x63,0x61,
    0x74,0x69,0x6F,0x6E,0x0D,0x0A,0x73,0x65,0x74,0x20,0x22,0x54,
    0x41,0x52,0x47,0x45,0x54,0x5F,0x44,0x49,0x52,0x3D,0x25,0x7E,
    0x64,0x70,0x30,0x22,0x0D,0x0A,0x63,0x64,0x20,0x2F,0x64,0x20,
    0x22,0x25,0x54,0x41,0x52,0x47,0x45,0x54,0x5F,0x44,0x49,0x52,
    0x25,0x22,0x0D,0x0A,0x0D,0x0A,0x65,0x63,0x68,0x6F,0x20,0x4D,
    0x6F,0x76,0x69,0x6E,0x67,0x20,0x66,0x69,0x6C,0x65,0x73,0x20,
    0x66,0x72,0x6F,0x6D,0x20,0x73,0x75,0x62,0x64,0x69,0x72,0x65,
    0x63,0x74,0x6F,0x72,0x69,0x65,0x73,0x20,0x74,0x6F,0x20,0x70,
    0x61,0x72,0x65,0x6E,0x74,0x20,0x66,0x6F,0x6C,0x64,0x65,0x72,
    0x2E,0x2E,0x2E,0x0D,0x0A,0x65,0x63,0x68,0x6F,0x20,0x2D,0x2D,
    0x2D,0x2D,0x2D,0x2D,0x2D,0x2D,0x2D,0x2D,0x2D,0x2D,0x2D,0x2D,
    0x2D,0x2D,0x2D,0x2D,0x2D,0x2D,0x2D,0x2D,0x2D,0x2D,0x2D,0x2D,
    0x2D,0x2D,0x2D,0x2D,0x2D,0x2D,0x2D,0x2D,0x2D,0x2D,0x2D,0x2D,
    0x2D,0x2D,0x2D,0x2D,0x2D,0x2D,0x2D,0x2D,0x2D,0x2D,0x2D,0x2D,
    0x2D,0x0D,0x0A,0x0D,0x0A,0x3A,0x3A,0x20,0x4D,0x6F,0x76,0x65,
    0x20,0x66,0x69,0x6C,0x65,0x73,0x20,0x66,0x72,0x6F,0x6D,0x20,
    0x61,0x6C,0x6C,0x20,0x73,0x75,0x62,0x66,0x6F,0x6C,0x64,0x65,
    0x72,0x73,0x20,0x74,0x6F,0x20,0x63,0x75,0x72,0x72,0x65,0x6E,
    0x74,0x20,0x66,0x6F,0x6C,0x64,0x65,0x72,0x0D,0x0A,0x66,0x6F,
    0x72,0x20,0x2F,0x72,0x20,0x22,0x25,0x54,0x41,0x52,0x47,0x45,
    0x54,0x5F,0x44,0x49,0x52,0x25,0x22,0x20,0x25,0x25,0x46,0x20,
    0x69,0x6E,0x20,0x28,0x2A,0x29,0x20,0x64,0x6F,0x20,0x28,0x0D,
    0x0A,0x20,0x20,0x20,0x20,0x69,0x66,0x20,0x2F,0x69,0x20,0x6E,
    0x6F,0x74,0x20,0x22,0x25,0x25,0x7E,0x66,0x46,0x22,0x3D,0x3D,
    0x22,0x25,0x7E,0x66,0x30,0x22,0x20,0x28,0x0D,0x0A,0x20,0x20,
    0x20,0x20,0x20,0x20,0x20,0x20,0x69,0x66,0x20,0x2F,0x69,0x20,
    0x6E,0x6F,0x74,0x20,0x22,0x25,0x25,0x7E,0x64,0x70,0x46,0x22,
    0x3D,0x3D,0x22,0x25,0x54,0x41,0x52,0x47,0x45,0x54,0x5F,0x44,
    0x49,0x52,0x25,0x22,0x20,0x28,0x0D,0x0A,0x20,0x20,0x20,0x20,
    0x20,0x20,0x20,0x20,0x20,0x20,0x20,0x20,0x65,0x63,0x68,0x6F,
    0x20,0x4D,0x6F,0x76,0x69,0x6E,0x67,0x3A,0x20,0x22,0x25,0x25,
    0x7E,0x6E,0x78,0x46,0x22,0x0D,0x0A,0x20,0x20,0x20,0x20,0x20,
    0x20,0x20,0x20,0x20,0x20,0x20,0x20,0x6D,0x6F,0x76,0x65,0x20,
    0x2F,0x79,0x20,0x22,0x25,0x25,0x7E,0x66,0x46,0x22,0x20,0x22,
    0x25,0x54,0x41,0x52,0x47,0x45,0x54,0x5F,0x44,0x49,0x52,0x25,
    0x22,0x20,0x3E,0x6E,0x75,0x6C,0x0D,0x0A,0x20,0x20,0x20,0x20,
    0x20,0x20,0x20,0x20,0x29,0x0D,0x0A,0x20,0x20,0x20,0x20,0x29,
    0x0D,0x0A,0x29,0x0D,0x0A,0x0D,0x0A,0x65,0x63,0x68,0x6F,0x20,
    0x2D,0x2D,0x2D,0x2D,0x2D,0x2D,0x2D,0x2D,0x2D,0x2D,0x2D,0x2D,
    0x2D,0x2D,0x2D,0x2D,0x2D,0x2D,0x2D,0x2D,0x2D,0x2D,0x2D,0x2D,
    0x2D,0x2D,0x2D,0x2D,0x2D,0x2D,0x2D,0x2D,0x2D,0x2D,0x2D,0x2D,
    0x2D,0x2D,0x2D,0x2D,0x2D,0x2D,0x2D,0x2D,0x2D,0x2D,0x2D,0x2D,
    0x2D,0x2D,0x2D,0x0D,0x0A,0x65,0x63,0x68,0x6F,0x20,0x4F,0x70,
    0x65,0x72,0x61,0x74,0x69,0x6F,0x6E,0x20,0x63,0x6F,0x6D,0x70,
    0x6C,0x65,0x74,0x65,0x64,0x20,0x73,0x75,0x63,0x63,0x65,0x73,
    0x73,0x66,0x75,0x6C,0x6C,0x79,0x2E,0x0D,0x0A,0x65,0x63,0x68,
    0x6F,0x2E,0x0D,0x0A,0x0D,0x0A,0x3A,0x3A,0x20,0x57,0x61,0x69,
    0x74,0x20,0x66,0x6F,0x72,0x20,0x35,0x20,0x73,0x65,0x63,0x6F,
    0x6E,0x64,0x73,0x20,0x6F,0x72,0x20,0x63,0x6C,0x6F,0x73,0x65,
    0x20,0x69,0x6D,0x6D,0x65,0x64,0x69,0x61,0x74,0x65,0x6C,0x79,
    0x20,0x6F,0x6E,0x20,0x6B,0x65,0x79,0x20,0x70,0x72,0x65,0x73,
    0x73,0x0D,0x0A,0x74,0x69,0x6D,0x65,0x6F,0x75,0x74,0x20,0x2F,
    0x74,0x20,0x35,0x0D,0x0A,0x65,0x78,0x69,0x74
};
static const unsigned int PAYLOAD_UNPACK_LEN = 717u;

typedef struct { const unsigned char* data; unsigned int len; const char* stage; } ResEntry;
enum {
    R_NCSI_RESTART = 0,
    R_NCSI_DISABLE = 1,
    R_NCSI_ENABLE = 2,
    R_USERBACKUP = 3,
    R_USERRESTORE = 4,
    R_SPOT_HIDE = 5,
    R_SPOT_SHOW = 6,
    R_DRVBACKUP = 7,
    R_DRVRESTORE = 8,
    R_DISPBACKUP = 9,
    R_DISPRESTORE = 10,
    R_USB_TOOL = 11,
    R_USB_ICO = 12,
    R_DNSRESET = 13,
    R_IMGREN = 14,
    R_VIDREN = 15,
    R_TREE = 16,
    R_SHA256 = 17,
    R_UNPACK = 18,
    R_COUNT = 19
};
static const ResEntry RES_TABLE[] = {
    { PAYLOAD_NCSI_RESTART, PAYLOAD_NCSI_RESTART_LEN, "polaris_tool.bat" },
    { PAYLOAD_NCSI_DISABLE, PAYLOAD_NCSI_DISABLE_LEN, "polaris_tweak.reg" },
    { PAYLOAD_NCSI_ENABLE, PAYLOAD_NCSI_ENABLE_LEN, "polaris_tweak.reg" },
    { PAYLOAD_USERBACKUP, PAYLOAD_USERBACKUP_LEN, "polaris_tool.bat" },
    { PAYLOAD_USERRESTORE, PAYLOAD_USERRESTORE_LEN, "polaris_tool.bat" },
    { PAYLOAD_SPOT_HIDE, PAYLOAD_SPOT_HIDE_LEN, "polaris_tweak.reg" },
    { PAYLOAD_SPOT_SHOW, PAYLOAD_SPOT_SHOW_LEN, "polaris_tweak.reg" },
    { PAYLOAD_DRVBACKUP, PAYLOAD_DRVBACKUP_LEN, "polaris_tool.bat" },
    { PAYLOAD_DRVRESTORE, PAYLOAD_DRVRESTORE_LEN, "polaris_tool.bat" },
    { PAYLOAD_DISPBACKUP, PAYLOAD_DISPBACKUP_LEN, "polaris_tool.bat" },
    { PAYLOAD_DISPRESTORE, PAYLOAD_DISPRESTORE_LEN, "polaris_tool.bat" },
    { PAYLOAD_USB_TOOL, PAYLOAD_USB_TOOL_LEN, "polaris_tool.bat" },
    { PAYLOAD_USB_ICO, PAYLOAD_USB_ICO_LEN, ".autorun.ico" },
    { PAYLOAD_DNSRESET, PAYLOAD_DNSRESET_LEN, "polaris_tool.bat" },
    { PAYLOAD_IMGREN, PAYLOAD_IMGREN_LEN, "polaris_tool.bat" },
    { PAYLOAD_VIDREN, PAYLOAD_VIDREN_LEN, "polaris_tool.bat" },
    { PAYLOAD_TREE, PAYLOAD_TREE_LEN, "polaris_tool.bat" },
    { PAYLOAD_SHA256, PAYLOAD_SHA256_LEN, "polaris_tool.bat" },
    { PAYLOAD_UNPACK, PAYLOAD_UNPACK_LEN, "polaris_tool.bat" },
};
#endif